layer	expert	picks	router_positions
0	1	0	65
0	3	0	65
0	5	0	65
0	6	0	65
0	8	0	65
0	11	0	65
0	12	0	65
0	13	0	65
0	16	0	65
0	17	0	65
0	18	0	65
0	22	0	65
0	25	0	65
0	26	0	65
0	27	0	65
0	28	0	65
0	29	0	65
0	30	0	65
0	31	0	65
0	33	0	65
0	35	0	65
0	38	0	65
0	39	0	65
0	40	0	65
0	41	0	65
0	45	0	65
0	47	0	65
0	48	0	65
0	50	0	65
0	51	0	65
0	53	0	65
0	55	0	65
0	56	0	65
0	57	0	65
0	59	0	65
0	60	0	65
0	63	0	65
0	69	0	65
0	72	0	65
0	74	0	65
0	75	0	65
0	76	0	65
0	78	0	65
0	81	0	65
0	82	0	65
0	84	0	65
0	85	0	65
0	86	0	65
0	87	0	65
0	94	0	65
0	101	0	65
0	102	0	65
0	103	0	65
0	104	0	65
0	105	0	65
0	107	0	65
0	108	0	65
0	110	0	65
0	112	0	65
0	113	0	65
0	114	0	65
0	115	0	65
0	116	0	65
0	118	0	65
0	121	0	65
0	124	0	65
0	125	0	65
0	127	0	65
0	128	0	65
0	133	0	65
0	134	0	65
0	135	0	65
0	137	0	65
0	140	0	65
0	141	0	65
0	143	0	65
0	145	0	65
0	146	0	65
0	151	0	65
0	152	0	65
0	153	0	65
0	154	0	65
0	155	0	65
0	157	0	65
0	158	0	65
0	159	0	65
0	163	0	65
0	166	0	65
0	172	0	65
0	177	0	65
0	179	0	65
0	181	0	65
0	182	0	65
0	183	0	65
0	185	0	65
0	188	0	65
0	189	0	65
0	191	0	65
0	193	0	65
0	194	0	65
0	199	0	65
0	201	0	65
0	202	0	65
0	204	0	65
0	206	0	65
0	210	0	65
0	212	0	65
0	216	0	65
0	217	0	65
0	225	0	65
0	227	0	65
0	229	0	65
0	231	0	65
0	232	0	65
0	234	0	65
0	236	0	65
0	237	0	65
0	240	0	65
0	241	0	65
0	244	0	65
0	245	0	65
0	246	0	65
0	248	0	65
0	250	0	65
0	252	0	65
0	253	0	65
0	254	0	65
0	255	0	65
0	256	0	65
0	259	0	65
0	260	0	65
0	263	0	65
0	266	0	65
0	268	0	65
0	269	0	65
0	271	0	65
0	273	0	65
0	276	0	65
0	279	0	65
0	281	0	65
0	283	0	65
0	284	0	65
0	285	0	65
0	286	0	65
0	287	0	65
0	288	0	65
0	291	0	65
0	292	0	65
0	295	0	65
0	296	0	65
0	297	0	65
0	298	0	65
0	299	0	65
0	300	0	65
0	303	0	65
0	306	0	65
0	307	0	65
0	310	0	65
0	311	0	65
0	313	0	65
0	314	0	65
0	315	0	65
0	318	0	65
0	322	0	65
0	323	0	65
0	328	0	65
0	329	0	65
0	332	0	65
0	335	0	65
0	336	0	65
0	341	0	65
0	343	0	65
0	344	0	65
0	345	0	65
0	350	0	65
0	351	0	65
0	354	0	65
0	355	0	65
0	357	0	65
0	361	0	65
0	363	0	65
0	364	0	65
0	365	0	65
0	372	0	65
0	374	0	65
0	375	0	65
0	382	0	65
0	387	0	65
0	388	0	65
0	389	0	65
0	390	0	65
0	391	0	65
0	394	0	65
0	396	0	65
0	397	0	65
0	402	0	65
0	405	0	65
0	407	0	65
0	408	0	65
0	410	0	65
0	413	0	65
0	417	0	65
0	418	0	65
0	420	0	65
0	421	0	65
0	422	0	65
0	423	0	65
0	424	0	65
0	428	0	65
0	429	0	65
0	431	0	65
0	432	0	65
0	433	0	65
0	436	0	65
0	437	0	65
0	438	0	65
0	440	0	65
0	443	0	65
0	445	0	65
0	447	0	65
0	449	0	65
0	450	0	65
0	451	0	65
0	452	0	65
0	454	0	65
0	455	0	65
0	456	0	65
0	457	0	65
0	460	0	65
0	461	0	65
0	465	0	65
0	467	0	65
0	469	0	65
0	472	0	65
0	476	0	65
0	477	0	65
0	478	0	65
0	480	0	65
0	482	0	65
0	484	0	65
0	486	0	65
0	487	0	65
0	488	0	65
0	490	0	65
0	491	0	65
0	493	0	65
0	494	0	65
0	496	0	65
0	497	0	65
0	498	0	65
0	499	0	65
0	502	0	65
0	503	0	65
0	506	0	65
0	507	0	65
0	508	0	65
0	509	0	65
0	510	0	65
0	511	0	65
1	1	0	65
1	2	0	65
1	5	0	65
1	7	0	65
1	8	0	65
1	10	0	65
1	11	0	65
1	12	0	65
1	14	0	65
1	17	0	65
1	21	0	65
1	22	0	65
1	24	0	65
1	25	0	65
1	26	0	65
1	27	0	65
1	28	0	65
1	30	0	65
1	31	0	65
1	33	0	65
1	35	0	65
1	36	0	65
1	37	0	65
1	38	0	65
1	41	0	65
1	43	0	65
1	45	0	65
1	46	0	65
1	47	0	65
1	49	0	65
1	52	0	65
1	55	0	65
1	56	0	65
1	63	0	65
1	64	0	65
1	65	0	65
1	66	0	65
1	69	0	65
1	72	0	65
1	73	0	65
1	75	0	65
1	77	0	65
1	78	0	65
1	79	0	65
1	81	0	65
1	83	0	65
1	84	0	65
1	89	0	65
1	90	0	65
1	91	0	65
1	92	0	65
1	94	0	65
1	96	0	65
1	99	0	65
1	101	0	65
1	102	0	65
1	103	0	65
1	104	0	65
1	105	0	65
1	106	0	65
1	107	0	65
1	109	0	65
1	110	0	65
1	111	0	65
1	114	0	65
1	116	0	65
1	117	0	65
1	118	0	65
1	120	0	65
1	121	0	65
1	122	0	65
1	124	0	65
1	126	0	65
1	127	0	65
1	129	0	65
1	130	0	65
1	133	0	65
1	136	0	65
1	138	0	65
1	139	0	65
1	140	0	65
1	141	0	65
1	142	0	65
1	144	0	65
1	145	0	65
1	146	0	65
1	147	0	65
1	148	0	65
1	150	0	65
1	151	0	65
1	153	0	65
1	155	0	65
1	159	0	65
1	161	0	65
1	166	0	65
1	167	0	65
1	168	0	65
1	169	0	65
1	170	0	65
1	171	0	65
1	173	0	65
1	174	0	65
1	177	0	65
1	180	0	65
1	182	0	65
1	185	0	65
1	186	0	65
1	187	0	65
1	188	0	65
1	190	0	65
1	193	0	65
1	196	0	65
1	197	0	65
1	198	0	65
1	199	0	65
1	200	0	65
1	201	0	65
1	202	0	65
1	204	0	65
1	205	0	65
1	207	0	65
1	208	0	65
1	210	0	65
1	213	0	65
1	214	0	65
1	217	0	65
1	219	0	65
1	220	0	65
1	221	0	65
1	222	0	65
1	223	0	65
1	227	0	65
1	228	0	65
1	231	0	65
1	232	0	65
1	234	0	65
1	236	0	65
1	239	0	65
1	241	0	65
1	245	0	65
1	246	0	65
1	247	0	65
1	248	0	65
1	249	0	65
1	252	0	65
1	253	0	65
1	254	0	65
1	255	0	65
1	256	0	65
1	258	0	65
1	260	0	65
1	262	0	65
1	263	0	65
1	266	0	65
1	267	0	65
1	268	0	65
1	271	0	65
1	272	0	65
1	275	0	65
1	276	0	65
1	277	0	65
1	278	0	65
1	279	0	65
1	280	0	65
1	281	0	65
1	282	0	65
1	284	0	65
1	285	0	65
1	286	0	65
1	288	0	65
1	290	0	65
1	292	0	65
1	295	0	65
1	296	0	65
1	297	0	65
1	298	0	65
1	300	0	65
1	303	0	65
1	307	0	65
1	308	0	65
1	309	0	65
1	311	0	65
1	312	0	65
1	313	0	65
1	314	0	65
1	315	0	65
1	317	0	65
1	318	0	65
1	321	0	65
1	322	0	65
1	323	0	65
1	325	0	65
1	326	0	65
1	327	0	65
1	328	0	65
1	330	0	65
1	331	0	65
1	332	0	65
1	333	0	65
1	335	0	65
1	336	0	65
1	337	0	65
1	338	0	65
1	339	0	65
1	340	0	65
1	343	0	65
1	344	0	65
1	346	0	65
1	347	0	65
1	348	0	65
1	350	0	65
1	353	0	65
1	354	0	65
1	355	0	65
1	356	0	65
1	357	0	65
1	358	0	65
1	359	0	65
1	360	0	65
1	361	0	65
1	362	0	65
1	364	0	65
1	365	0	65
1	369	0	65
1	371	0	65
1	372	0	65
1	374	0	65
1	375	0	65
1	376	0	65
1	377	0	65
1	379	0	65
1	380	0	65
1	381	0	65
1	382	0	65
1	384	0	65
1	386	0	65
1	387	0	65
1	388	0	65
1	390	0	65
1	392	0	65
1	393	0	65
1	395	0	65
1	396	0	65
1	398	0	65
1	399	0	65
1	401	0	65
1	404	0	65
1	406	0	65
1	407	0	65
1	408	0	65
1	409	0	65
1	411	0	65
1	413	0	65
1	416	0	65
1	417	0	65
1	418	0	65
1	419	0	65
1	421	0	65
1	422	0	65
1	424	0	65
1	425	0	65
1	428	0	65
1	430	0	65
1	432	0	65
1	433	0	65
1	436	0	65
1	437	0	65
1	438	0	65
1	439	0	65
1	441	0	65
1	443	0	65
1	444	0	65
1	448	0	65
1	449	0	65
1	450	0	65
1	453	0	65
1	455	0	65
1	457	0	65
1	458	0	65
1	459	0	65
1	460	0	65
1	461	0	65
1	462	0	65
1	463	0	65
1	464	0	65
1	466	0	65
1	468	0	65
1	469	0	65
1	470	0	65
1	472	0	65
1	473	0	65
1	474	0	65
1	478	0	65
1	479	0	65
1	480	0	65
1	485	0	65
1	486	0	65
1	488	0	65
1	490	0	65
1	492	0	65
1	494	0	65
1	496	0	65
1	497	0	65
1	500	0	65
1	501	0	65
1	502	0	65
1	503	0	65
1	506	0	65
1	507	0	65
1	508	0	65
1	510	0	65
1	511	0	65
2	0	0	65
2	1	0	65
2	2	0	65
2	3	0	65
2	6	0	65
2	7	0	65
2	8	0	65
2	11	0	65
2	13	0	65
2	14	0	65
2	15	0	65
2	16	0	65
2	17	0	65
2	18	0	65
2	19	0	65
2	21	0	65
2	23	0	65
2	24	0	65
2	25	0	65
2	29	0	65
2	31	0	65
2	32	0	65
2	33	0	65
2	34	0	65
2	35	0	65
2	38	0	65
2	40	0	65
2	41	0	65
2	43	0	65
2	45	0	65
2	46	0	65
2	47	0	65
2	48	0	65
2	52	0	65
2	53	0	65
2	54	0	65
2	56	0	65
2	58	0	65
2	59	0	65
2	62	0	65
2	65	0	65
2	66	0	65
2	67	0	65
2	68	0	65
2	70	0	65
2	76	0	65
2	78	0	65
2	80	0	65
2	82	0	65
2	85	0	65
2	90	0	65
2	91	0	65
2	92	0	65
2	93	0	65
2	94	0	65
2	95	0	65
2	98	0	65
2	102	0	65
2	103	0	65
2	104	0	65
2	108	0	65
2	110	0	65
2	111	0	65
2	115	0	65
2	116	0	65
2	117	0	65
2	118	0	65
2	119	0	65
2	120	0	65
2	121	0	65
2	122	0	65
2	123	0	65
2	124	0	65
2	125	0	65
2	126	0	65
2	128	0	65
2	129	0	65
2	131	0	65
2	132	0	65
2	133	0	65
2	136	0	65
2	140	0	65
2	141	0	65
2	143	0	65
2	144	0	65
2	145	0	65
2	146	0	65
2	147	0	65
2	148	0	65
2	150	0	65
2	151	0	65
2	152	0	65
2	153	0	65
2	155	0	65
2	157	0	65
2	159	0	65
2	161	0	65
2	163	0	65
2	165	0	65
2	166	0	65
2	167	0	65
2	170	0	65
2	171	0	65
2	172	0	65
2	173	0	65
2	174	0	65
2	175	0	65
2	176	0	65
2	178	0	65
2	179	0	65
2	180	0	65
2	182	0	65
2	183	0	65
2	184	0	65
2	187	0	65
2	188	0	65
2	189	0	65
2	190	0	65
2	191	0	65
2	193	0	65
2	194	0	65
2	195	0	65
2	199	0	65
2	200	0	65
2	201	0	65
2	202	0	65
2	203	0	65
2	204	0	65
2	205	0	65
2	206	0	65
2	208	0	65
2	212	0	65
2	214	0	65
2	216	0	65
2	217	0	65
2	218	0	65
2	219	0	65
2	221	0	65
2	223	0	65
2	225	0	65
2	227	0	65
2	228	0	65
2	229	0	65
2	231	0	65
2	239	0	65
2	241	0	65
2	242	0	65
2	243	0	65
2	244	0	65
2	245	0	65
2	246	0	65
2	247	0	65
2	248	0	65
2	253	0	65
2	254	0	65
2	255	0	65
2	262	0	65
2	265	0	65
2	266	0	65
2	267	0	65
2	269	0	65
2	271	0	65
2	274	0	65
2	275	0	65
2	277	0	65
2	278	0	65
2	279	0	65
2	281	0	65
2	282	0	65
2	283	0	65
2	284	0	65
2	285	0	65
2	288	0	65
2	289	0	65
2	290	0	65
2	291	0	65
2	293	0	65
2	296	0	65
2	297	0	65
2	298	0	65
2	299	0	65
2	300	0	65
2	301	0	65
2	302	0	65
2	304	0	65
2	305	0	65
2	306	0	65
2	311	0	65
2	314	0	65
2	318	0	65
2	320	0	65
2	321	0	65
2	324	0	65
2	326	0	65
2	327	0	65
2	328	0	65
2	329	0	65
2	330	0	65
2	331	0	65
2	332	0	65
2	333	0	65
2	334	0	65
2	335	0	65
2	336	0	65
2	337	0	65
2	340	0	65
2	343	0	65
2	344	0	65
2	345	0	65
2	347	0	65
2	349	0	65
2	350	0	65
2	352	0	65
2	353	0	65
2	354	0	65
2	355	0	65
2	356	0	65
2	357	0	65
2	358	0	65
2	362	0	65
2	365	0	65
2	366	0	65
2	368	0	65
2	369	0	65
2	373	0	65
2	374	0	65
2	375	0	65
2	376	0	65
2	377	0	65
2	378	0	65
2	379	0	65
2	381	0	65
2	383	0	65
2	384	0	65
2	385	0	65
2	386	0	65
2	387	0	65
2	388	0	65
2	389	0	65
2	390	0	65
2	392	0	65
2	394	0	65
2	395	0	65
2	397	0	65
2	398	0	65
2	400	0	65
2	401	0	65
2	402	0	65
2	404	0	65
2	405	0	65
2	407	0	65
2	408	0	65
2	409	0	65
2	410	0	65
2	411	0	65
2	412	0	65
2	413	0	65
2	415	0	65
2	419	0	65
2	420	0	65
2	422	0	65
2	423	0	65
2	424	0	65
2	425	0	65
2	426	0	65
2	428	0	65
2	429	0	65
2	431	0	65
2	434	0	65
2	436	0	65
2	438	0	65
2	440	0	65
2	441	0	65
2	442	0	65
2	446	0	65
2	447	0	65
2	448	0	65
2	450	0	65
2	453	0	65
2	454	0	65
2	455	0	65
2	456	0	65
2	457	0	65
2	458	0	65
2	459	0	65
2	460	0	65
2	461	0	65
2	462	0	65
2	463	0	65
2	464	0	65
2	465	0	65
2	466	0	65
2	467	0	65
2	468	0	65
2	469	0	65
2	471	0	65
2	473	0	65
2	474	0	65
2	476	0	65
2	477	0	65
2	478	0	65
2	480	0	65
2	482	0	65
2	485	0	65
2	486	0	65
2	487	0	65
2	488	0	65
2	489	0	65
2	491	0	65
2	492	0	65
2	498	0	65
2	499	0	65
2	501	0	65
2	504	0	65
2	506	0	65
2	507	0	65
2	508	0	65
2	509	0	65
2	510	0	65
3	0	0	65
3	2	0	65
3	4	0	65
3	5	0	65
3	6	0	65
3	7	0	65
3	9	0	65
3	10	0	65
3	12	0	65
3	15	0	65
3	16	0	65
3	17	0	65
3	19	0	65
3	20	0	65
3	21	0	65
3	22	0	65
3	23	0	65
3	25	0	65
3	27	0	65
3	28	0	65
3	30	0	65
3	31	0	65
3	32	0	65
3	33	0	65
3	34	0	65
3	35	0	65
3	36	0	65
3	37	0	65
3	38	0	65
3	39	0	65
3	40	0	65
3	41	0	65
3	42	0	65
3	43	0	65
3	44	0	65
3	46	0	65
3	47	0	65
3	48	0	65
3	50	0	65
3	51	0	65
3	52	0	65
3	53	0	65
3	54	0	65
3	55	0	65
3	56	0	65
3	57	0	65
3	58	0	65
3	59	0	65
3	60	0	65
3	62	0	65
3	63	0	65
3	65	0	65
3	67	0	65
3	68	0	65
3	69	0	65
3	70	0	65
3	71	0	65
3	72	0	65
3	73	0	65
3	74	0	65
3	75	0	65
3	76	0	65
3	77	0	65
3	79	0	65
3	80	0	65
3	81	0	65
3	83	0	65
3	84	0	65
3	86	0	65
3	89	0	65
3	91	0	65
3	92	0	65
3	93	0	65
3	95	0	65
3	96	0	65
3	97	0	65
3	98	0	65
3	99	0	65
3	100	0	65
3	101	0	65
3	102	0	65
3	104	0	65
3	105	0	65
3	106	0	65
3	107	0	65
3	109	0	65
3	110	0	65
3	111	0	65
3	112	0	65
3	114	0	65
3	115	0	65
3	116	0	65
3	117	0	65
3	118	0	65
3	119	0	65
3	121	0	65
3	122	0	65
3	123	0	65
3	124	0	65
3	125	0	65
3	126	0	65
3	128	0	65
3	129	0	65
3	130	0	65
3	131	0	65
3	133	0	65
3	134	0	65
3	135	0	65
3	136	0	65
3	137	0	65
3	138	0	65
3	139	0	65
3	140	0	65
3	142	0	65
3	143	0	65
3	144	0	65
3	145	0	65
3	146	0	65
3	147	0	65
3	148	0	65
3	149	0	65
3	151	0	65
3	152	0	65
3	153	0	65
3	155	0	65
3	156	0	65
3	157	0	65
3	158	0	65
3	159	0	65
3	160	0	65
3	161	0	65
3	162	0	65
3	163	0	65
3	166	0	65
3	167	0	65
3	169	0	65
3	170	0	65
3	171	0	65
3	172	0	65
3	173	0	65
3	178	0	65
3	180	0	65
3	181	0	65
3	183	0	65
3	184	0	65
3	186	0	65
3	187	0	65
3	189	0	65
3	190	0	65
3	191	0	65
3	192	0	65
3	194	0	65
3	195	0	65
3	197	0	65
3	198	0	65
3	200	0	65
3	201	0	65
3	202	0	65
3	203	0	65
3	204	0	65
3	208	0	65
3	209	0	65
3	210	0	65
3	211	0	65
3	213	0	65
3	215	0	65
3	218	0	65
3	221	0	65
3	222	0	65
3	223	0	65
3	224	0	65
3	225	0	65
3	226	0	65
3	227	0	65
3	229	0	65
3	230	0	65
3	232	0	65
3	236	0	65
3	238	0	65
3	239	0	65
3	241	0	65
3	242	0	65
3	243	0	65
3	244	0	65
3	245	0	65
3	246	0	65
3	247	0	65
3	248	0	65
3	250	0	65
3	252	0	65
3	254	0	65
3	256	0	65
3	257	0	65
3	258	0	65
3	259	0	65
3	260	0	65
3	261	0	65
3	266	0	65
3	270	0	65
3	271	0	65
3	273	0	65
3	275	0	65
3	276	0	65
3	278	0	65
3	280	0	65
3	284	0	65
3	285	0	65
3	286	0	65
3	287	0	65
3	288	0	65
3	290	0	65
3	291	0	65
3	292	0	65
3	294	0	65
3	295	0	65
3	296	0	65
3	299	0	65
3	300	0	65
3	301	0	65
3	302	0	65
3	303	0	65
3	304	0	65
3	305	0	65
3	307	0	65
3	308	0	65
3	309	0	65
3	311	0	65
3	312	0	65
3	313	0	65
3	314	0	65
3	315	0	65
3	316	0	65
3	317	0	65
3	318	0	65
3	319	0	65
3	320	0	65
3	321	0	65
3	322	0	65
3	323	0	65
3	324	0	65
3	325	0	65
3	326	0	65
3	327	0	65
3	329	0	65
3	330	0	65
3	332	0	65
3	334	0	65
3	337	0	65
3	341	0	65
3	343	0	65
3	344	0	65
3	345	0	65
3	347	0	65
3	348	0	65
3	349	0	65
3	350	0	65
3	351	0	65
3	352	0	65
3	353	0	65
3	355	0	65
3	356	0	65
3	358	0	65
3	359	0	65
3	360	0	65
3	361	0	65
3	364	0	65
3	365	0	65
3	366	0	65
3	368	0	65
3	369	0	65
3	370	0	65
3	371	0	65
3	372	0	65
3	375	0	65
3	376	0	65
3	377	0	65
3	378	0	65
3	380	0	65
3	382	0	65
3	386	0	65
3	387	0	65
3	389	0	65
3	390	0	65
3	391	0	65
3	392	0	65
3	393	0	65
3	395	0	65
3	396	0	65
3	398	0	65
3	400	0	65
3	401	0	65
3	404	0	65
3	406	0	65
3	407	0	65
3	409	0	65
3	410	0	65
3	411	0	65
3	412	0	65
3	413	0	65
3	414	0	65
3	415	0	65
3	417	0	65
3	419	0	65
3	420	0	65
3	421	0	65
3	422	0	65
3	426	0	65
3	427	0	65
3	428	0	65
3	429	0	65
3	431	0	65
3	432	0	65
3	434	0	65
3	435	0	65
3	438	0	65
3	439	0	65
3	440	0	65
3	441	0	65
3	442	0	65
3	443	0	65
3	445	0	65
3	446	0	65
3	447	0	65
3	448	0	65
3	449	0	65
3	451	0	65
3	452	0	65
3	453	0	65
3	454	0	65
3	456	0	65
3	457	0	65
3	458	0	65
3	459	0	65
3	460	0	65
3	461	0	65
3	462	0	65
3	464	0	65
3	466	0	65
3	467	0	65
3	471	0	65
3	472	0	65
3	473	0	65
3	477	0	65
3	478	0	65
3	479	0	65
3	480	0	65
3	481	0	65
3	482	0	65
3	483	0	65
3	484	0	65
3	485	0	65
3	486	0	65
3	487	0	65
3	488	0	65
3	491	0	65
3	492	0	65
3	493	0	65
3	494	0	65
3	496	0	65
3	497	0	65
3	498	0	65
3	500	0	65
3	501	0	65
3	502	0	65
3	504	0	65
3	506	0	65
3	508	0	65
3	509	0	65
3	511	0	65
4	1	0	65
4	4	0	65
4	6	0	65
4	7	0	65
4	8	0	65
4	10	0	65
4	11	0	65
4	12	0	65
4	13	0	65
4	15	0	65
4	16	0	65
4	17	0	65
4	18	0	65
4	20	0	65
4	21	0	65
4	22	0	65
4	23	0	65
4	24	0	65
4	25	0	65
4	29	0	65
4	30	0	65
4	31	0	65
4	32	0	65
4	33	0	65
4	36	0	65
4	37	0	65
4	38	0	65
4	40	0	65
4	43	0	65
4	44	0	65
4	45	0	65
4	46	0	65
4	47	0	65
4	48	0	65
4	49	0	65
4	50	0	65
4	51	0	65
4	52	0	65
4	53	0	65
4	56	0	65
4	57	0	65
4	58	0	65
4	61	0	65
4	62	0	65
4	68	0	65
4	69	0	65
4	70	0	65
4	71	0	65
4	72	0	65
4	73	0	65
4	75	0	65
4	76	0	65
4	78	0	65
4	79	0	65
4	81	0	65
4	83	0	65
4	84	0	65
4	86	0	65
4	87	0	65
4	88	0	65
4	89	0	65
4	90	0	65
4	92	0	65
4	93	0	65
4	94	0	65
4	95	0	65
4	97	0	65
4	98	0	65
4	99	0	65
4	100	0	65
4	101	0	65
4	103	0	65
4	105	0	65
4	107	0	65
4	109	0	65
4	111	0	65
4	112	0	65
4	118	0	65
4	119	0	65
4	121	0	65
4	122	0	65
4	124	0	65
4	125	0	65
4	126	0	65
4	127	0	65
4	128	0	65
4	129	0	65
4	132	0	65
4	133	0	65
4	134	0	65
4	135	0	65
4	136	0	65
4	137	0	65
4	138	0	65
4	140	0	65
4	141	0	65
4	142	0	65
4	143	0	65
4	144	0	65
4	145	0	65
4	146	0	65
4	148	0	65
4	150	0	65
4	151	0	65
4	154	0	65
4	155	0	65
4	157	0	65
4	158	0	65
4	159	0	65
4	160	0	65
4	162	0	65
4	163	0	65
4	164	0	65
4	165	0	65
4	167	0	65
4	170	0	65
4	171	0	65
4	172	0	65
4	173	0	65
4	176	0	65
4	177	0	65
4	178	0	65
4	179	0	65
4	180	0	65
4	181	0	65
4	182	0	65
4	183	0	65
4	185	0	65
4	186	0	65
4	187	0	65
4	188	0	65
4	189	0	65
4	190	0	65
4	191	0	65
4	192	0	65
4	193	0	65
4	194	0	65
4	195	0	65
4	197	0	65
4	198	0	65
4	199	0	65
4	200	0	65
4	201	0	65
4	202	0	65
4	203	0	65
4	204	0	65
4	205	0	65
4	206	0	65
4	207	0	65
4	208	0	65
4	210	0	65
4	211	0	65
4	212	0	65
4	213	0	65
4	214	0	65
4	215	0	65
4	217	0	65
4	218	0	65
4	219	0	65
4	220	0	65
4	224	0	65
4	225	0	65
4	226	0	65
4	227	0	65
4	228	0	65
4	229	0	65
4	230	0	65
4	231	0	65
4	232	0	65
4	234	0	65
4	235	0	65
4	237	0	65
4	238	0	65
4	239	0	65
4	242	0	65
4	243	0	65
4	244	0	65
4	246	0	65
4	247	0	65
4	248	0	65
4	250	0	65
4	251	0	65
4	253	0	65
4	254	0	65
4	255	0	65
4	256	0	65
4	258	0	65
4	260	0	65
4	261	0	65
4	262	0	65
4	263	0	65
4	264	0	65
4	268	0	65
4	269	0	65
4	270	0	65
4	271	0	65
4	273	0	65
4	274	0	65
4	275	0	65
4	276	0	65
4	277	0	65
4	278	0	65
4	279	0	65
4	280	0	65
4	281	0	65
4	282	0	65
4	283	0	65
4	284	0	65
4	285	0	65
4	286	0	65
4	288	0	65
4	289	0	65
4	290	0	65
4	291	0	65
4	292	0	65
4	293	0	65
4	297	0	65
4	298	0	65
4	300	0	65
4	301	0	65
4	302	0	65
4	303	0	65
4	304	0	65
4	305	0	65
4	312	0	65
4	313	0	65
4	315	0	65
4	317	0	65
4	318	0	65
4	319	0	65
4	320	0	65
4	321	0	65
4	322	0	65
4	324	0	65
4	326	0	65
4	327	0	65
4	328	0	65
4	330	0	65
4	331	0	65
4	332	0	65
4	333	0	65
4	335	0	65
4	336	0	65
4	339	0	65
4	341	0	65
4	342	0	65
4	343	0	65
4	344	0	65
4	347	0	65
4	348	0	65
4	349	0	65
4	350	0	65
4	351	0	65
4	352	0	65
4	353	0	65
4	354	0	65
4	355	0	65
4	356	0	65
4	360	0	65
4	361	0	65
4	362	0	65
4	363	0	65
4	364	0	65
4	365	0	65
4	366	0	65
4	367	0	65
4	368	0	65
4	369	0	65
4	370	0	65
4	371	0	65
4	372	0	65
4	374	0	65
4	375	0	65
4	376	0	65
4	378	0	65
4	379	0	65
4	380	0	65
4	381	0	65
4	383	0	65
4	384	0	65
4	385	0	65
4	387	0	65
4	388	0	65
4	390	0	65
4	391	0	65
4	392	0	65
4	394	0	65
4	395	0	65
4	396	0	65
4	398	0	65
4	400	0	65
4	401	0	65
4	402	0	65
4	403	0	65
4	404	0	65
4	407	0	65
4	408	0	65
4	411	0	65
4	412	0	65
4	413	0	65
4	415	0	65
4	416	0	65
4	418	0	65
4	419	0	65
4	420	0	65
4	421	0	65
4	422	0	65
4	424	0	65
4	425	0	65
4	426	0	65
4	427	0	65
4	429	0	65
4	430	0	65
4	431	0	65
4	434	0	65
4	435	0	65
4	437	0	65
4	438	0	65
4	439	0	65
4	441	0	65
4	442	0	65
4	443	0	65
4	444	0	65
4	446	0	65
4	447	0	65
4	448	0	65
4	450	0	65
4	451	0	65
4	452	0	65
4	454	0	65
4	455	0	65
4	456	0	65
4	457	0	65
4	458	0	65
4	459	0	65
4	460	0	65
4	461	0	65
4	462	0	65
4	463	0	65
4	464	0	65
4	466	0	65
4	467	0	65
4	468	0	65
4	469	0	65
4	470	0	65
4	472	0	65
4	473	0	65
4	474	0	65
4	475	0	65
4	476	0	65
4	477	0	65
4	478	0	65
4	479	0	65
4	481	0	65
4	483	0	65
4	486	0	65
4	487	0	65
4	489	0	65
4	490	0	65
4	491	0	65
4	492	0	65
4	494	0	65
4	497	0	65
4	498	0	65
4	502	0	65
4	503	0	65
4	504	0	65
4	509	0	65
4	510	0	65
4	511	0	65
5	0	0	65
5	3	0	65
5	6	0	65
5	8	0	65
5	9	0	65
5	10	0	65
5	12	0	65
5	13	0	65
5	16	0	65
5	17	0	65
5	18	0	65
5	19	0	65
5	20	0	65
5	22	0	65
5	23	0	65
5	24	0	65
5	25	0	65
5	28	0	65
5	30	0	65
5	31	0	65
5	35	0	65
5	38	0	65
5	39	0	65
5	40	0	65
5	41	0	65
5	42	0	65
5	43	0	65
5	44	0	65
5	45	0	65
5	48	0	65
5	50	0	65
5	51	0	65
5	53	0	65
5	55	0	65
5	58	0	65
5	59	0	65
5	60	0	65
5	62	0	65
5	63	0	65
5	64	0	65
5	65	0	65
5	70	0	65
5	72	0	65
5	73	0	65
5	76	0	65
5	77	0	65
5	78	0	65
5	81	0	65
5	83	0	65
5	84	0	65
5	86	0	65
5	87	0	65
5	88	0	65
5	91	0	65
5	92	0	65
5	95	0	65
5	97	0	65
5	99	0	65
5	100	0	65
5	101	0	65
5	102	0	65
5	103	0	65
5	104	0	65
5	105	0	65
5	108	0	65
5	111	0	65
5	112	0	65
5	113	0	65
5	114	0	65
5	116	0	65
5	117	0	65
5	121	0	65
5	122	0	65
5	123	0	65
5	124	0	65
5	126	0	65
5	127	0	65
5	128	0	65
5	129	0	65
5	130	0	65
5	132	0	65
5	133	0	65
5	135	0	65
5	137	0	65
5	138	0	65
5	139	0	65
5	140	0	65
5	143	0	65
5	144	0	65
5	147	0	65
5	148	0	65
5	149	0	65
5	150	0	65
5	151	0	65
5	152	0	65
5	154	0	65
5	155	0	65
5	156	0	65
5	157	0	65
5	162	0	65
5	164	0	65
5	165	0	65
5	166	0	65
5	167	0	65
5	168	0	65
5	170	0	65
5	171	0	65
5	173	0	65
5	174	0	65
5	175	0	65
5	176	0	65
5	177	0	65
5	178	0	65
5	179	0	65
5	181	0	65
5	182	0	65
5	183	0	65
5	184	0	65
5	186	0	65
5	188	0	65
5	189	0	65
5	192	0	65
5	193	0	65
5	194	0	65
5	195	0	65
5	196	0	65
5	197	0	65
5	198	0	65
5	199	0	65
5	200	0	65
5	203	0	65
5	205	0	65
5	207	0	65
5	208	0	65
5	209	0	65
5	211	0	65
5	212	0	65
5	213	0	65
5	214	0	65
5	217	0	65
5	218	0	65
5	219	0	65
5	221	0	65
5	222	0	65
5	223	0	65
5	225	0	65
5	226	0	65
5	227	0	65
5	230	0	65
5	231	0	65
5	232	0	65
5	234	0	65
5	235	0	65
5	237	0	65
5	238	0	65
5	239	0	65
5	240	0	65
5	242	0	65
5	243	0	65
5	244	0	65
5	245	0	65
5	246	0	65
5	249	0	65
5	250	0	65
5	252	0	65
5	254	0	65
5	256	0	65
5	257	0	65
5	259	0	65
5	260	0	65
5	261	0	65
5	262	0	65
5	264	0	65
5	265	0	65
5	266	0	65
5	267	0	65
5	268	0	65
5	269	0	65
5	271	0	65
5	272	0	65
5	274	0	65
5	276	0	65
5	277	0	65
5	281	0	65
5	282	0	65
5	285	0	65
5	287	0	65
5	288	0	65
5	289	0	65
5	290	0	65
5	291	0	65
5	295	0	65
5	296	0	65
5	297	0	65
5	298	0	65
5	299	0	65
5	300	0	65
5	301	0	65
5	303	0	65
5	305	0	65
5	306	0	65
5	307	0	65
5	309	0	65
5	310	0	65
5	313	0	65
5	315	0	65
5	316	0	65
5	320	0	65
5	321	0	65
5	323	0	65
5	325	0	65
5	327	0	65
5	328	0	65
5	329	0	65
5	330	0	65
5	331	0	65
5	332	0	65
5	333	0	65
5	334	0	65
5	335	0	65
5	337	0	65
5	338	0	65
5	339	0	65
5	341	0	65
5	343	0	65
5	344	0	65
5	345	0	65
5	348	0	65
5	349	0	65
5	351	0	65
5	352	0	65
5	353	0	65
5	356	0	65
5	359	0	65
5	360	0	65
5	361	0	65
5	362	0	65
5	363	0	65
5	364	0	65
5	365	0	65
5	367	0	65
5	368	0	65
5	369	0	65
5	371	0	65
5	372	0	65
5	375	0	65
5	376	0	65
5	377	0	65
5	379	0	65
5	380	0	65
5	381	0	65
5	383	0	65
5	384	0	65
5	385	0	65
5	386	0	65
5	387	0	65
5	388	0	65
5	389	0	65
5	392	0	65
5	393	0	65
5	394	0	65
5	395	0	65
5	396	0	65
5	397	0	65
5	398	0	65
5	399	0	65
5	400	0	65
5	401	0	65
5	403	0	65
5	406	0	65
5	407	0	65
5	408	0	65
5	409	0	65
5	410	0	65
5	412	0	65
5	417	0	65
5	418	0	65
5	419	0	65
5	422	0	65
5	423	0	65
5	425	0	65
5	427	0	65
5	428	0	65
5	429	0	65
5	430	0	65
5	431	0	65
5	432	0	65
5	433	0	65
5	434	0	65
5	437	0	65
5	438	0	65
5	439	0	65
5	440	0	65
5	441	0	65
5	442	0	65
5	443	0	65
5	444	0	65
5	445	0	65
5	447	0	65
5	448	0	65
5	449	0	65
5	450	0	65
5	451	0	65
5	452	0	65
5	453	0	65
5	454	0	65
5	455	0	65
5	457	0	65
5	459	0	65
5	460	0	65
5	462	0	65
5	463	0	65
5	464	0	65
5	465	0	65
5	466	0	65
5	467	0	65
5	469	0	65
5	470	0	65
5	471	0	65
5	472	0	65
5	473	0	65
5	474	0	65
5	477	0	65
5	478	0	65
5	479	0	65
5	480	0	65
5	481	0	65
5	482	0	65
5	486	0	65
5	488	0	65
5	489	0	65
5	490	0	65
5	492	0	65
5	494	0	65
5	495	0	65
5	496	0	65
5	498	0	65
5	499	0	65
5	500	0	65
5	502	0	65
5	503	0	65
5	504	0	65
5	506	0	65
5	508	0	65
5	509	0	65
5	511	0	65
6	2	0	65
6	4	0	65
6	8	0	65
6	9	0	65
6	10	0	65
6	11	0	65
6	12	0	65
6	14	0	65
6	15	0	65
6	16	0	65
6	17	0	65
6	18	0	65
6	19	0	65
6	20	0	65
6	22	0	65
6	23	0	65
6	28	0	65
6	29	0	65
6	30	0	65
6	31	0	65
6	32	0	65
6	34	0	65
6	35	0	65
6	38	0	65
6	41	0	65
6	43	0	65
6	48	0	65
6	49	0	65
6	51	0	65
6	53	0	65
6	54	0	65
6	55	0	65
6	56	0	65
6	57	0	65
6	58	0	65
6	60	0	65
6	61	0	65
6	62	0	65
6	64	0	65
6	65	0	65
6	66	0	65
6	67	0	65
6	69	0	65
6	70	0	65
6	71	0	65
6	72	0	65
6	74	0	65
6	75	0	65
6	76	0	65
6	78	0	65
6	81	0	65
6	82	0	65
6	83	0	65
6	85	0	65
6	86	0	65
6	88	0	65
6	89	0	65
6	90	0	65
6	91	0	65
6	92	0	65
6	93	0	65
6	94	0	65
6	95	0	65
6	96	0	65
6	98	0	65
6	99	0	65
6	101	0	65
6	104	0	65
6	105	0	65
6	106	0	65
6	107	0	65
6	109	0	65
6	116	0	65
6	117	0	65
6	119	0	65
6	122	0	65
6	123	0	65
6	124	0	65
6	127	0	65
6	128	0	65
6	130	0	65
6	131	0	65
6	132	0	65
6	133	0	65
6	134	0	65
6	139	0	65
6	141	0	65
6	143	0	65
6	146	0	65
6	148	0	65
6	153	0	65
6	154	0	65
6	155	0	65
6	156	0	65
6	157	0	65
6	158	0	65
6	160	0	65
6	162	0	65
6	163	0	65
6	165	0	65
6	167	0	65
6	169	0	65
6	171	0	65
6	172	0	65
6	173	0	65
6	177	0	65
6	178	0	65
6	181	0	65
6	182	0	65
6	183	0	65
6	184	0	65
6	186	0	65
6	187	0	65
6	190	0	65
6	191	0	65
6	192	0	65
6	193	0	65
6	194	0	65
6	197	0	65
6	199	0	65
6	200	0	65
6	202	0	65
6	203	0	65
6	204	0	65
6	205	0	65
6	206	0	65
6	209	0	65
6	211	0	65
6	216	0	65
6	217	0	65
6	218	0	65
6	219	0	65
6	220	0	65
6	221	0	65
6	222	0	65
6	225	0	65
6	227	0	65
6	228	0	65
6	229	0	65
6	230	0	65
6	231	0	65
6	232	0	65
6	233	0	65
6	235	0	65
6	236	0	65
6	238	0	65
6	239	0	65
6	240	0	65
6	241	0	65
6	242	0	65
6	244	0	65
6	246	0	65
6	250	0	65
6	251	0	65
6	252	0	65
6	255	0	65
6	257	0	65
6	260	0	65
6	261	0	65
6	262	0	65
6	263	0	65
6	265	0	65
6	266	0	65
6	268	0	65
6	269	0	65
6	270	0	65
6	271	0	65
6	273	0	65
6	274	0	65
6	275	0	65
6	276	0	65
6	277	0	65
6	281	0	65
6	282	0	65
6	286	0	65
6	287	0	65
6	289	0	65
6	291	0	65
6	293	0	65
6	294	0	65
6	295	0	65
6	297	0	65
6	298	0	65
6	300	0	65
6	302	0	65
6	303	0	65
6	304	0	65
6	305	0	65
6	307	0	65
6	308	0	65
6	309	0	65
6	311	0	65
6	312	0	65
6	314	0	65
6	315	0	65
6	316	0	65
6	317	0	65
6	320	0	65
6	321	0	65
6	322	0	65
6	323	0	65
6	324	0	65
6	327	0	65
6	328	0	65
6	332	0	65
6	333	0	65
6	334	0	65
6	336	0	65
6	337	0	65
6	339	0	65
6	340	0	65
6	341	0	65
6	343	0	65
6	344	0	65
6	345	0	65
6	346	0	65
6	348	0	65
6	350	0	65
6	351	0	65
6	352	0	65
6	355	0	65
6	360	0	65
6	361	0	65
6	362	0	65
6	363	0	65
6	364	0	65
6	366	0	65
6	367	0	65
6	368	0	65
6	369	0	65
6	370	0	65
6	373	0	65
6	374	0	65
6	376	0	65
6	377	0	65
6	380	0	65
6	381	0	65
6	386	0	65
6	387	0	65
6	390	0	65
6	392	0	65
6	393	0	65
6	396	0	65
6	398	0	65
6	399	0	65
6	400	0	65
6	401	0	65
6	405	0	65
6	406	0	65
6	408	0	65
6	410	0	65
6	411	0	65
6	412	0	65
6	413	0	65
6	414	0	65
6	415	0	65
6	418	0	65
6	420	0	65
6	421	0	65
6	424	0	65
6	425	0	65
6	426	0	65
6	427	0	65
6	428	0	65
6	429	0	65
6	430	0	65
6	432	0	65
6	433	0	65
6	434	0	65
6	436	0	65
6	437	0	65
6	438	0	65
6	439	0	65
6	440	0	65
6	442	0	65
6	443	0	65
6	446	0	65
6	447	0	65
6	448	0	65
6	449	0	65
6	450	0	65
6	451	0	65
6	453	0	65
6	454	0	65
6	457	0	65
6	458	0	65
6	460	0	65
6	462	0	65
6	463	0	65
6	465	0	65
6	466	0	65
6	467	0	65
6	469	0	65
6	470	0	65
6	473	0	65
6	474	0	65
6	475	0	65
6	477	0	65
6	478	0	65
6	479	0	65
6	482	0	65
6	483	0	65
6	484	0	65
6	487	0	65
6	488	0	65
6	489	0	65
6	490	0	65
6	491	0	65
6	492	0	65
6	493	0	65
6	494	0	65
6	497	0	65
6	499	0	65
6	500	0	65
6	501	0	65
6	502	0	65
6	504	0	65
6	506	0	65
6	508	0	65
6	509	0	65
6	510	0	65
6	511	0	65
7	1	0	65
7	3	0	65
7	4	0	65
7	6	0	65
7	7	0	65
7	9	0	65
7	11	0	65
7	12	0	65
7	13	0	65
7	15	0	65
7	16	0	65
7	17	0	65
7	19	0	65
7	22	0	65
7	23	0	65
7	24	0	65
7	25	0	65
7	28	0	65
7	30	0	65
7	32	0	65
7	36	0	65
7	39	0	65
7	40	0	65
7	42	0	65
7	45	0	65
7	46	0	65
7	48	0	65
7	49	0	65
7	50	0	65
7	53	0	65
7	54	0	65
7	55	0	65
7	56	0	65
7	57	0	65
7	58	0	65
7	59	0	65
7	63	0	65
7	64	0	65
7	67	0	65
7	68	0	65
7	69	0	65
7	70	0	65
7	73	0	65
7	74	0	65
7	76	0	65
7	79	0	65
7	80	0	65
7	81	0	65
7	82	0	65
7	83	0	65
7	87	0	65
7	88	0	65
7	89	0	65
7	90	0	65
7	91	0	65
7	93	0	65
7	96	0	65
7	97	0	65
7	98	0	65
7	99	0	65
7	100	0	65
7	102	0	65
7	104	0	65
7	105	0	65
7	106	0	65
7	107	0	65
7	109	0	65
7	110	0	65
7	111	0	65
7	112	0	65
7	114	0	65
7	115	0	65
7	119	0	65
7	121	0	65
7	122	0	65
7	124	0	65
7	125	0	65
7	126	0	65
7	127	0	65
7	129	0	65
7	130	0	65
7	131	0	65
7	133	0	65
7	136	0	65
7	137	0	65
7	138	0	65
7	141	0	65
7	145	0	65
7	146	0	65
7	147	0	65
7	149	0	65
7	150	0	65
7	151	0	65
7	153	0	65
7	157	0	65
7	162	0	65
7	173	0	65
7	175	0	65
7	176	0	65
7	177	0	65
7	178	0	65
7	180	0	65
7	181	0	65
7	182	0	65
7	184	0	65
7	185	0	65
7	186	0	65
7	189	0	65
7	192	0	65
7	193	0	65
7	194	0	65
7	196	0	65
7	198	0	65
7	201	0	65
7	203	0	65
7	204	0	65
7	205	0	65
7	208	0	65
7	209	0	65
7	210	0	65
7	211	0	65
7	212	0	65
7	215	0	65
7	216	0	65
7	217	0	65
7	218	0	65
7	219	0	65
7	220	0	65
7	222	0	65
7	224	0	65
7	226	0	65
7	227	0	65
7	229	0	65
7	230	0	65
7	232	0	65
7	233	0	65
7	234	0	65
7	236	0	65
7	238	0	65
7	240	0	65
7	241	0	65
7	243	0	65
7	244	0	65
7	246	0	65
7	247	0	65
7	249	0	65
7	251	0	65
7	253	0	65
7	254	0	65
7	256	0	65
7	257	0	65
7	260	0	65
7	262	0	65
7	263	0	65
7	264	0	65
7	265	0	65
7	266	0	65
7	270	0	65
7	271	0	65
7	272	0	65
7	273	0	65
7	278	0	65
7	279	0	65
7	280	0	65
7	284	0	65
7	287	0	65
7	289	0	65
7	290	0	65
7	291	0	65
7	292	0	65
7	293	0	65
7	295	0	65
7	296	0	65
7	298	0	65
7	299	0	65
7	300	0	65
7	301	0	65
7	304	0	65
7	305	0	65
7	306	0	65
7	310	0	65
7	311	0	65
7	312	0	65
7	313	0	65
7	314	0	65
7	315	0	65
7	319	0	65
7	320	0	65
7	321	0	65
7	328	0	65
7	329	0	65
7	330	0	65
7	331	0	65
7	332	0	65
7	333	0	65
7	335	0	65
7	336	0	65
7	337	0	65
7	338	0	65
7	340	0	65
7	341	0	65
7	342	0	65
7	343	0	65
7	347	0	65
7	349	0	65
7	352	0	65
7	355	0	65
7	356	0	65
7	358	0	65
7	360	0	65
7	361	0	65
7	362	0	65
7	364	0	65
7	366	0	65
7	369	0	65
7	370	0	65
7	371	0	65
7	373	0	65
7	375	0	65
7	376	0	65
7	377	0	65
7	378	0	65
7	379	0	65
7	380	0	65
7	381	0	65
7	383	0	65
7	384	0	65
7	385	0	65
7	387	0	65
7	388	0	65
7	389	0	65
7	391	0	65
7	393	0	65
7	394	0	65
7	398	0	65
7	399	0	65
7	400	0	65
7	402	0	65
7	403	0	65
7	405	0	65
7	406	0	65
7	407	0	65
7	408	0	65
7	409	0	65
7	411	0	65
7	414	0	65
7	415	0	65
7	416	0	65
7	417	0	65
7	419	0	65
7	420	0	65
7	421	0	65
7	425	0	65
7	428	0	65
7	429	0	65
7	430	0	65
7	431	0	65
7	433	0	65
7	434	0	65
7	435	0	65
7	436	0	65
7	439	0	65
7	440	0	65
7	441	0	65
7	443	0	65
7	444	0	65
7	446	0	65
7	447	0	65
7	448	0	65
7	450	0	65
7	451	0	65
7	453	0	65
7	454	0	65
7	455	0	65
7	456	0	65
7	459	0	65
7	460	0	65
7	462	0	65
7	463	0	65
7	465	0	65
7	466	0	65
7	468	0	65
7	469	0	65
7	471	0	65
7	473	0	65
7	474	0	65
7	475	0	65
7	476	0	65
7	477	0	65
7	478	0	65
7	479	0	65
7	480	0	65
7	481	0	65
7	482	0	65
7	483	0	65
7	484	0	65
7	485	0	65
7	486	0	65
7	487	0	65
7	488	0	65
7	489	0	65
7	490	0	65
7	491	0	65
7	495	0	65
7	497	0	65
7	499	0	65
7	500	0	65
7	501	0	65
7	502	0	65
7	504	0	65
7	505	0	65
7	506	0	65
7	507	0	65
7	508	0	65
7	509	0	65
7	510	0	65
7	511	0	65
8	0	0	65
8	1	0	65
8	2	0	65
8	5	0	65
8	6	0	65
8	7	0	65
8	8	0	65
8	10	0	65
8	12	0	65
8	15	0	65
8	16	0	65
8	17	0	65
8	18	0	65
8	19	0	65
8	21	0	65
8	23	0	65
8	24	0	65
8	25	0	65
8	26	0	65
8	28	0	65
8	29	0	65
8	31	0	65
8	33	0	65
8	36	0	65
8	38	0	65
8	39	0	65
8	40	0	65
8	42	0	65
8	43	0	65
8	45	0	65
8	47	0	65
8	48	0	65
8	49	0	65
8	51	0	65
8	52	0	65
8	53	0	65
8	54	0	65
8	55	0	65
8	56	0	65
8	57	0	65
8	58	0	65
8	62	0	65
8	63	0	65
8	65	0	65
8	66	0	65
8	67	0	65
8	69	0	65
8	70	0	65
8	71	0	65
8	72	0	65
8	74	0	65
8	75	0	65
8	76	0	65
8	77	0	65
8	78	0	65
8	79	0	65
8	80	0	65
8	81	0	65
8	82	0	65
8	84	0	65
8	85	0	65
8	88	0	65
8	89	0	65
8	90	0	65
8	91	0	65
8	92	0	65
8	93	0	65
8	94	0	65
8	95	0	65
8	96	0	65
8	97	0	65
8	98	0	65
8	99	0	65
8	100	0	65
8	101	0	65
8	102	0	65
8	103	0	65
8	106	0	65
8	107	0	65
8	108	0	65
8	109	0	65
8	114	0	65
8	115	0	65
8	117	0	65
8	118	0	65
8	120	0	65
8	121	0	65
8	122	0	65
8	123	0	65
8	124	0	65
8	125	0	65
8	128	0	65
8	129	0	65
8	130	0	65
8	131	0	65
8	133	0	65
8	134	0	65
8	135	0	65
8	136	0	65
8	137	0	65
8	139	0	65
8	140	0	65
8	141	0	65
8	142	0	65
8	143	0	65
8	144	0	65
8	145	0	65
8	147	0	65
8	149	0	65
8	150	0	65
8	152	0	65
8	153	0	65
8	154	0	65
8	156	0	65
8	157	0	65
8	159	0	65
8	160	0	65
8	161	0	65
8	164	0	65
8	165	0	65
8	167	0	65
8	168	0	65
8	171	0	65
8	172	0	65
8	174	0	65
8	177	0	65
8	178	0	65
8	179	0	65
8	180	0	65
8	182	0	65
8	183	0	65
8	184	0	65
8	185	0	65
8	187	0	65
8	188	0	65
8	190	0	65
8	192	0	65
8	193	0	65
8	194	0	65
8	195	0	65
8	196	0	65
8	197	0	65
8	198	0	65
8	200	0	65
8	202	0	65
8	203	0	65
8	204	0	65
8	205	0	65
8	209	0	65
8	211	0	65
8	212	0	65
8	213	0	65
8	214	0	65
8	215	0	65
8	216	0	65
8	217	0	65
8	218	0	65
8	220	0	65
8	221	0	65
8	222	0	65
8	223	0	65
8	225	0	65
8	226	0	65
8	228	0	65
8	229	0	65
8	230	0	65
8	232	0	65
8	233	0	65
8	234	0	65
8	235	0	65
8	236	0	65
8	237	0	65
8	238	0	65
8	240	0	65
8	241	0	65
8	243	0	65
8	245	0	65
8	246	0	65
8	247	0	65
8	248	0	65
8	250	0	65
8	251	0	65
8	252	0	65
8	254	0	65
8	255	0	65
8	256	0	65
8	257	0	65
8	258	0	65
8	259	0	65
8	260	0	65
8	261	0	65
8	264	0	65
8	265	0	65
8	266	0	65
8	267	0	65
8	271	0	65
8	273	0	65
8	274	0	65
8	276	0	65
8	278	0	65
8	279	0	65
8	280	0	65
8	282	0	65
8	285	0	65
8	286	0	65
8	287	0	65
8	288	0	65
8	289	0	65
8	290	0	65
8	291	0	65
8	292	0	65
8	293	0	65
8	294	0	65
8	296	0	65
8	297	0	65
8	298	0	65
8	299	0	65
8	300	0	65
8	302	0	65
8	303	0	65
8	306	0	65
8	309	0	65
8	310	0	65
8	311	0	65
8	312	0	65
8	313	0	65
8	315	0	65
8	317	0	65
8	320	0	65
8	321	0	65
8	323	0	65
8	324	0	65
8	326	0	65
8	327	0	65
8	328	0	65
8	329	0	65
8	330	0	65
8	332	0	65
8	333	0	65
8	335	0	65
8	336	0	65
8	337	0	65
8	338	0	65
8	340	0	65
8	341	0	65
8	342	0	65
8	343	0	65
8	344	0	65
8	345	0	65
8	346	0	65
8	347	0	65
8	348	0	65
8	350	0	65
8	352	0	65
8	358	0	65
8	359	0	65
8	360	0	65
8	362	0	65
8	363	0	65
8	364	0	65
8	365	0	65
8	368	0	65
8	371	0	65
8	372	0	65
8	374	0	65
8	375	0	65
8	376	0	65
8	377	0	65
8	379	0	65
8	380	0	65
8	381	0	65
8	382	0	65
8	384	0	65
8	385	0	65
8	387	0	65
8	388	0	65
8	389	0	65
8	390	0	65
8	391	0	65
8	392	0	65
8	393	0	65
8	396	0	65
8	397	0	65
8	398	0	65
8	400	0	65
8	401	0	65
8	402	0	65
8	403	0	65
8	404	0	65
8	406	0	65
8	407	0	65
8	408	0	65
8	409	0	65
8	410	0	65
8	411	0	65
8	412	0	65
8	413	0	65
8	414	0	65
8	415	0	65
8	416	0	65
8	417	0	65
8	418	0	65
8	420	0	65
8	428	0	65
8	429	0	65
8	430	0	65
8	431	0	65
8	433	0	65
8	434	0	65
8	435	0	65
8	436	0	65
8	437	0	65
8	438	0	65
8	440	0	65
8	441	0	65
8	443	0	65
8	444	0	65
8	445	0	65
8	447	0	65
8	449	0	65
8	450	0	65
8	451	0	65
8	452	0	65
8	453	0	65
8	454	0	65
8	455	0	65
8	459	0	65
8	460	0	65
8	462	0	65
8	463	0	65
8	464	0	65
8	466	0	65
8	467	0	65
8	471	0	65
8	472	0	65
8	473	0	65
8	474	0	65
8	475	0	65
8	478	0	65
8	479	0	65
8	480	0	65
8	481	0	65
8	483	0	65
8	484	0	65
8	485	0	65
8	486	0	65
8	487	0	65
8	491	0	65
8	493	0	65
8	494	0	65
8	495	0	65
8	497	0	65
8	498	0	65
8	499	0	65
8	501	0	65
8	502	0	65
8	504	0	65
8	506	0	65
8	508	0	65
8	511	0	65
9	1	0	65
9	2	0	65
9	5	0	65
9	6	0	65
9	7	0	65
9	9	0	65
9	12	0	65
9	13	0	65
9	14	0	65
9	15	0	65
9	17	0	65
9	18	0	65
9	19	0	65
9	20	0	65
9	21	0	65
9	22	0	65
9	23	0	65
9	24	0	65
9	25	0	65
9	27	0	65
9	29	0	65
9	31	0	65
9	33	0	65
9	35	0	65
9	37	0	65
9	38	0	65
9	39	0	65
9	42	0	65
9	43	0	65
9	47	0	65
9	51	0	65
9	52	0	65
9	53	0	65
9	55	0	65
9	56	0	65
9	57	0	65
9	59	0	65
9	60	0	65
9	61	0	65
9	62	0	65
9	63	0	65
9	64	0	65
9	65	0	65
9	66	0	65
9	67	0	65
9	69	0	65
9	72	0	65
9	74	0	65
9	75	0	65
9	76	0	65
9	78	0	65
9	79	0	65
9	80	0	65
9	81	0	65
9	84	0	65
9	85	0	65
9	86	0	65
9	88	0	65
9	90	0	65
9	91	0	65
9	92	0	65
9	93	0	65
9	95	0	65
9	97	0	65
9	98	0	65
9	99	0	65
9	101	0	65
9	102	0	65
9	103	0	65
9	104	0	65
9	105	0	65
9	107	0	65
9	108	0	65
9	109	0	65
9	110	0	65
9	112	0	65
9	113	0	65
9	114	0	65
9	116	0	65
9	117	0	65
9	118	0	65
9	119	0	65
9	120	0	65
9	121	0	65
9	123	0	65
9	124	0	65
9	125	0	65
9	127	0	65
9	128	0	65
9	131	0	65
9	134	0	65
9	136	0	65
9	143	0	65
9	146	0	65
9	147	0	65
9	148	0	65
9	149	0	65
9	150	0	65
9	151	0	65
9	153	0	65
9	155	0	65
9	156	0	65
9	158	0	65
9	159	0	65
9	162	0	65
9	163	0	65
9	164	0	65
9	165	0	65
9	166	0	65
9	167	0	65
9	169	0	65
9	170	0	65
9	171	0	65
9	173	0	65
9	174	0	65
9	175	0	65
9	176	0	65
9	177	0	65
9	178	0	65
9	179	0	65
9	180	0	65
9	181	0	65
9	182	0	65
9	185	0	65
9	186	0	65
9	188	0	65
9	189	0	65
9	190	0	65
9	196	0	65
9	197	0	65
9	198	0	65
9	199	0	65
9	200	0	65
9	201	0	65
9	202	0	65
9	204	0	65
9	205	0	65
9	206	0	65
9	207	0	65
9	208	0	65
9	210	0	65
9	211	0	65
9	212	0	65
9	215	0	65
9	216	0	65
9	217	0	65
9	219	0	65
9	220	0	65
9	221	0	65
9	222	0	65
9	224	0	65
9	225	0	65
9	226	0	65
9	227	0	65
9	228	0	65
9	230	0	65
9	231	0	65
9	233	0	65
9	234	0	65
9	235	0	65
9	236	0	65
9	237	0	65
9	238	0	65
9	240	0	65
9	241	0	65
9	242	0	65
9	243	0	65
9	246	0	65
9	247	0	65
9	248	0	65
9	249	0	65
9	250	0	65
9	251	0	65
9	253	0	65
9	254	0	65
9	255	0	65
9	256	0	65
9	257	0	65
9	258	0	65
9	260	0	65
9	261	0	65
9	263	0	65
9	264	0	65
9	265	0	65
9	266	0	65
9	267	0	65
9	268	0	65
9	269	0	65
9	270	0	65
9	271	0	65
9	272	0	65
9	273	0	65
9	276	0	65
9	277	0	65
9	278	0	65
9	279	0	65
9	280	0	65
9	281	0	65
9	282	0	65
9	283	0	65
9	284	0	65
9	285	0	65
9	286	0	65
9	287	0	65
9	289	0	65
9	290	0	65
9	292	0	65
9	293	0	65
9	294	0	65
9	295	0	65
9	296	0	65
9	297	0	65
9	298	0	65
9	299	0	65
9	300	0	65
9	303	0	65
9	304	0	65
9	305	0	65
9	307	0	65
9	308	0	65
9	309	0	65
9	310	0	65
9	311	0	65
9	312	0	65
9	314	0	65
9	315	0	65
9	316	0	65
9	317	0	65
9	318	0	65
9	319	0	65
9	322	0	65
9	323	0	65
9	324	0	65
9	326	0	65
9	327	0	65
9	328	0	65
9	329	0	65
9	330	0	65
9	333	0	65
9	334	0	65
9	336	0	65
9	338	0	65
9	339	0	65
9	341	0	65
9	342	0	65
9	343	0	65
9	344	0	65
9	345	0	65
9	347	0	65
9	348	0	65
9	350	0	65
9	351	0	65
9	352	0	65
9	353	0	65
9	354	0	65
9	355	0	65
9	356	0	65
9	357	0	65
9	358	0	65
9	362	0	65
9	364	0	65
9	365	0	65
9	366	0	65
9	367	0	65
9	369	0	65
9	370	0	65
9	371	0	65
9	372	0	65
9	374	0	65
9	375	0	65
9	377	0	65
9	378	0	65
9	379	0	65
9	380	0	65
9	381	0	65
9	382	0	65
9	383	0	65
9	384	0	65
9	385	0	65
9	387	0	65
9	388	0	65
9	389	0	65
9	390	0	65
9	392	0	65
9	393	0	65
9	394	0	65
9	396	0	65
9	397	0	65
9	400	0	65
9	401	0	65
9	402	0	65
9	403	0	65
9	404	0	65
9	405	0	65
9	406	0	65
9	408	0	65
9	409	0	65
9	410	0	65
9	411	0	65
9	412	0	65
9	413	0	65
9	414	0	65
9	415	0	65
9	417	0	65
9	418	0	65
9	419	0	65
9	421	0	65
9	422	0	65
9	423	0	65
9	425	0	65
9	426	0	65
9	427	0	65
9	428	0	65
9	430	0	65
9	431	0	65
9	432	0	65
9	433	0	65
9	434	0	65
9	435	0	65
9	436	0	65
9	437	0	65
9	438	0	65
9	440	0	65
9	441	0	65
9	444	0	65
9	445	0	65
9	447	0	65
9	448	0	65
9	449	0	65
9	450	0	65
9	451	0	65
9	452	0	65
9	453	0	65
9	454	0	65
9	455	0	65
9	456	0	65
9	458	0	65
9	459	0	65
9	461	0	65
9	463	0	65
9	464	0	65
9	465	0	65
9	467	0	65
9	468	0	65
9	469	0	65
9	470	0	65
9	472	0	65
9	473	0	65
9	474	0	65
9	475	0	65
9	476	0	65
9	477	0	65
9	478	0	65
9	480	0	65
9	481	0	65
9	482	0	65
9	484	0	65
9	485	0	65
9	486	0	65
9	487	0	65
9	488	0	65
9	489	0	65
9	490	0	65
9	491	0	65
9	492	0	65
9	493	0	65
9	494	0	65
9	496	0	65
9	500	0	65
9	501	0	65
9	503	0	65
9	505	0	65
9	507	0	65
9	509	0	65
9	510	0	65
9	511	0	65
10	0	0	65
10	2	0	65
10	4	0	65
10	5	0	65
10	7	0	65
10	9	0	65
10	10	0	65
10	11	0	65
10	13	0	65
10	14	0	65
10	15	0	65
10	16	0	65
10	18	0	65
10	19	0	65
10	20	0	65
10	21	0	65
10	22	0	65
10	23	0	65
10	24	0	65
10	25	0	65
10	30	0	65
10	34	0	65
10	35	0	65
10	36	0	65
10	37	0	65
10	38	0	65
10	39	0	65
10	40	0	65
10	41	0	65
10	42	0	65
10	43	0	65
10	44	0	65
10	45	0	65
10	46	0	65
10	47	0	65
10	49	0	65
10	52	0	65
10	54	0	65
10	55	0	65
10	56	0	65
10	57	0	65
10	58	0	65
10	59	0	65
10	61	0	65
10	62	0	65
10	63	0	65
10	65	0	65
10	66	0	65
10	67	0	65
10	68	0	65
10	69	0	65
10	70	0	65
10	71	0	65
10	72	0	65
10	73	0	65
10	74	0	65
10	75	0	65
10	76	0	65
10	77	0	65
10	80	0	65
10	81	0	65
10	83	0	65
10	85	0	65
10	86	0	65
10	88	0	65
10	89	0	65
10	90	0	65
10	91	0	65
10	93	0	65
10	94	0	65
10	95	0	65
10	96	0	65
10	98	0	65
10	100	0	65
10	101	0	65
10	102	0	65
10	104	0	65
10	105	0	65
10	108	0	65
10	109	0	65
10	110	0	65
10	111	0	65
10	113	0	65
10	114	0	65
10	115	0	65
10	116	0	65
10	118	0	65
10	120	0	65
10	121	0	65
10	122	0	65
10	123	0	65
10	124	0	65
10	127	0	65
10	128	0	65
10	129	0	65
10	130	0	65
10	131	0	65
10	132	0	65
10	133	0	65
10	134	0	65
10	135	0	65
10	136	0	65
10	137	0	65
10	138	0	65
10	139	0	65
10	140	0	65
10	141	0	65
10	142	0	65
10	144	0	65
10	145	0	65
10	147	0	65
10	149	0	65
10	150	0	65
10	151	0	65
10	154	0	65
10	155	0	65
10	157	0	65
10	158	0	65
10	159	0	65
10	160	0	65
10	161	0	65
10	162	0	65
10	163	0	65
10	165	0	65
10	166	0	65
10	167	0	65
10	168	0	65
10	169	0	65
10	170	0	65
10	171	0	65
10	172	0	65
10	173	0	65
10	174	0	65
10	175	0	65
10	178	0	65
10	179	0	65
10	181	0	65
10	182	0	65
10	183	0	65
10	184	0	65
10	185	0	65
10	186	0	65
10	187	0	65
10	189	0	65
10	190	0	65
10	191	0	65
10	192	0	65
10	193	0	65
10	195	0	65
10	196	0	65
10	198	0	65
10	199	0	65
10	200	0	65
10	201	0	65
10	202	0	65
10	205	0	65
10	207	0	65
10	209	0	65
10	210	0	65
10	212	0	65
10	213	0	65
10	214	0	65
10	215	0	65
10	216	0	65
10	217	0	65
10	219	0	65
10	221	0	65
10	222	0	65
10	224	0	65
10	225	0	65
10	226	0	65
10	227	0	65
10	228	0	65
10	229	0	65
10	230	0	65
10	232	0	65
10	233	0	65
10	237	0	65
10	239	0	65
10	241	0	65
10	242	0	65
10	244	0	65
10	245	0	65
10	246	0	65
10	247	0	65
10	249	0	65
10	250	0	65
10	254	0	65
10	257	0	65
10	258	0	65
10	259	0	65
10	260	0	65
10	261	0	65
10	262	0	65
10	266	0	65
10	267	0	65
10	268	0	65
10	270	0	65
10	271	0	65
10	272	0	65
10	273	0	65
10	274	0	65
10	275	0	65
10	276	0	65
10	277	0	65
10	281	0	65
10	282	0	65
10	283	0	65
10	284	0	65
10	285	0	65
10	286	0	65
10	287	0	65
10	289	0	65
10	290	0	65
10	292	0	65
10	293	0	65
10	294	0	65
10	295	0	65
10	297	0	65
10	298	0	65
10	302	0	65
10	303	0	65
10	304	0	65
10	305	0	65
10	306	0	65
10	308	0	65
10	309	0	65
10	312	0	65
10	313	0	65
10	316	0	65
10	318	0	65
10	319	0	65
10	320	0	65
10	323	0	65
10	327	0	65
10	328	0	65
10	329	0	65
10	331	0	65
10	333	0	65
10	335	0	65
10	337	0	65
10	338	0	65
10	339	0	65
10	340	0	65
10	342	0	65
10	344	0	65
10	346	0	65
10	347	0	65
10	350	0	65
10	351	0	65
10	352	0	65
10	353	0	65
10	356	0	65
10	358	0	65
10	359	0	65
10	360	0	65
10	361	0	65
10	363	0	65
10	364	0	65
10	367	0	65
10	368	0	65
10	369	0	65
10	371	0	65
10	372	0	65
10	373	0	65
10	375	0	65
10	377	0	65
10	382	0	65
10	383	0	65
10	384	0	65
10	385	0	65
10	386	0	65
10	387	0	65
10	388	0	65
10	391	0	65
10	392	0	65
10	394	0	65
10	395	0	65
10	396	0	65
10	397	0	65
10	398	0	65
10	399	0	65
10	400	0	65
10	401	0	65
10	403	0	65
10	404	0	65
10	406	0	65
10	407	0	65
10	410	0	65
10	411	0	65
10	412	0	65
10	413	0	65
10	414	0	65
10	416	0	65
10	418	0	65
10	420	0	65
10	421	0	65
10	422	0	65
10	423	0	65
10	426	0	65
10	428	0	65
10	429	0	65
10	430	0	65
10	431	0	65
10	433	0	65
10	434	0	65
10	435	0	65
10	436	0	65
10	437	0	65
10	438	0	65
10	439	0	65
10	440	0	65
10	444	0	65
10	445	0	65
10	447	0	65
10	449	0	65
10	450	0	65
10	451	0	65
10	452	0	65
10	453	0	65
10	454	0	65
10	455	0	65
10	456	0	65
10	458	0	65
10	459	0	65
10	460	0	65
10	462	0	65
10	463	0	65
10	464	0	65
10	465	0	65
10	466	0	65
10	467	0	65
10	468	0	65
10	470	0	65
10	471	0	65
10	472	0	65
10	474	0	65
10	476	0	65
10	477	0	65
10	478	0	65
10	479	0	65
10	480	0	65
10	481	0	65
10	482	0	65
10	483	0	65
10	485	0	65
10	486	0	65
10	489	0	65
10	491	0	65
10	492	0	65
10	493	0	65
10	496	0	65
10	497	0	65
10	498	0	65
10	499	0	65
10	500	0	65
10	502	0	65
10	503	0	65
10	504	0	65
10	505	0	65
10	509	0	65
10	510	0	65
10	511	0	65
11	0	0	65
11	1	0	65
11	2	0	65
11	4	0	65
11	5	0	65
11	6	0	65
11	7	0	65
11	8	0	65
11	10	0	65
11	12	0	65
11	13	0	65
11	14	0	65
11	15	0	65
11	16	0	65
11	18	0	65
11	19	0	65
11	20	0	65
11	21	0	65
11	22	0	65
11	23	0	65
11	24	0	65
11	25	0	65
11	26	0	65
11	27	0	65
11	31	0	65
11	32	0	65
11	33	0	65
11	34	0	65
11	37	0	65
11	38	0	65
11	39	0	65
11	40	0	65
11	41	0	65
11	42	0	65
11	43	0	65
11	44	0	65
11	45	0	65
11	46	0	65
11	49	0	65
11	50	0	65
11	51	0	65
11	52	0	65
11	54	0	65
11	55	0	65
11	56	0	65
11	57	0	65
11	58	0	65
11	59	0	65
11	60	0	65
11	61	0	65
11	64	0	65
11	66	0	65
11	67	0	65
11	68	0	65
11	70	0	65
11	72	0	65
11	74	0	65
11	77	0	65
11	79	0	65
11	80	0	65
11	82	0	65
11	83	0	65
11	85	0	65
11	88	0	65
11	89	0	65
11	91	0	65
11	92	0	65
11	93	0	65
11	94	0	65
11	96	0	65
11	97	0	65
11	98	0	65
11	99	0	65
11	100	0	65
11	101	0	65
11	102	0	65
11	105	0	65
11	106	0	65
11	107	0	65
11	111	0	65
11	112	0	65
11	113	0	65
11	114	0	65
11	115	0	65
11	116	0	65
11	117	0	65
11	118	0	65
11	119	0	65
11	121	0	65
11	122	0	65
11	123	0	65
11	124	0	65
11	125	0	65
11	131	0	65
11	132	0	65
11	133	0	65
11	134	0	65
11	135	0	65
11	136	0	65
11	139	0	65
11	140	0	65
11	142	0	65
11	143	0	65
11	144	0	65
11	145	0	65
11	147	0	65
11	150	0	65
11	151	0	65
11	155	0	65
11	156	0	65
11	157	0	65
11	158	0	65
11	159	0	65
11	160	0	65
11	161	0	65
11	164	0	65
11	167	0	65
11	169	0	65
11	170	0	65
11	171	0	65
11	173	0	65
11	174	0	65
11	175	0	65
11	176	0	65
11	179	0	65
11	181	0	65
11	182	0	65
11	184	0	65
11	186	0	65
11	190	0	65
11	191	0	65
11	193	0	65
11	194	0	65
11	196	0	65
11	198	0	65
11	199	0	65
11	200	0	65
11	201	0	65
11	202	0	65
11	203	0	65
11	204	0	65
11	205	0	65
11	206	0	65
11	207	0	65
11	208	0	65
11	209	0	65
11	210	0	65
11	211	0	65
11	212	0	65
11	213	0	65
11	215	0	65
11	216	0	65
11	217	0	65
11	218	0	65
11	219	0	65
11	222	0	65
11	223	0	65
11	224	0	65
11	225	0	65
11	226	0	65
11	227	0	65
11	228	0	65
11	229	0	65
11	230	0	65
11	231	0	65
11	233	0	65
11	236	0	65
11	237	0	65
11	238	0	65
11	239	0	65
11	240	0	65
11	241	0	65
11	242	0	65
11	244	0	65
11	245	0	65
11	246	0	65
11	247	0	65
11	248	0	65
11	249	0	65
11	251	0	65
11	252	0	65
11	253	0	65
11	254	0	65
11	255	0	65
11	257	0	65
11	259	0	65
11	260	0	65
11	262	0	65
11	263	0	65
11	264	0	65
11	265	0	65
11	266	0	65
11	267	0	65
11	270	0	65
11	271	0	65
11	272	0	65
11	274	0	65
11	275	0	65
11	276	0	65
11	278	0	65
11	280	0	65
11	281	0	65
11	282	0	65
11	283	0	65
11	284	0	65
11	286	0	65
11	288	0	65
11	289	0	65
11	291	0	65
11	292	0	65
11	293	0	65
11	294	0	65
11	295	0	65
11	296	0	65
11	298	0	65
11	299	0	65
11	300	0	65
11	301	0	65
11	302	0	65
11	303	0	65
11	304	0	65
11	305	0	65
11	306	0	65
11	307	0	65
11	309	0	65
11	310	0	65
11	311	0	65
11	313	0	65
11	314	0	65
11	315	0	65
11	316	0	65
11	317	0	65
11	318	0	65
11	319	0	65
11	320	0	65
11	321	0	65
11	322	0	65
11	324	0	65
11	326	0	65
11	327	0	65
11	328	0	65
11	329	0	65
11	330	0	65
11	331	0	65
11	333	0	65
11	334	0	65
11	336	0	65
11	337	0	65
11	338	0	65
11	340	0	65
11	341	0	65
11	342	0	65
11	343	0	65
11	345	0	65
11	346	0	65
11	347	0	65
11	348	0	65
11	349	0	65
11	351	0	65
11	352	0	65
11	353	0	65
11	354	0	65
11	355	0	65
11	357	0	65
11	358	0	65
11	359	0	65
11	362	0	65
11	363	0	65
11	367	0	65
11	368	0	65
11	369	0	65
11	372	0	65
11	373	0	65
11	374	0	65
11	375	0	65
11	376	0	65
11	377	0	65
11	378	0	65
11	379	0	65
11	380	0	65
11	381	0	65
11	385	0	65
11	388	0	65
11	390	0	65
11	391	0	65
11	393	0	65
11	396	0	65
11	399	0	65
11	400	0	65
11	401	0	65
11	402	0	65
11	403	0	65
11	404	0	65
11	405	0	65
11	409	0	65
11	410	0	65
11	411	0	65
11	412	0	65
11	413	0	65
11	414	0	65
11	415	0	65
11	416	0	65
11	417	0	65
11	418	0	65
11	419	0	65
11	420	0	65
11	421	0	65
11	423	0	65
11	425	0	65
11	426	0	65
11	427	0	65
11	428	0	65
11	431	0	65
11	432	0	65
11	433	0	65
11	434	0	65
11	435	0	65
11	436	0	65
11	437	0	65
11	439	0	65
11	440	0	65
11	441	0	65
11	443	0	65
11	444	0	65
11	445	0	65
11	447	0	65
11	448	0	65
11	449	0	65
11	450	0	65
11	451	0	65
11	452	0	65
11	453	0	65
11	454	0	65
11	456	0	65
11	457	0	65
11	458	0	65
11	459	0	65
11	460	0	65
11	461	0	65
11	462	0	65
11	463	0	65
11	465	0	65
11	466	0	65
11	467	0	65
11	468	0	65
11	471	0	65
11	472	0	65
11	473	0	65
11	475	0	65
11	476	0	65
11	478	0	65
11	479	0	65
11	480	0	65
11	481	0	65
11	482	0	65
11	483	0	65
11	484	0	65
11	485	0	65
11	487	0	65
11	488	0	65
11	489	0	65
11	491	0	65
11	493	0	65
11	494	0	65
11	497	0	65
11	498	0	65
11	499	0	65
11	501	0	65
11	504	0	65
11	505	0	65
11	506	0	65
11	507	0	65
11	509	0	65
11	510	0	65
12	0	0	65
12	1	0	65
12	2	0	65
12	4	0	65
12	5	0	65
12	7	0	65
12	8	0	65
12	12	0	65
12	13	0	65
12	14	0	65
12	15	0	65
12	16	0	65
12	17	0	65
12	19	0	65
12	21	0	65
12	24	0	65
12	25	0	65
12	26	0	65
12	30	0	65
12	31	0	65
12	34	0	65
12	36	0	65
12	40	0	65
12	41	0	65
12	42	0	65
12	43	0	65
12	44	0	65
12	45	0	65
12	46	0	65
12	47	0	65
12	49	0	65
12	53	0	65
12	54	0	65
12	55	0	65
12	56	0	65
12	57	0	65
12	58	0	65
12	59	0	65
12	61	0	65
12	62	0	65
12	64	0	65
12	67	0	65
12	68	0	65
12	69	0	65
12	70	0	65
12	71	0	65
12	72	0	65
12	73	0	65
12	77	0	65
12	79	0	65
12	80	0	65
12	81	0	65
12	82	0	65
12	83	0	65
12	84	0	65
12	85	0	65
12	86	0	65
12	88	0	65
12	89	0	65
12	92	0	65
12	93	0	65
12	94	0	65
12	95	0	65
12	97	0	65
12	99	0	65
12	100	0	65
12	101	0	65
12	102	0	65
12	103	0	65
12	104	0	65
12	105	0	65
12	106	0	65
12	107	0	65
12	108	0	65
12	109	0	65
12	110	0	65
12	112	0	65
12	113	0	65
12	114	0	65
12	115	0	65
12	116	0	65
12	117	0	65
12	118	0	65
12	119	0	65
12	122	0	65
12	123	0	65
12	124	0	65
12	125	0	65
12	126	0	65
12	128	0	65
12	132	0	65
12	133	0	65
12	134	0	65
12	137	0	65
12	138	0	65
12	140	0	65
12	142	0	65
12	143	0	65
12	145	0	65
12	146	0	65
12	147	0	65
12	148	0	65
12	149	0	65
12	150	0	65
12	152	0	65
12	153	0	65
12	157	0	65
12	158	0	65
12	159	0	65
12	163	0	65
12	164	0	65
12	166	0	65
12	168	0	65
12	169	0	65
12	170	0	65
12	171	0	65
12	172	0	65
12	174	0	65
12	177	0	65
12	178	0	65
12	179	0	65
12	181	0	65
12	182	0	65
12	183	0	65
12	184	0	65
12	185	0	65
12	186	0	65
12	187	0	65
12	188	0	65
12	190	0	65
12	191	0	65
12	193	0	65
12	194	0	65
12	195	0	65
12	196	0	65
12	202	0	65
12	203	0	65
12	204	0	65
12	205	0	65
12	207	0	65
12	208	0	65
12	209	0	65
12	210	0	65
12	211	0	65
12	212	0	65
12	213	0	65
12	214	0	65
12	215	0	65
12	217	0	65
12	218	0	65
12	220	0	65
12	222	0	65
12	226	0	65
12	227	0	65
12	230	0	65
12	232	0	65
12	235	0	65
12	236	0	65
12	237	0	65
12	238	0	65
12	239	0	65
12	240	0	65
12	241	0	65
12	244	0	65
12	245	0	65
12	247	0	65
12	249	0	65
12	250	0	65
12	253	0	65
12	254	0	65
12	255	0	65
12	256	0	65
12	257	0	65
12	258	0	65
12	259	0	65
12	260	0	65
12	262	0	65
12	263	0	65
12	268	0	65
12	270	0	65
12	272	0	65
12	273	0	65
12	274	0	65
12	275	0	65
12	279	0	65
12	280	0	65
12	281	0	65
12	282	0	65
12	285	0	65
12	289	0	65
12	291	0	65
12	292	0	65
12	293	0	65
12	295	0	65
12	296	0	65
12	302	0	65
12	304	0	65
12	308	0	65
12	309	0	65
12	311	0	65
12	314	0	65
12	315	0	65
12	316	0	65
12	317	0	65
12	319	0	65
12	320	0	65
12	321	0	65
12	322	0	65
12	323	0	65
12	324	0	65
12	328	0	65
12	330	0	65
12	332	0	65
12	333	0	65
12	334	0	65
12	335	0	65
12	336	0	65
12	337	0	65
12	338	0	65
12	339	0	65
12	341	0	65
12	342	0	65
12	344	0	65
12	346	0	65
12	347	0	65
12	348	0	65
12	349	0	65
12	350	0	65
12	353	0	65
12	354	0	65
12	356	0	65
12	357	0	65
12	358	0	65
12	359	0	65
12	361	0	65
12	362	0	65
12	364	0	65
12	365	0	65
12	366	0	65
12	367	0	65
12	368	0	65
12	370	0	65
12	371	0	65
12	373	0	65
12	374	0	65
12	375	0	65
12	376	0	65
12	380	0	65
12	381	0	65
12	382	0	65
12	383	0	65
12	384	0	65
12	387	0	65
12	391	0	65
12	393	0	65
12	394	0	65
12	397	0	65
12	398	0	65
12	402	0	65
12	403	0	65
12	405	0	65
12	407	0	65
12	414	0	65
12	415	0	65
12	417	0	65
12	418	0	65
12	420	0	65
12	422	0	65
12	423	0	65
12	424	0	65
12	428	0	65
12	430	0	65
12	431	0	65
12	434	0	65
12	435	0	65
12	436	0	65
12	437	0	65
12	438	0	65
12	439	0	65
12	440	0	65
12	444	0	65
12	445	0	65
12	446	0	65
12	447	0	65
12	449	0	65
12	450	0	65
12	451	0	65
12	452	0	65
12	453	0	65
12	454	0	65
12	455	0	65
12	456	0	65
12	458	0	65
12	461	0	65
12	462	0	65
12	464	0	65
12	465	0	65
12	466	0	65
12	467	0	65
12	469	0	65
12	470	0	65
12	471	0	65
12	472	0	65
12	473	0	65
12	474	0	65
12	475	0	65
12	478	0	65
12	479	0	65
12	480	0	65
12	481	0	65
12	482	0	65
12	483	0	65
12	484	0	65
12	485	0	65
12	486	0	65
12	487	0	65
12	488	0	65
12	489	0	65
12	490	0	65
12	491	0	65
12	492	0	65
12	496	0	65
12	499	0	65
12	500	0	65
12	501	0	65
12	502	0	65
12	503	0	65
12	504	0	65
12	507	0	65
12	508	0	65
12	509	0	65
12	510	0	65
13	0	0	65
13	1	0	65
13	2	0	65
13	3	0	65
13	4	0	65
13	5	0	65
13	6	0	65
13	8	0	65
13	11	0	65
13	12	0	65
13	13	0	65
13	14	0	65
13	15	0	65
13	16	0	65
13	17	0	65
13	18	0	65
13	19	0	65
13	20	0	65
13	21	0	65
13	23	0	65
13	24	0	65
13	25	0	65
13	27	0	65
13	28	0	65
13	31	0	65
13	32	0	65
13	33	0	65
13	34	0	65
13	36	0	65
13	37	0	65
13	38	0	65
13	39	0	65
13	41	0	65
13	43	0	65
13	44	0	65
13	45	0	65
13	46	0	65
13	47	0	65
13	48	0	65
13	49	0	65
13	51	0	65
13	52	0	65
13	53	0	65
13	54	0	65
13	55	0	65
13	56	0	65
13	58	0	65
13	59	0	65
13	60	0	65
13	61	0	65
13	62	0	65
13	63	0	65
13	65	0	65
13	66	0	65
13	69	0	65
13	70	0	65
13	72	0	65
13	73	0	65
13	74	0	65
13	75	0	65
13	78	0	65
13	79	0	65
13	80	0	65
13	82	0	65
13	83	0	65
13	84	0	65
13	87	0	65
13	88	0	65
13	89	0	65
13	90	0	65
13	94	0	65
13	95	0	65
13	96	0	65
13	98	0	65
13	99	0	65
13	100	0	65
13	101	0	65
13	102	0	65
13	103	0	65
13	104	0	65
13	105	0	65
13	107	0	65
13	108	0	65
13	109	0	65
13	110	0	65
13	111	0	65
13	112	0	65
13	114	0	65
13	115	0	65
13	116	0	65
13	117	0	65
13	120	0	65
13	122	0	65
13	123	0	65
13	125	0	65
13	126	0	65
13	127	0	65
13	129	0	65
13	130	0	65
13	131	0	65
13	132	0	65
13	133	0	65
13	135	0	65
13	136	0	65
13	137	0	65
13	138	0	65
13	139	0	65
13	140	0	65
13	141	0	65
13	142	0	65
13	143	0	65
13	144	0	65
13	145	0	65
13	146	0	65
13	147	0	65
13	149	0	65
13	150	0	65
13	151	0	65
13	152	0	65
13	153	0	65
13	154	0	65
13	156	0	65
13	158	0	65
13	159	0	65
13	161	0	65
13	162	0	65
13	163	0	65
13	164	0	65
13	165	0	65
13	166	0	65
13	168	0	65
13	170	0	65
13	171	0	65
13	172	0	65
13	173	0	65
13	174	0	65
13	175	0	65
13	176	0	65
13	177	0	65
13	178	0	65
13	179	0	65
13	180	0	65
13	182	0	65
13	183	0	65
13	184	0	65
13	186	0	65
13	188	0	65
13	189	0	65
13	190	0	65
13	191	0	65
13	192	0	65
13	193	0	65
13	196	0	65
13	197	0	65
13	198	0	65
13	199	0	65
13	200	0	65
13	201	0	65
13	202	0	65
13	203	0	65
13	204	0	65
13	206	0	65
13	207	0	65
13	208	0	65
13	209	0	65
13	210	0	65
13	213	0	65
13	214	0	65
13	216	0	65
13	217	0	65
13	218	0	65
13	220	0	65
13	223	0	65
13	225	0	65
13	226	0	65
13	228	0	65
13	229	0	65
13	230	0	65
13	231	0	65
13	234	0	65
13	235	0	65
13	236	0	65
13	237	0	65
13	238	0	65
13	239	0	65
13	242	0	65
13	244	0	65
13	246	0	65
13	247	0	65
13	249	0	65
13	251	0	65
13	252	0	65
13	253	0	65
13	254	0	65
13	255	0	65
13	256	0	65
13	257	0	65
13	258	0	65
13	259	0	65
13	260	0	65
13	261	0	65
13	263	0	65
13	264	0	65
13	266	0	65
13	267	0	65
13	269	0	65
13	270	0	65
13	271	0	65
13	272	0	65
13	275	0	65
13	278	0	65
13	279	0	65
13	281	0	65
13	284	0	65
13	285	0	65
13	287	0	65
13	288	0	65
13	289	0	65
13	291	0	65
13	292	0	65
13	295	0	65
13	296	0	65
13	297	0	65
13	299	0	65
13	300	0	65
13	301	0	65
13	305	0	65
13	307	0	65
13	308	0	65
13	310	0	65
13	313	0	65
13	314	0	65
13	317	0	65
13	318	0	65
13	320	0	65
13	322	0	65
13	323	0	65
13	324	0	65
13	325	0	65
13	327	0	65
13	328	0	65
13	331	0	65
13	332	0	65
13	333	0	65
13	334	0	65
13	335	0	65
13	336	0	65
13	337	0	65
13	340	0	65
13	341	0	65
13	342	0	65
13	343	0	65
13	345	0	65
13	346	0	65
13	347	0	65
13	349	0	65
13	351	0	65
13	353	0	65
13	354	0	65
13	356	0	65
13	358	0	65
13	359	0	65
13	362	0	65
13	363	0	65
13	364	0	65
13	365	0	65
13	368	0	65
13	369	0	65
13	370	0	65
13	371	0	65
13	372	0	65
13	373	0	65
13	374	0	65
13	375	0	65
13	376	0	65
13	377	0	65
13	378	0	65
13	379	0	65
13	380	0	65
13	382	0	65
13	383	0	65
13	386	0	65
13	393	0	65
13	394	0	65
13	397	0	65
13	399	0	65
13	401	0	65
13	402	0	65
13	403	0	65
13	404	0	65
13	405	0	65
13	406	0	65
13	407	0	65
13	408	0	65
13	409	0	65
13	410	0	65
13	412	0	65
13	413	0	65
13	414	0	65
13	415	0	65
13	416	0	65
13	417	0	65
13	418	0	65
13	420	0	65
13	421	0	65
13	424	0	65
13	425	0	65
13	426	0	65
13	428	0	65
13	429	0	65
13	430	0	65
13	431	0	65
13	432	0	65
13	433	0	65
13	434	0	65
13	437	0	65
13	438	0	65
13	439	0	65
13	440	0	65
13	441	0	65
13	442	0	65
13	443	0	65
13	444	0	65
13	445	0	65
13	447	0	65
13	448	0	65
13	449	0	65
13	450	0	65
13	451	0	65
13	452	0	65
13	454	0	65
13	456	0	65
13	459	0	65
13	460	0	65
13	461	0	65
13	462	0	65
13	464	0	65
13	465	0	65
13	467	0	65
13	468	0	65
13	469	0	65
13	470	0	65
13	471	0	65
13	472	0	65
13	474	0	65
13	475	0	65
13	476	0	65
13	477	0	65
13	478	0	65
13	479	0	65
13	482	0	65
13	483	0	65
13	484	0	65
13	489	0	65
13	490	0	65
13	492	0	65
13	493	0	65
13	494	0	65
13	495	0	65
13	496	0	65
13	497	0	65
13	498	0	65
13	499	0	65
13	500	0	65
13	501	0	65
13	502	0	65
13	503	0	65
13	505	0	65
13	506	0	65
13	507	0	65
13	508	0	65
13	509	0	65
13	510	0	65
13	511	0	65
14	0	0	65
14	2	0	65
14	3	0	65
14	4	0	65
14	7	0	65
14	8	0	65
14	9	0	65
14	10	0	65
14	11	0	65
14	12	0	65
14	13	0	65
14	15	0	65
14	16	0	65
14	19	0	65
14	20	0	65
14	21	0	65
14	22	0	65
14	23	0	65
14	24	0	65
14	25	0	65
14	26	0	65
14	27	0	65
14	30	0	65
14	31	0	65
14	32	0	65
14	35	0	65
14	37	0	65
14	38	0	65
14	39	0	65
14	41	0	65
14	42	0	65
14	43	0	65
14	44	0	65
14	45	0	65
14	47	0	65
14	49	0	65
14	50	0	65
14	51	0	65
14	52	0	65
14	53	0	65
14	54	0	65
14	55	0	65
14	57	0	65
14	58	0	65
14	59	0	65
14	60	0	65
14	61	0	65
14	62	0	65
14	63	0	65
14	66	0	65
14	67	0	65
14	71	0	65
14	72	0	65
14	73	0	65
14	75	0	65
14	76	0	65
14	77	0	65
14	78	0	65
14	79	0	65
14	81	0	65
14	83	0	65
14	85	0	65
14	86	0	65
14	89	0	65
14	91	0	65
14	93	0	65
14	97	0	65
14	99	0	65
14	100	0	65
14	101	0	65
14	102	0	65
14	103	0	65
14	104	0	65
14	106	0	65
14	107	0	65
14	108	0	65
14	109	0	65
14	110	0	65
14	111	0	65
14	112	0	65
14	113	0	65
14	114	0	65
14	115	0	65
14	116	0	65
14	118	0	65
14	120	0	65
14	121	0	65
14	122	0	65
14	123	0	65
14	124	0	65
14	125	0	65
14	128	0	65
14	129	0	65
14	131	0	65
14	132	0	65
14	133	0	65
14	134	0	65
14	135	0	65
14	139	0	65
14	140	0	65
14	141	0	65
14	143	0	65
14	144	0	65
14	146	0	65
14	147	0	65
14	149	0	65
14	150	0	65
14	152	0	65
14	153	0	65
14	155	0	65
14	156	0	65
14	157	0	65
14	158	0	65
14	159	0	65
14	161	0	65
14	163	0	65
14	164	0	65
14	165	0	65
14	166	0	65
14	167	0	65
14	168	0	65
14	170	0	65
14	172	0	65
14	173	0	65
14	174	0	65
14	175	0	65
14	176	0	65
14	177	0	65
14	178	0	65
14	179	0	65
14	180	0	65
14	181	0	65
14	182	0	65
14	184	0	65
14	185	0	65
14	186	0	65
14	188	0	65
14	191	0	65
14	192	0	65
14	193	0	65
14	194	0	65
14	195	0	65
14	197	0	65
14	198	0	65
14	199	0	65
14	200	0	65
14	202	0	65
14	203	0	65
14	204	0	65
14	205	0	65
14	210	0	65
14	211	0	65
14	213	0	65
14	214	0	65
14	216	0	65
14	217	0	65
14	218	0	65
14	219	0	65
14	220	0	65
14	221	0	65
14	222	0	65
14	223	0	65
14	224	0	65
14	225	0	65
14	227	0	65
14	228	0	65
14	229	0	65
14	230	0	65
14	233	0	65
14	237	0	65
14	238	0	65
14	239	0	65
14	240	0	65
14	242	0	65
14	244	0	65
14	245	0	65
14	246	0	65
14	247	0	65
14	248	0	65
14	249	0	65
14	251	0	65
14	252	0	65
14	253	0	65
14	255	0	65
14	256	0	65
14	257	0	65
14	260	0	65
14	261	0	65
14	262	0	65
14	264	0	65
14	266	0	65
14	267	0	65
14	268	0	65
14	269	0	65
14	270	0	65
14	271	0	65
14	272	0	65
14	273	0	65
14	274	0	65
14	276	0	65
14	277	0	65
14	278	0	65
14	279	0	65
14	281	0	65
14	282	0	65
14	286	0	65
14	287	0	65
14	289	0	65
14	290	0	65
14	291	0	65
14	293	0	65
14	294	0	65
14	295	0	65
14	297	0	65
14	298	0	65
14	299	0	65
14	301	0	65
14	302	0	65
14	303	0	65
14	304	0	65
14	306	0	65
14	307	0	65
14	308	0	65
14	309	0	65
14	310	0	65
14	312	0	65
14	313	0	65
14	315	0	65
14	316	0	65
14	317	0	65
14	318	0	65
14	319	0	65
14	323	0	65
14	324	0	65
14	325	0	65
14	326	0	65
14	327	0	65
14	329	0	65
14	330	0	65
14	331	0	65
14	332	0	65
14	333	0	65
14	334	0	65
14	336	0	65
14	337	0	65
14	338	0	65
14	339	0	65
14	342	0	65
14	343	0	65
14	345	0	65
14	346	0	65
14	347	0	65
14	348	0	65
14	349	0	65
14	350	0	65
14	352	0	65
14	355	0	65
14	356	0	65
14	357	0	65
14	358	0	65
14	359	0	65
14	361	0	65
14	362	0	65
14	363	0	65
14	364	0	65
14	366	0	65
14	367	0	65
14	368	0	65
14	369	0	65
14	370	0	65
14	371	0	65
14	372	0	65
14	373	0	65
14	374	0	65
14	375	0	65
14	376	0	65
14	377	0	65
14	378	0	65
14	379	0	65
14	380	0	65
14	381	0	65
14	382	0	65
14	384	0	65
14	386	0	65
14	388	0	65
14	391	0	65
14	393	0	65
14	394	0	65
14	397	0	65
14	399	0	65
14	400	0	65
14	401	0	65
14	402	0	65
14	403	0	65
14	404	0	65
14	405	0	65
14	406	0	65
14	407	0	65
14	410	0	65
14	412	0	65
14	413	0	65
14	414	0	65
14	415	0	65
14	419	0	65
14	421	0	65
14	422	0	65
14	423	0	65
14	426	0	65
14	427	0	65
14	431	0	65
14	432	0	65
14	433	0	65
14	434	0	65
14	435	0	65
14	436	0	65
14	438	0	65
14	440	0	65
14	442	0	65
14	443	0	65
14	444	0	65
14	445	0	65
14	446	0	65
14	447	0	65
14	449	0	65
14	450	0	65
14	452	0	65
14	453	0	65
14	454	0	65
14	455	0	65
14	457	0	65
14	458	0	65
14	462	0	65
14	463	0	65
14	464	0	65
14	465	0	65
14	466	0	65
14	467	0	65
14	468	0	65
14	469	0	65
14	471	0	65
14	475	0	65
14	477	0	65
14	478	0	65
14	479	0	65
14	480	0	65
14	481	0	65
14	482	0	65
14	483	0	65
14	485	0	65
14	487	0	65
14	490	0	65
14	491	0	65
14	493	0	65
14	494	0	65
14	497	0	65
14	499	0	65
14	500	0	65
14	503	0	65
14	504	0	65
14	505	0	65
14	507	0	65
14	508	0	65
14	510	0	65
14	511	0	65
15	1	0	65
15	2	0	65
15	3	0	65
15	4	0	65
15	5	0	65
15	7	0	65
15	8	0	65
15	9	0	65
15	10	0	65
15	11	0	65
15	13	0	65
15	14	0	65
15	16	0	65
15	18	0	65
15	19	0	65
15	20	0	65
15	21	0	65
15	23	0	65
15	24	0	65
15	25	0	65
15	26	0	65
15	28	0	65
15	29	0	65
15	30	0	65
15	31	0	65
15	32	0	65
15	33	0	65
15	35	0	65
15	36	0	65
15	39	0	65
15	40	0	65
15	41	0	65
15	42	0	65
15	43	0	65
15	44	0	65
15	45	0	65
15	46	0	65
15	47	0	65
15	48	0	65
15	49	0	65
15	50	0	65
15	52	0	65
15	53	0	65
15	54	0	65
15	55	0	65
15	56	0	65
15	57	0	65
15	58	0	65
15	59	0	65
15	60	0	65
15	62	0	65
15	63	0	65
15	64	0	65
15	66	0	65
15	67	0	65
15	68	0	65
15	69	0	65
15	72	0	65
15	74	0	65
15	75	0	65
15	76	0	65
15	77	0	65
15	78	0	65
15	79	0	65
15	80	0	65
15	82	0	65
15	83	0	65
15	84	0	65
15	85	0	65
15	86	0	65
15	87	0	65
15	88	0	65
15	90	0	65
15	91	0	65
15	92	0	65
15	93	0	65
15	94	0	65
15	95	0	65
15	96	0	65
15	97	0	65
15	98	0	65
15	99	0	65
15	102	0	65
15	104	0	65
15	106	0	65
15	108	0	65
15	109	0	65
15	110	0	65
15	111	0	65
15	112	0	65
15	113	0	65
15	114	0	65
15	115	0	65
15	116	0	65
15	117	0	65
15	118	0	65
15	119	0	65
15	120	0	65
15	121	0	65
15	122	0	65
15	123	0	65
15	124	0	65
15	125	0	65
15	126	0	65
15	127	0	65
15	128	0	65
15	129	0	65
15	131	0	65
15	132	0	65
15	133	0	65
15	134	0	65
15	135	0	65
15	137	0	65
15	139	0	65
15	140	0	65
15	141	0	65
15	142	0	65
15	143	0	65
15	144	0	65
15	145	0	65
15	146	0	65
15	147	0	65
15	148	0	65
15	149	0	65
15	150	0	65
15	151	0	65
15	152	0	65
15	153	0	65
15	154	0	65
15	155	0	65
15	157	0	65
15	158	0	65
15	159	0	65
15	160	0	65
15	161	0	65
15	162	0	65
15	164	0	65
15	165	0	65
15	168	0	65
15	170	0	65
15	171	0	65
15	172	0	65
15	173	0	65
15	175	0	65
15	176	0	65
15	177	0	65
15	179	0	65
15	180	0	65
15	181	0	65
15	182	0	65
15	186	0	65
15	187	0	65
15	189	0	65
15	191	0	65
15	192	0	65
15	194	0	65
15	195	0	65
15	196	0	65
15	197	0	65
15	198	0	65
15	201	0	65
15	202	0	65
15	203	0	65
15	204	0	65
15	205	0	65
15	206	0	65
15	207	0	65
15	210	0	65
15	213	0	65
15	214	0	65
15	217	0	65
15	219	0	65
15	221	0	65
15	225	0	65
15	226	0	65
15	227	0	65
15	228	0	65
15	229	0	65
15	230	0	65
15	231	0	65
15	233	0	65
15	234	0	65
15	235	0	65
15	236	0	65
15	237	0	65
15	238	0	65
15	239	0	65
15	240	0	65
15	242	0	65
15	243	0	65
15	244	0	65
15	245	0	65
15	246	0	65
15	247	0	65
15	248	0	65
15	249	0	65
15	250	0	65
15	251	0	65
15	252	0	65
15	253	0	65
15	254	0	65
15	256	0	65
15	257	0	65
15	258	0	65
15	259	0	65
15	260	0	65
15	261	0	65
15	262	0	65
15	263	0	65
15	264	0	65
15	265	0	65
15	266	0	65
15	267	0	65
15	268	0	65
15	269	0	65
15	270	0	65
15	272	0	65
15	273	0	65
15	274	0	65
15	275	0	65
15	276	0	65
15	277	0	65
15	278	0	65
15	279	0	65
15	281	0	65
15	282	0	65
15	284	0	65
15	285	0	65
15	286	0	65
15	287	0	65
15	290	0	65
15	292	0	65
15	293	0	65
15	294	0	65
15	295	0	65
15	297	0	65
15	298	0	65
15	299	0	65
15	300	0	65
15	301	0	65
15	304	0	65
15	305	0	65
15	307	0	65
15	308	0	65
15	309	0	65
15	310	0	65
15	311	0	65
15	312	0	65
15	313	0	65
15	314	0	65
15	315	0	65
15	316	0	65
15	317	0	65
15	319	0	65
15	320	0	65
15	322	0	65
15	323	0	65
15	326	0	65
15	328	0	65
15	329	0	65
15	331	0	65
15	332	0	65
15	333	0	65
15	334	0	65
15	335	0	65
15	336	0	65
15	337	0	65
15	338	0	65
15	339	0	65
15	340	0	65
15	341	0	65
15	344	0	65
15	345	0	65
15	347	0	65
15	348	0	65
15	349	0	65
15	352	0	65
15	353	0	65
15	354	0	65
15	355	0	65
15	357	0	65
15	358	0	65
15	359	0	65
15	360	0	65
15	361	0	65
15	363	0	65
15	364	0	65
15	365	0	65
15	366	0	65
15	367	0	65
15	368	0	65
15	369	0	65
15	370	0	65
15	371	0	65
15	372	0	65
15	373	0	65
15	374	0	65
15	376	0	65
15	377	0	65
15	378	0	65
15	379	0	65
15	380	0	65
15	381	0	65
15	382	0	65
15	383	0	65
15	384	0	65
15	385	0	65
15	386	0	65
15	387	0	65
15	388	0	65
15	390	0	65
15	391	0	65
15	392	0	65
15	393	0	65
15	395	0	65
15	396	0	65
15	397	0	65
15	400	0	65
15	401	0	65
15	402	0	65
15	403	0	65
15	404	0	65
15	405	0	65
15	406	0	65
15	407	0	65
15	408	0	65
15	409	0	65
15	411	0	65
15	412	0	65
15	413	0	65
15	414	0	65
15	415	0	65
15	416	0	65
15	417	0	65
15	418	0	65
15	419	0	65
15	420	0	65
15	421	0	65
15	422	0	65
15	423	0	65
15	424	0	65
15	427	0	65
15	428	0	65
15	429	0	65
15	430	0	65
15	431	0	65
15	432	0	65
15	433	0	65
15	434	0	65
15	435	0	65
15	436	0	65
15	437	0	65
15	438	0	65
15	439	0	65
15	440	0	65
15	441	0	65
15	442	0	65
15	443	0	65
15	444	0	65
15	445	0	65
15	446	0	65
15	447	0	65
15	448	0	65
15	450	0	65
15	452	0	65
15	453	0	65
15	454	0	65
15	455	0	65
15	456	0	65
15	457	0	65
15	458	0	65
15	459	0	65
15	460	0	65
15	461	0	65
15	462	0	65
15	463	0	65
15	464	0	65
15	465	0	65
15	466	0	65
15	467	0	65
15	468	0	65
15	469	0	65
15	470	0	65
15	471	0	65
15	472	0	65
15	473	0	65
15	475	0	65
15	476	0	65
15	478	0	65
15	479	0	65
15	480	0	65
15	481	0	65
15	482	0	65
15	483	0	65
15	484	0	65
15	485	0	65
15	487	0	65
15	488	0	65
15	489	0	65
15	490	0	65
15	491	0	65
15	492	0	65
15	493	0	65
15	496	0	65
15	497	0	65
15	498	0	65
15	499	0	65
15	500	0	65
15	501	0	65
15	502	0	65
15	503	0	65
15	504	0	65
15	507	0	65
15	509	0	65
15	511	0	65
16	0	0	65
16	1	0	65
16	2	0	65
16	3	0	65
16	4	0	65
16	5	0	65
16	6	0	65
16	7	0	65
16	8	0	65
16	9	0	65
16	10	0	65
16	13	0	65
16	14	0	65
16	15	0	65
16	16	0	65
16	18	0	65
16	19	0	65
16	20	0	65
16	21	0	65
16	22	0	65
16	24	0	65
16	25	0	65
16	27	0	65
16	29	0	65
16	30	0	65
16	31	0	65
16	33	0	65
16	34	0	65
16	35	0	65
16	36	0	65
16	37	0	65
16	38	0	65
16	40	0	65
16	42	0	65
16	43	0	65
16	45	0	65
16	46	0	65
16	47	0	65
16	48	0	65
16	49	0	65
16	50	0	65
16	51	0	65
16	53	0	65
16	54	0	65
16	55	0	65
16	56	0	65
16	57	0	65
16	59	0	65
16	60	0	65
16	61	0	65
16	63	0	65
16	64	0	65
16	65	0	65
16	66	0	65
16	67	0	65
16	68	0	65
16	69	0	65
16	70	0	65
16	71	0	65
16	72	0	65
16	73	0	65
16	76	0	65
16	77	0	65
16	78	0	65
16	79	0	65
16	80	0	65
16	81	0	65
16	82	0	65
16	83	0	65
16	85	0	65
16	86	0	65
16	87	0	65
16	88	0	65
16	89	0	65
16	90	0	65
16	93	0	65
16	94	0	65
16	95	0	65
16	96	0	65
16	97	0	65
16	98	0	65
16	99	0	65
16	100	0	65
16	101	0	65
16	102	0	65
16	103	0	65
16	104	0	65
16	105	0	65
16	106	0	65
16	107	0	65
16	108	0	65
16	109	0	65
16	110	0	65
16	111	0	65
16	113	0	65
16	114	0	65
16	116	0	65
16	118	0	65
16	119	0	65
16	121	0	65
16	122	0	65
16	124	0	65
16	125	0	65
16	126	0	65
16	127	0	65
16	128	0	65
16	129	0	65
16	131	0	65
16	133	0	65
16	135	0	65
16	136	0	65
16	137	0	65
16	138	0	65
16	139	0	65
16	141	0	65
16	143	0	65
16	144	0	65
16	145	0	65
16	147	0	65
16	148	0	65
16	150	0	65
16	151	0	65
16	152	0	65
16	154	0	65
16	155	0	65
16	156	0	65
16	157	0	65
16	158	0	65
16	159	0	65
16	160	0	65
16	161	0	65
16	162	0	65
16	163	0	65
16	164	0	65
16	165	0	65
16	166	0	65
16	167	0	65
16	168	0	65
16	169	0	65
16	170	0	65
16	171	0	65
16	172	0	65
16	173	0	65
16	176	0	65
16	177	0	65
16	178	0	65
16	179	0	65
16	181	0	65
16	183	0	65
16	184	0	65
16	185	0	65
16	186	0	65
16	188	0	65
16	190	0	65
16	191	0	65
16	192	0	65
16	193	0	65
16	194	0	65
16	195	0	65
16	196	0	65
16	198	0	65
16	200	0	65
16	201	0	65
16	202	0	65
16	203	0	65
16	204	0	65
16	205	0	65
16	206	0	65
16	207	0	65
16	208	0	65
16	209	0	65
16	210	0	65
16	211	0	65
16	212	0	65
16	213	0	65
16	214	0	65
16	215	0	65
16	216	0	65
16	217	0	65
16	218	0	65
16	219	0	65
16	222	0	65
16	225	0	65
16	226	0	65
16	227	0	65
16	229	0	65
16	230	0	65
16	232	0	65
16	235	0	65
16	236	0	65
16	237	0	65
16	238	0	65
16	239	0	65
16	240	0	65
16	241	0	65
16	242	0	65
16	244	0	65
16	245	0	65
16	246	0	65
16	247	0	65
16	248	0	65
16	249	0	65
16	251	0	65
16	253	0	65
16	257	0	65
16	258	0	65
16	260	0	65
16	261	0	65
16	262	0	65
16	264	0	65
16	265	0	65
16	266	0	65
16	267	0	65
16	268	0	65
16	269	0	65
16	270	0	65
16	271	0	65
16	273	0	65
16	274	0	65
16	275	0	65
16	276	0	65
16	279	0	65
16	280	0	65
16	281	0	65
16	282	0	65
16	284	0	65
16	285	0	65
16	287	0	65
16	288	0	65
16	289	0	65
16	290	0	65
16	291	0	65
16	292	0	65
16	293	0	65
16	294	0	65
16	295	0	65
16	296	0	65
16	298	0	65
16	300	0	65
16	301	0	65
16	302	0	65
16	303	0	65
16	304	0	65
16	305	0	65
16	306	0	65
16	307	0	65
16	308	0	65
16	309	0	65
16	310	0	65
16	311	0	65
16	312	0	65
16	314	0	65
16	315	0	65
16	316	0	65
16	317	0	65
16	318	0	65
16	319	0	65
16	320	0	65
16	321	0	65
16	322	0	65
16	323	0	65
16	326	0	65
16	327	0	65
16	328	0	65
16	329	0	65
16	331	0	65
16	332	0	65
16	334	0	65
16	335	0	65
16	336	0	65
16	337	0	65
16	338	0	65
16	339	0	65
16	340	0	65
16	342	0	65
16	343	0	65
16	344	0	65
16	345	0	65
16	346	0	65
16	347	0	65
16	348	0	65
16	349	0	65
16	350	0	65
16	351	0	65
16	352	0	65
16	354	0	65
16	355	0	65
16	356	0	65
16	357	0	65
16	358	0	65
16	359	0	65
16	360	0	65
16	362	0	65
16	363	0	65
16	364	0	65
16	367	0	65
16	371	0	65
16	372	0	65
16	373	0	65
16	374	0	65
16	375	0	65
16	376	0	65
16	377	0	65
16	378	0	65
16	380	0	65
16	381	0	65
16	383	0	65
16	384	0	65
16	385	0	65
16	386	0	65
16	387	0	65
16	388	0	65
16	389	0	65
16	390	0	65
16	396	0	65
16	397	0	65
16	398	0	65
16	399	0	65
16	400	0	65
16	402	0	65
16	403	0	65
16	404	0	65
16	406	0	65
16	407	0	65
16	408	0	65
16	409	0	65
16	410	0	65
16	411	0	65
16	412	0	65
16	413	0	65
16	414	0	65
16	415	0	65
16	416	0	65
16	417	0	65
16	418	0	65
16	420	0	65
16	421	0	65
16	423	0	65
16	425	0	65
16	426	0	65
16	427	0	65
16	430	0	65
16	431	0	65
16	434	0	65
16	435	0	65
16	436	0	65
16	437	0	65
16	442	0	65
16	443	0	65
16	444	0	65
16	445	0	65
16	446	0	65
16	447	0	65
16	448	0	65
16	449	0	65
16	450	0	65
16	451	0	65
16	453	0	65
16	454	0	65
16	455	0	65
16	456	0	65
16	457	0	65
16	458	0	65
16	459	0	65
16	460	0	65
16	461	0	65
16	462	0	65
16	463	0	65
16	464	0	65
16	465	0	65
16	466	0	65
16	468	0	65
16	469	0	65
16	471	0	65
16	474	0	65
16	475	0	65
16	476	0	65
16	477	0	65
16	478	0	65
16	481	0	65
16	483	0	65
16	484	0	65
16	485	0	65
16	488	0	65
16	489	0	65
16	490	0	65
16	491	0	65
16	492	0	65
16	494	0	65
16	496	0	65
16	497	0	65
16	499	0	65
16	500	0	65
16	502	0	65
16	503	0	65
16	504	0	65
16	506	0	65
16	507	0	65
16	509	0	65
16	510	0	65
16	511	0	65
17	1	0	65
17	2	0	65
17	3	0	65
17	4	0	65
17	5	0	65
17	6	0	65
17	7	0	65
17	8	0	65
17	9	0	65
17	10	0	65
17	11	0	65
17	13	0	65
17	14	0	65
17	17	0	65
17	18	0	65
17	19	0	65
17	20	0	65
17	21	0	65
17	22	0	65
17	23	0	65
17	24	0	65
17	26	0	65
17	27	0	65
17	29	0	65
17	30	0	65
17	31	0	65
17	32	0	65
17	33	0	65
17	35	0	65
17	36	0	65
17	37	0	65
17	38	0	65
17	39	0	65
17	40	0	65
17	41	0	65
17	42	0	65
17	43	0	65
17	44	0	65
17	45	0	65
17	46	0	65
17	49	0	65
17	51	0	65
17	52	0	65
17	55	0	65
17	56	0	65
17	57	0	65
17	59	0	65
17	60	0	65
17	62	0	65
17	64	0	65
17	65	0	65
17	66	0	65
17	67	0	65
17	70	0	65
17	71	0	65
17	73	0	65
17	75	0	65
17	76	0	65
17	77	0	65
17	78	0	65
17	80	0	65
17	83	0	65
17	86	0	65
17	87	0	65
17	89	0	65
17	90	0	65
17	91	0	65
17	92	0	65
17	93	0	65
17	94	0	65
17	95	0	65
17	96	0	65
17	97	0	65
17	98	0	65
17	99	0	65
17	100	0	65
17	103	0	65
17	104	0	65
17	106	0	65
17	107	0	65
17	108	0	65
17	109	0	65
17	110	0	65
17	111	0	65
17	112	0	65
17	114	0	65
17	115	0	65
17	116	0	65
17	117	0	65
17	118	0	65
17	119	0	65
17	121	0	65
17	122	0	65
17	123	0	65
17	124	0	65
17	128	0	65
17	129	0	65
17	130	0	65
17	131	0	65
17	133	0	65
17	134	0	65
17	135	0	65
17	137	0	65
17	138	0	65
17	139	0	65
17	141	0	65
17	142	0	65
17	144	0	65
17	148	0	65
17	149	0	65
17	153	0	65
17	154	0	65
17	157	0	65
17	158	0	65
17	161	0	65
17	162	0	65
17	163	0	65
17	165	0	65
17	166	0	65
17	167	0	65
17	168	0	65
17	169	0	65
17	170	0	65
17	171	0	65
17	174	0	65
17	176	0	65
17	177	0	65
17	178	0	65
17	179	0	65
17	180	0	65
17	181	0	65
17	182	0	65
17	183	0	65
17	184	0	65
17	185	0	65
17	186	0	65
17	189	0	65
17	190	0	65
17	191	0	65
17	192	0	65
17	194	0	65
17	195	0	65
17	196	0	65
17	197	0	65
17	198	0	65
17	200	0	65
17	201	0	65
17	202	0	65
17	203	0	65
17	205	0	65
17	206	0	65
17	213	0	65
17	216	0	65
17	217	0	65
17	218	0	65
17	219	0	65
17	220	0	65
17	221	0	65
17	223	0	65
17	224	0	65
17	226	0	65
17	227	0	65
17	228	0	65
17	229	0	65
17	230	0	65
17	231	0	65
17	232	0	65
17	234	0	65
17	235	0	65
17	236	0	65
17	237	0	65
17	239	0	65
17	240	0	65
17	241	0	65
17	242	0	65
17	244	0	65
17	245	0	65
17	247	0	65
17	248	0	65
17	249	0	65
17	250	0	65
17	251	0	65
17	254	0	65
17	255	0	65
17	256	0	65
17	258	0	65
17	259	0	65
17	260	0	65
17	262	0	65
17	263	0	65
17	264	0	65
17	265	0	65
17	267	0	65
17	268	0	65
17	269	0	65
17	270	0	65
17	271	0	65
17	273	0	65
17	274	0	65
17	276	0	65
17	277	0	65
17	278	0	65
17	279	0	65
17	280	0	65
17	281	0	65
17	282	0	65
17	283	0	65
17	286	0	65
17	287	0	65
17	288	0	65
17	289	0	65
17	291	0	65
17	292	0	65
17	293	0	65
17	295	0	65
17	297	0	65
17	298	0	65
17	300	0	65
17	301	0	65
17	304	0	65
17	306	0	65
17	307	0	65
17	310	0	65
17	312	0	65
17	313	0	65
17	314	0	65
17	316	0	65
17	317	0	65
17	318	0	65
17	319	0	65
17	320	0	65
17	321	0	65
17	322	0	65
17	323	0	65
17	325	0	65
17	326	0	65
17	332	0	65
17	333	0	65
17	334	0	65
17	335	0	65
17	336	0	65
17	338	0	65
17	339	0	65
17	340	0	65
17	341	0	65
17	342	0	65
17	343	0	65
17	344	0	65
17	346	0	65
17	348	0	65
17	350	0	65
17	351	0	65
17	352	0	65
17	353	0	65
17	354	0	65
17	356	0	65
17	357	0	65
17	358	0	65
17	360	0	65
17	361	0	65
17	362	0	65
17	366	0	65
17	367	0	65
17	368	0	65
17	369	0	65
17	370	0	65
17	373	0	65
17	374	0	65
17	375	0	65
17	376	0	65
17	377	0	65
17	379	0	65
17	380	0	65
17	382	0	65
17	383	0	65
17	384	0	65
17	385	0	65
17	387	0	65
17	388	0	65
17	390	0	65
17	391	0	65
17	392	0	65
17	393	0	65
17	394	0	65
17	395	0	65
17	396	0	65
17	397	0	65
17	398	0	65
17	399	0	65
17	400	0	65
17	402	0	65
17	404	0	65
17	405	0	65
17	406	0	65
17	407	0	65
17	409	0	65
17	412	0	65
17	413	0	65
17	414	0	65
17	415	0	65
17	416	0	65
17	417	0	65
17	418	0	65
17	419	0	65
17	420	0	65
17	421	0	65
17	423	0	65
17	424	0	65
17	427	0	65
17	428	0	65
17	429	0	65
17	431	0	65
17	433	0	65
17	434	0	65
17	435	0	65
17	436	0	65
17	438	0	65
17	439	0	65
17	441	0	65
17	444	0	65
17	445	0	65
17	446	0	65
17	447	0	65
17	448	0	65
17	449	0	65
17	450	0	65
17	451	0	65
17	456	0	65
17	458	0	65
17	459	0	65
17	461	0	65
17	464	0	65
17	465	0	65
17	466	0	65
17	468	0	65
17	471	0	65
17	472	0	65
17	473	0	65
17	475	0	65
17	476	0	65
17	477	0	65
17	479	0	65
17	480	0	65
17	481	0	65
17	483	0	65
17	484	0	65
17	485	0	65
17	487	0	65
17	489	0	65
17	490	0	65
17	491	0	65
17	492	0	65
17	494	0	65
17	495	0	65
17	496	0	65
17	498	0	65
17	500	0	65
17	501	0	65
17	502	0	65
17	503	0	65
17	506	0	65
17	507	0	65
17	508	0	65
17	509	0	65
17	511	0	65
18	1	0	65
18	2	0	65
18	3	0	65
18	4	0	65
18	8	0	65
18	9	0	65
18	10	0	65
18	12	0	65
18	14	0	65
18	15	0	65
18	16	0	65
18	17	0	65
18	18	0	65
18	20	0	65
18	22	0	65
18	23	0	65
18	24	0	65
18	25	0	65
18	27	0	65
18	30	0	65
18	31	0	65
18	32	0	65
18	33	0	65
18	36	0	65
18	37	0	65
18	38	0	65
18	39	0	65
18	40	0	65
18	41	0	65
18	42	0	65
18	44	0	65
18	45	0	65
18	48	0	65
18	52	0	65
18	53	0	65
18	55	0	65
18	56	0	65
18	57	0	65
18	59	0	65
18	60	0	65
18	61	0	65
18	64	0	65
18	65	0	65
18	68	0	65
18	71	0	65
18	72	0	65
18	73	0	65
18	74	0	65
18	75	0	65
18	77	0	65
18	78	0	65
18	80	0	65
18	81	0	65
18	83	0	65
18	85	0	65
18	86	0	65
18	89	0	65
18	90	0	65
18	94	0	65
18	95	0	65
18	97	0	65
18	99	0	65
18	100	0	65
18	101	0	65
18	102	0	65
18	104	0	65
18	105	0	65
18	107	0	65
18	109	0	65
18	110	0	65
18	112	0	65
18	113	0	65
18	114	0	65
18	115	0	65
18	118	0	65
18	120	0	65
18	121	0	65
18	123	0	65
18	125	0	65
18	126	0	65
18	129	0	65
18	130	0	65
18	133	0	65
18	134	0	65
18	136	0	65
18	141	0	65
18	143	0	65
18	144	0	65
18	145	0	65
18	146	0	65
18	148	0	65
18	149	0	65
18	153	0	65
18	155	0	65
18	158	0	65
18	160	0	65
18	161	0	65
18	162	0	65
18	163	0	65
18	166	0	65
18	167	0	65
18	169	0	65
18	171	0	65
18	172	0	65
18	174	0	65
18	175	0	65
18	181	0	65
18	182	0	65
18	186	0	65
18	187	0	65
18	189	0	65
18	190	0	65
18	191	0	65
18	192	0	65
18	193	0	65
18	195	0	65
18	196	0	65
18	197	0	65
18	200	0	65
18	202	0	65
18	203	0	65
18	204	0	65
18	205	0	65
18	206	0	65
18	208	0	65
18	209	0	65
18	210	0	65
18	214	0	65
18	215	0	65
18	217	0	65
18	218	0	65
18	221	0	65
18	223	0	65
18	224	0	65
18	225	0	65
18	226	0	65
18	230	0	65
18	231	0	65
18	232	0	65
18	233	0	65
18	234	0	65
18	236	0	65
18	237	0	65
18	239	0	65
18	241	0	65
18	242	0	65
18	243	0	65
18	245	0	65
18	247	0	65
18	248	0	65
18	249	0	65
18	250	0	65
18	252	0	65
18	253	0	65
18	254	0	65
18	256	0	65
18	257	0	65
18	259	0	65
18	261	0	65
18	262	0	65
18	263	0	65
18	267	0	65
18	268	0	65
18	269	0	65
18	270	0	65
18	271	0	65
18	272	0	65
18	273	0	65
18	274	0	65
18	276	0	65
18	277	0	65
18	278	0	65
18	279	0	65
18	280	0	65
18	281	0	65
18	285	0	65
18	288	0	65
18	289	0	65
18	290	0	65
18	292	0	65
18	295	0	65
18	296	0	65
18	297	0	65
18	300	0	65
18	301	0	65
18	303	0	65
18	304	0	65
18	305	0	65
18	307	0	65
18	309	0	65
18	311	0	65
18	312	0	65
18	313	0	65
18	315	0	65
18	316	0	65
18	317	0	65
18	320	0	65
18	322	0	65
18	323	0	65
18	324	0	65
18	325	0	65
18	326	0	65
18	328	0	65
18	329	0	65
18	332	0	65
18	333	0	65
18	334	0	65
18	337	0	65
18	338	0	65
18	339	0	65
18	340	0	65
18	342	0	65
18	344	0	65
18	345	0	65
18	346	0	65
18	348	0	65
18	349	0	65
18	350	0	65
18	351	0	65
18	352	0	65
18	354	0	65
18	355	0	65
18	356	0	65
18	359	0	65
18	360	0	65
18	363	0	65
18	364	0	65
18	365	0	65
18	367	0	65
18	368	0	65
18	369	0	65
18	371	0	65
18	372	0	65
18	374	0	65
18	375	0	65
18	377	0	65
18	378	0	65
18	379	0	65
18	380	0	65
18	382	0	65
18	383	0	65
18	384	0	65
18	386	0	65
18	387	0	65
18	391	0	65
18	392	0	65
18	393	0	65
18	397	0	65
18	398	0	65
18	400	0	65
18	402	0	65
18	404	0	65
18	405	0	65
18	406	0	65
18	407	0	65
18	409	0	65
18	410	0	65
18	412	0	65
18	413	0	65
18	415	0	65
18	421	0	65
18	422	0	65
18	423	0	65
18	424	0	65
18	425	0	65
18	426	0	65
18	427	0	65
18	429	0	65
18	430	0	65
18	431	0	65
18	432	0	65
18	433	0	65
18	438	0	65
18	439	0	65
18	440	0	65
18	441	0	65
18	446	0	65
18	447	0	65
18	448	0	65
18	450	0	65
18	451	0	65
18	452	0	65
18	453	0	65
18	454	0	65
18	455	0	65
18	456	0	65
18	457	0	65
18	458	0	65
18	459	0	65
18	460	0	65
18	462	0	65
18	463	0	65
18	465	0	65
18	467	0	65
18	469	0	65
18	470	0	65
18	473	0	65
18	474	0	65
18	477	0	65
18	478	0	65
18	479	0	65
18	480	0	65
18	488	0	65
18	489	0	65
18	490	0	65
18	491	0	65
18	492	0	65
18	493	0	65
18	494	0	65
18	495	0	65
18	497	0	65
18	498	0	65
18	499	0	65
18	502	0	65
18	504	0	65
18	505	0	65
18	507	0	65
18	508	0	65
18	509	0	65
18	511	0	65
19	0	0	65
19	2	0	65
19	5	0	65
19	8	0	65
19	10	0	65
19	11	0	65
19	12	0	65
19	13	0	65
19	17	0	65
19	18	0	65
19	19	0	65
19	21	0	65
19	22	0	65
19	23	0	65
19	25	0	65
19	27	0	65
19	28	0	65
19	29	0	65
19	32	0	65
19	36	0	65
19	37	0	65
19	38	0	65
19	39	0	65
19	40	0	65
19	41	0	65
19	42	0	65
19	43	0	65
19	44	0	65
19	48	0	65
19	51	0	65
19	52	0	65
19	53	0	65
19	54	0	65
19	55	0	65
19	56	0	65
19	57	0	65
19	58	0	65
19	59	0	65
19	60	0	65
19	65	0	65
19	67	0	65
19	68	0	65
19	69	0	65
19	70	0	65
19	71	0	65
19	72	0	65
19	74	0	65
19	75	0	65
19	77	0	65
19	78	0	65
19	79	0	65
19	83	0	65
19	85	0	65
19	86	0	65
19	87	0	65
19	89	0	65
19	90	0	65
19	91	0	65
19	93	0	65
19	94	0	65
19	95	0	65
19	97	0	65
19	98	0	65
19	99	0	65
19	102	0	65
19	104	0	65
19	105	0	65
19	106	0	65
19	107	0	65
19	108	0	65
19	109	0	65
19	110	0	65
19	111	0	65
19	112	0	65
19	113	0	65
19	114	0	65
19	115	0	65
19	116	0	65
19	117	0	65
19	119	0	65
19	120	0	65
19	121	0	65
19	122	0	65
19	123	0	65
19	125	0	65
19	126	0	65
19	127	0	65
19	128	0	65
19	129	0	65
19	130	0	65
19	131	0	65
19	132	0	65
19	133	0	65
19	137	0	65
19	139	0	65
19	141	0	65
19	142	0	65
19	143	0	65
19	146	0	65
19	148	0	65
19	149	0	65
19	150	0	65
19	151	0	65
19	152	0	65
19	153	0	65
19	155	0	65
19	156	0	65
19	157	0	65
19	158	0	65
19	163	0	65
19	164	0	65
19	165	0	65
19	166	0	65
19	167	0	65
19	168	0	65
19	169	0	65
19	171	0	65
19	172	0	65
19	175	0	65
19	177	0	65
19	178	0	65
19	179	0	65
19	180	0	65
19	181	0	65
19	182	0	65
19	185	0	65
19	186	0	65
19	187	0	65
19	189	0	65
19	190	0	65
19	191	0	65
19	194	0	65
19	195	0	65
19	196	0	65
19	199	0	65
19	200	0	65
19	201	0	65
19	202	0	65
19	203	0	65
19	204	0	65
19	205	0	65
19	206	0	65
19	207	0	65
19	208	0	65
19	209	0	65
19	210	0	65
19	211	0	65
19	212	0	65
19	213	0	65
19	214	0	65
19	215	0	65
19	216	0	65
19	217	0	65
19	218	0	65
19	219	0	65
19	220	0	65
19	224	0	65
19	228	0	65
19	229	0	65
19	230	0	65
19	231	0	65
19	232	0	65
19	233	0	65
19	234	0	65
19	235	0	65
19	236	0	65
19	237	0	65
19	238	0	65
19	240	0	65
19	241	0	65
19	243	0	65
19	244	0	65
19	247	0	65
19	248	0	65
19	249	0	65
19	250	0	65
19	251	0	65
19	255	0	65
19	256	0	65
19	257	0	65
19	258	0	65
19	260	0	65
19	261	0	65
19	264	0	65
19	265	0	65
19	266	0	65
19	267	0	65
19	268	0	65
19	270	0	65
19	272	0	65
19	274	0	65
19	276	0	65
19	277	0	65
19	278	0	65
19	279	0	65
19	280	0	65
19	283	0	65
19	284	0	65
19	287	0	65
19	289	0	65
19	294	0	65
19	295	0	65
19	297	0	65
19	298	0	65
19	299	0	65
19	300	0	65
19	301	0	65
19	302	0	65
19	303	0	65
19	304	0	65
19	305	0	65
19	306	0	65
19	310	0	65
19	311	0	65
19	312	0	65
19	317	0	65
19	318	0	65
19	319	0	65
19	320	0	65
19	321	0	65
19	322	0	65
19	323	0	65
19	324	0	65
19	325	0	65
19	326	0	65
19	328	0	65
19	329	0	65
19	331	0	65
19	332	0	65
19	334	0	65
19	336	0	65
19	337	0	65
19	339	0	65
19	343	0	65
19	344	0	65
19	345	0	65
19	346	0	65
19	347	0	65
19	348	0	65
19	350	0	65
19	351	0	65
19	352	0	65
19	353	0	65
19	354	0	65
19	355	0	65
19	356	0	65
19	358	0	65
19	359	0	65
19	361	0	65
19	362	0	65
19	363	0	65
19	365	0	65
19	370	0	65
19	378	0	65
19	379	0	65
19	381	0	65
19	382	0	65
19	384	0	65
19	387	0	65
19	390	0	65
19	391	0	65
19	392	0	65
19	393	0	65
19	394	0	65
19	395	0	65
19	397	0	65
19	398	0	65
19	399	0	65
19	400	0	65
19	401	0	65
19	402	0	65
19	404	0	65
19	405	0	65
19	409	0	65
19	410	0	65
19	411	0	65
19	415	0	65
19	416	0	65
19	417	0	65
19	418	0	65
19	419	0	65
19	420	0	65
19	421	0	65
19	423	0	65
19	425	0	65
19	427	0	65
19	428	0	65
19	431	0	65
19	432	0	65
19	433	0	65
19	437	0	65
19	438	0	65
19	439	0	65
19	440	0	65
19	441	0	65
19	442	0	65
19	443	0	65
19	445	0	65
19	446	0	65
19	447	0	65
19	448	0	65
19	449	0	65
19	450	0	65
19	451	0	65
19	452	0	65
19	455	0	65
19	457	0	65
19	458	0	65
19	459	0	65
19	460	0	65
19	461	0	65
19	462	0	65
19	463	0	65
19	464	0	65
19	465	0	65
19	467	0	65
19	471	0	65
19	472	0	65
19	473	0	65
19	474	0	65
19	475	0	65
19	476	0	65
19	477	0	65
19	478	0	65
19	479	0	65
19	480	0	65
19	481	0	65
19	484	0	65
19	485	0	65
19	486	0	65
19	488	0	65
19	491	0	65
19	492	0	65
19	493	0	65
19	494	0	65
19	496	0	65
19	497	0	65
19	498	0	65
19	499	0	65
19	500	0	65
19	501	0	65
19	502	0	65
19	504	0	65
19	506	0	65
19	508	0	65
19	511	0	65
20	0	0	65
20	1	0	65
20	3	0	65
20	4	0	65
20	6	0	65
20	9	0	65
20	11	0	65
20	12	0	65
20	13	0	65
20	14	0	65
20	17	0	65
20	18	0	65
20	19	0	65
20	21	0	65
20	22	0	65
20	23	0	65
20	24	0	65
20	25	0	65
20	28	0	65
20	31	0	65
20	32	0	65
20	33	0	65
20	35	0	65
20	36	0	65
20	37	0	65
20	38	0	65
20	41	0	65
20	43	0	65
20	44	0	65
20	46	0	65
20	48	0	65
20	49	0	65
20	50	0	65
20	51	0	65
20	52	0	65
20	54	0	65
20	59	0	65
20	60	0	65
20	61	0	65
20	62	0	65
20	64	0	65
20	65	0	65
20	66	0	65
20	67	0	65
20	68	0	65
20	69	0	65
20	70	0	65
20	71	0	65
20	73	0	65
20	74	0	65
20	77	0	65
20	79	0	65
20	80	0	65
20	83	0	65
20	84	0	65
20	85	0	65
20	87	0	65
20	88	0	65
20	91	0	65
20	92	0	65
20	96	0	65
20	97	0	65
20	98	0	65
20	100	0	65
20	101	0	65
20	102	0	65
20	103	0	65
20	105	0	65
20	106	0	65
20	107	0	65
20	108	0	65
20	110	0	65
20	111	0	65
20	112	0	65
20	113	0	65
20	114	0	65
20	116	0	65
20	118	0	65
20	119	0	65
20	124	0	65
20	126	0	65
20	129	0	65
20	130	0	65
20	132	0	65
20	133	0	65
20	134	0	65
20	135	0	65
20	137	0	65
20	139	0	65
20	141	0	65
20	142	0	65
20	143	0	65
20	144	0	65
20	145	0	65
20	146	0	65
20	148	0	65
20	149	0	65
20	150	0	65
20	152	0	65
20	153	0	65
20	155	0	65
20	156	0	65
20	158	0	65
20	159	0	65
20	160	0	65
20	161	0	65
20	163	0	65
20	164	0	65
20	165	0	65
20	166	0	65
20	167	0	65
20	168	0	65
20	169	0	65
20	171	0	65
20	172	0	65
20	174	0	65
20	175	0	65
20	176	0	65
20	178	0	65
20	180	0	65
20	181	0	65
20	182	0	65
20	183	0	65
20	184	0	65
20	185	0	65
20	186	0	65
20	187	0	65
20	188	0	65
20	193	0	65
20	194	0	65
20	195	0	65
20	196	0	65
20	197	0	65
20	198	0	65
20	199	0	65
20	200	0	65
20	201	0	65
20	203	0	65
20	205	0	65
20	206	0	65
20	207	0	65
20	208	0	65
20	209	0	65
20	211	0	65
20	213	0	65
20	220	0	65
20	221	0	65
20	222	0	65
20	223	0	65
20	224	0	65
20	225	0	65
20	227	0	65
20	229	0	65
20	232	0	65
20	233	0	65
20	234	0	65
20	235	0	65
20	236	0	65
20	237	0	65
20	238	0	65
20	239	0	65
20	240	0	65
20	241	0	65
20	242	0	65
20	243	0	65
20	245	0	65
20	246	0	65
20	247	0	65
20	253	0	65
20	254	0	65
20	256	0	65
20	257	0	65
20	259	0	65
20	260	0	65
20	261	0	65
20	262	0	65
20	263	0	65
20	264	0	65
20	266	0	65
20	268	0	65
20	269	0	65
20	270	0	65
20	271	0	65
20	273	0	65
20	275	0	65
20	276	0	65
20	277	0	65
20	278	0	65
20	280	0	65
20	281	0	65
20	282	0	65
20	283	0	65
20	285	0	65
20	286	0	65
20	287	0	65
20	288	0	65
20	290	0	65
20	292	0	65
20	293	0	65
20	294	0	65
20	295	0	65
20	299	0	65
20	301	0	65
20	302	0	65
20	303	0	65
20	304	0	65
20	305	0	65
20	306	0	65
20	307	0	65
20	308	0	65
20	309	0	65
20	311	0	65
20	312	0	65
20	314	0	65
20	316	0	65
20	317	0	65
20	319	0	65
20	320	0	65
20	322	0	65
20	323	0	65
20	325	0	65
20	326	0	65
20	327	0	65
20	328	0	65
20	329	0	65
20	330	0	65
20	331	0	65
20	332	0	65
20	333	0	65
20	334	0	65
20	337	0	65
20	338	0	65
20	340	0	65
20	342	0	65
20	343	0	65
20	346	0	65
20	348	0	65
20	350	0	65
20	351	0	65
20	352	0	65
20	353	0	65
20	354	0	65
20	355	0	65
20	356	0	65
20	357	0	65
20	359	0	65
20	360	0	65
20	361	0	65
20	362	0	65
20	365	0	65
20	366	0	65
20	367	0	65
20	368	0	65
20	370	0	65
20	371	0	65
20	372	0	65
20	373	0	65
20	374	0	65
20	375	0	65
20	376	0	65
20	377	0	65
20	378	0	65
20	379	0	65
20	380	0	65
20	381	0	65
20	382	0	65
20	384	0	65
20	385	0	65
20	387	0	65
20	390	0	65
20	392	0	65
20	393	0	65
20	395	0	65
20	397	0	65
20	398	0	65
20	399	0	65
20	402	0	65
20	403	0	65
20	404	0	65
20	405	0	65
20	406	0	65
20	408	0	65
20	409	0	65
20	410	0	65
20	411	0	65
20	414	0	65
20	415	0	65
20	417	0	65
20	418	0	65
20	419	0	65
20	420	0	65
20	421	0	65
20	422	0	65
20	424	0	65
20	425	0	65
20	426	0	65
20	427	0	65
20	428	0	65
20	431	0	65
20	432	0	65
20	435	0	65
20	436	0	65
20	438	0	65
20	443	0	65
20	446	0	65
20	447	0	65
20	448	0	65
20	449	0	65
20	450	0	65
20	452	0	65
20	453	0	65
20	460	0	65
20	461	0	65
20	462	0	65
20	463	0	65
20	464	0	65
20	465	0	65
20	466	0	65
20	470	0	65
20	471	0	65
20	472	0	65
20	473	0	65
20	475	0	65
20	476	0	65
20	478	0	65
20	481	0	65
20	482	0	65
20	483	0	65
20	484	0	65
20	486	0	65
20	490	0	65
20	491	0	65
20	492	0	65
20	493	0	65
20	496	0	65
20	498	0	65
20	500	0	65
20	501	0	65
20	502	0	65
20	504	0	65
20	505	0	65
20	509	0	65
20	510	0	65
21	1	0	65
21	2	0	65
21	4	0	65
21	7	0	65
21	8	0	65
21	13	0	65
21	14	0	65
21	15	0	65
21	16	0	65
21	19	0	65
21	20	0	65
21	23	0	65
21	26	0	65
21	27	0	65
21	29	0	65
21	30	0	65
21	31	0	65
21	32	0	65
21	34	0	65
21	35	0	65
21	36	0	65
21	37	0	65
21	38	0	65
21	42	0	65
21	45	0	65
21	47	0	65
21	48	0	65
21	49	0	65
21	50	0	65
21	51	0	65
21	52	0	65
21	55	0	65
21	57	0	65
21	58	0	65
21	60	0	65
21	61	0	65
21	63	0	65
21	64	0	65
21	65	0	65
21	66	0	65
21	68	0	65
21	71	0	65
21	72	0	65
21	73	0	65
21	74	0	65
21	75	0	65
21	76	0	65
21	77	0	65
21	78	0	65
21	79	0	65
21	80	0	65
21	82	0	65
21	84	0	65
21	85	0	65
21	86	0	65
21	87	0	65
21	89	0	65
21	90	0	65
21	91	0	65
21	92	0	65
21	93	0	65
21	95	0	65
21	96	0	65
21	98	0	65
21	99	0	65
21	101	0	65
21	102	0	65
21	103	0	65
21	105	0	65
21	106	0	65
21	108	0	65
21	109	0	65
21	110	0	65
21	112	0	65
21	114	0	65
21	115	0	65
21	117	0	65
21	120	0	65
21	121	0	65
21	122	0	65
21	123	0	65
21	124	0	65
21	125	0	65
21	126	0	65
21	129	0	65
21	130	0	65
21	132	0	65
21	133	0	65
21	135	0	65
21	137	0	65
21	138	0	65
21	139	0	65
21	141	0	65
21	143	0	65
21	144	0	65
21	145	0	65
21	146	0	65
21	147	0	65
21	148	0	65
21	149	0	65
21	151	0	65
21	153	0	65
21	156	0	65
21	157	0	65
21	159	0	65
21	160	0	65
21	161	0	65
21	165	0	65
21	169	0	65
21	171	0	65
21	172	0	65
21	173	0	65
21	174	0	65
21	175	0	65
21	177	0	65
21	179	0	65
21	182	0	65
21	185	0	65
21	186	0	65
21	188	0	65
21	190	0	65
21	191	0	65
21	192	0	65
21	193	0	65
21	194	0	65
21	195	0	65
21	196	0	65
21	197	0	65
21	198	0	65
21	200	0	65
21	202	0	65
21	203	0	65
21	204	0	65
21	205	0	65
21	206	0	65
21	207	0	65
21	209	0	65
21	210	0	65
21	212	0	65
21	213	0	65
21	217	0	65
21	218	0	65
21	219	0	65
21	220	0	65
21	221	0	65
21	222	0	65
21	225	0	65
21	226	0	65
21	227	0	65
21	228	0	65
21	230	0	65
21	231	0	65
21	232	0	65
21	233	0	65
21	234	0	65
21	236	0	65
21	237	0	65
21	238	0	65
21	240	0	65
21	241	0	65
21	244	0	65
21	245	0	65
21	246	0	65
21	249	0	65
21	250	0	65
21	251	0	65
21	252	0	65
21	254	0	65
21	256	0	65
21	257	0	65
21	258	0	65
21	259	0	65
21	260	0	65
21	262	0	65
21	263	0	65
21	264	0	65
21	265	0	65
21	267	0	65
21	272	0	65
21	273	0	65
21	274	0	65
21	275	0	65
21	276	0	65
21	279	0	65
21	280	0	65
21	284	0	65
21	285	0	65
21	289	0	65
21	291	0	65
21	294	0	65
21	295	0	65
21	300	0	65
21	304	0	65
21	306	0	65
21	308	0	65
21	309	0	65
21	310	0	65
21	313	0	65
21	315	0	65
21	316	0	65
21	318	0	65
21	319	0	65
21	320	0	65
21	321	0	65
21	322	0	65
21	323	0	65
21	325	0	65
21	326	0	65
21	327	0	65
21	328	0	65
21	329	0	65
21	330	0	65
21	332	0	65
21	333	0	65
21	334	0	65
21	335	0	65
21	336	0	65
21	339	0	65
21	340	0	65
21	341	0	65
21	342	0	65
21	343	0	65
21	344	0	65
21	347	0	65
21	348	0	65
21	349	0	65
21	351	0	65
21	352	0	65
21	353	0	65
21	354	0	65
21	355	0	65
21	357	0	65
21	358	0	65
21	360	0	65
21	361	0	65
21	362	0	65
21	363	0	65
21	366	0	65
21	367	0	65
21	368	0	65
21	369	0	65
21	372	0	65
21	373	0	65
21	374	0	65
21	375	0	65
21	376	0	65
21	377	0	65
21	378	0	65
21	380	0	65
21	381	0	65
21	382	0	65
21	383	0	65
21	385	0	65
21	386	0	65
21	389	0	65
21	390	0	65
21	391	0	65
21	393	0	65
21	395	0	65
21	397	0	65
21	399	0	65
21	401	0	65
21	403	0	65
21	404	0	65
21	405	0	65
21	406	0	65
21	408	0	65
21	410	0	65
21	411	0	65
21	413	0	65
21	415	0	65
21	416	0	65
21	421	0	65
21	422	0	65
21	423	0	65
21	424	0	65
21	425	0	65
21	426	0	65
21	427	0	65
21	428	0	65
21	429	0	65
21	430	0	65
21	431	0	65
21	432	0	65
21	434	0	65
21	435	0	65
21	437	0	65
21	438	0	65
21	439	0	65
21	441	0	65
21	443	0	65
21	444	0	65
21	445	0	65
21	446	0	65
21	448	0	65
21	449	0	65
21	450	0	65
21	451	0	65
21	452	0	65
21	455	0	65
21	457	0	65
21	459	0	65
21	460	0	65
21	462	0	65
21	463	0	65
21	466	0	65
21	467	0	65
21	468	0	65
21	471	0	65
21	473	0	65
21	475	0	65
21	476	0	65
21	477	0	65
21	480	0	65
21	481	0	65
21	482	0	65
21	483	0	65
21	484	0	65
21	485	0	65
21	486	0	65
21	487	0	65
21	488	0	65
21	489	0	65
21	491	0	65
21	492	0	65
21	493	0	65
21	494	0	65
21	495	0	65
21	496	0	65
21	497	0	65
21	498	0	65
21	500	0	65
21	501	0	65
21	503	0	65
21	506	0	65
21	509	0	65
21	510	0	65
22	0	0	65
22	1	0	65
22	2	0	65
22	3	0	65
22	4	0	65
22	5	0	65
22	7	0	65
22	9	0	65
22	11	0	65
22	12	0	65
22	13	0	65
22	15	0	65
22	19	0	65
22	21	0	65
22	22	0	65
22	23	0	65
22	24	0	65
22	25	0	65
22	26	0	65
22	27	0	65
22	29	0	65
22	31	0	65
22	32	0	65
22	34	0	65
22	36	0	65
22	37	0	65
22	38	0	65
22	39	0	65
22	44	0	65
22	47	0	65
22	49	0	65
22	55	0	65
22	58	0	65
22	59	0	65
22	61	0	65
22	62	0	65
22	63	0	65
22	64	0	65
22	65	0	65
22	67	0	65
22	68	0	65
22	69	0	65
22	70	0	65
22	71	0	65
22	72	0	65
22	73	0	65
22	75	0	65
22	76	0	65
22	78	0	65
22	79	0	65
22	80	0	65
22	82	0	65
22	84	0	65
22	85	0	65
22	87	0	65
22	88	0	65
22	89	0	65
22	93	0	65
22	94	0	65
22	95	0	65
22	98	0	65
22	99	0	65
22	100	0	65
22	101	0	65
22	103	0	65
22	105	0	65
22	106	0	65
22	108	0	65
22	109	0	65
22	110	0	65
22	114	0	65
22	116	0	65
22	117	0	65
22	118	0	65
22	120	0	65
22	123	0	65
22	124	0	65
22	127	0	65
22	129	0	65
22	130	0	65
22	131	0	65
22	132	0	65
22	133	0	65
22	137	0	65
22	139	0	65
22	140	0	65
22	141	0	65
22	143	0	65
22	144	0	65
22	147	0	65
22	148	0	65
22	149	0	65
22	151	0	65
22	152	0	65
22	153	0	65
22	154	0	65
22	155	0	65
22	156	0	65
22	157	0	65
22	158	0	65
22	159	0	65
22	161	0	65
22	166	0	65
22	167	0	65
22	168	0	65
22	169	0	65
22	171	0	65
22	172	0	65
22	174	0	65
22	175	0	65
22	176	0	65
22	181	0	65
22	182	0	65
22	183	0	65
22	184	0	65
22	185	0	65
22	187	0	65
22	189	0	65
22	191	0	65
22	196	0	65
22	197	0	65
22	198	0	65
22	200	0	65
22	202	0	65
22	203	0	65
22	204	0	65
22	207	0	65
22	208	0	65
22	209	0	65
22	210	0	65
22	211	0	65
22	212	0	65
22	213	0	65
22	214	0	65
22	216	0	65
22	217	0	65
22	219	0	65
22	220	0	65
22	226	0	65
22	227	0	65
22	228	0	65
22	229	0	65
22	233	0	65
22	234	0	65
22	236	0	65
22	238	0	65
22	240	0	65
22	241	0	65
22	245	0	65
22	246	0	65
22	247	0	65
22	248	0	65
22	249	0	65
22	250	0	65
22	251	0	65
22	252	0	65
22	254	0	65
22	256	0	65
22	258	0	65
22	260	0	65
22	262	0	65
22	263	0	65
22	264	0	65
22	268	0	65
22	269	0	65
22	270	0	65
22	274	0	65
22	277	0	65
22	280	0	65
22	282	0	65
22	286	0	65
22	288	0	65
22	289	0	65
22	291	0	65
22	294	0	65
22	296	0	65
22	298	0	65
22	304	0	65
22	309	0	65
22	311	0	65
22	313	0	65
22	314	0	65
22	315	0	65
22	317	0	65
22	318	0	65
22	319	0	65
22	323	0	65
22	326	0	65
22	327	0	65
22	329	0	65
22	330	0	65
22	331	0	65
22	332	0	65
22	333	0	65
22	335	0	65
22	336	0	65
22	337	0	65
22	338	0	65
22	340	0	65
22	342	0	65
22	344	0	65
22	346	0	65
22	347	0	65
22	348	0	65
22	350	0	65
22	352	0	65
22	353	0	65
22	358	0	65
22	359	0	65
22	360	0	65
22	361	0	65
22	362	0	65
22	363	0	65
22	364	0	65
22	365	0	65
22	366	0	65
22	367	0	65
22	370	0	65
22	376	0	65
22	380	0	65
22	382	0	65
22	385	0	65
22	388	0	65
22	389	0	65
22	391	0	65
22	392	0	65
22	395	0	65
22	396	0	65
22	397	0	65
22	398	0	65
22	399	0	65
22	403	0	65
22	405	0	65
22	410	0	65
22	411	0	65
22	412	0	65
22	417	0	65
22	418	0	65
22	420	0	65
22	421	0	65
22	423	0	65
22	427	0	65
22	430	0	65
22	432	0	65
22	433	0	65
22	435	0	65
22	436	0	65
22	437	0	65
22	438	0	65
22	439	0	65
22	442	0	65
22	443	0	65
22	445	0	65
22	447	0	65
22	450	0	65
22	451	0	65
22	454	0	65
22	455	0	65
22	459	0	65
22	462	0	65
22	463	0	65
22	464	0	65
22	466	0	65
22	474	0	65
22	475	0	65
22	477	0	65
22	478	0	65
22	480	0	65
22	481	0	65
22	482	0	65
22	483	0	65
22	484	0	65
22	485	0	65
22	486	0	65
22	487	0	65
22	488	0	65
22	490	0	65
22	491	0	65
22	492	0	65
22	494	0	65
22	496	0	65
22	497	0	65
22	502	0	65
22	505	0	65
22	508	0	65
22	510	0	65
23	1	0	65
23	2	0	65
23	3	0	65
23	4	0	65
23	6	0	65
23	7	0	65
23	8	0	65
23	10	0	65
23	11	0	65
23	12	0	65
23	13	0	65
23	14	0	65
23	15	0	65
23	16	0	65
23	17	0	65
23	18	0	65
23	19	0	65
23	22	0	65
23	25	0	65
23	26	0	65
23	28	0	65
23	29	0	65
23	30	0	65
23	32	0	65
23	34	0	65
23	35	0	65
23	36	0	65
23	37	0	65
23	38	0	65
23	39	0	65
23	40	0	65
23	41	0	65
23	43	0	65
23	44	0	65
23	47	0	65
23	48	0	65
23	49	0	65
23	50	0	65
23	51	0	65
23	53	0	65
23	54	0	65
23	55	0	65
23	56	0	65
23	59	0	65
23	60	0	65
23	61	0	65
23	62	0	65
23	63	0	65
23	64	0	65
23	65	0	65
23	66	0	65
23	67	0	65
23	68	0	65
23	69	0	65
23	70	0	65
23	72	0	65
23	74	0	65
23	75	0	65
23	76	0	65
23	77	0	65
23	79	0	65
23	80	0	65
23	83	0	65
23	85	0	65
23	86	0	65
23	88	0	65
23	90	0	65
23	92	0	65
23	93	0	65
23	94	0	65
23	95	0	65
23	96	0	65
23	97	0	65
23	98	0	65
23	99	0	65
23	101	0	65
23	105	0	65
23	108	0	65
23	109	0	65
23	110	0	65
23	111	0	65
23	112	0	65
23	113	0	65
23	115	0	65
23	116	0	65
23	117	0	65
23	118	0	65
23	119	0	65
23	121	0	65
23	122	0	65
23	123	0	65
23	124	0	65
23	125	0	65
23	126	0	65
23	128	0	65
23	129	0	65
23	130	0	65
23	131	0	65
23	132	0	65
23	133	0	65
23	135	0	65
23	136	0	65
23	137	0	65
23	138	0	65
23	139	0	65
23	140	0	65
23	141	0	65
23	142	0	65
23	143	0	65
23	144	0	65
23	145	0	65
23	147	0	65
23	148	0	65
23	149	0	65
23	150	0	65
23	151	0	65
23	152	0	65
23	153	0	65
23	154	0	65
23	156	0	65
23	157	0	65
23	158	0	65
23	159	0	65
23	160	0	65
23	161	0	65
23	163	0	65
23	165	0	65
23	166	0	65
23	168	0	65
23	169	0	65
23	170	0	65
23	173	0	65
23	174	0	65
23	177	0	65
23	178	0	65
23	179	0	65
23	180	0	65
23	181	0	65
23	182	0	65
23	183	0	65
23	184	0	65
23	186	0	65
23	187	0	65
23	188	0	65
23	189	0	65
23	190	0	65
23	194	0	65
23	196	0	65
23	197	0	65
23	200	0	65
23	201	0	65
23	202	0	65
23	203	0	65
23	205	0	65
23	207	0	65
23	208	0	65
23	209	0	65
23	210	0	65
23	211	0	65
23	212	0	65
23	213	0	65
23	214	0	65
23	216	0	65
23	218	0	65
23	220	0	65
23	221	0	65
23	222	0	65
23	223	0	65
23	224	0	65
23	225	0	65
23	226	0	65
23	228	0	65
23	229	0	65
23	230	0	65
23	231	0	65
23	232	0	65
23	234	0	65
23	236	0	65
23	240	0	65
23	241	0	65
23	243	0	65
23	246	0	65
23	249	0	65
23	250	0	65
23	251	0	65
23	252	0	65
23	253	0	65
23	254	0	65
23	255	0	65
23	258	0	65
23	259	0	65
23	261	0	65
23	264	0	65
23	265	0	65
23	266	0	65
23	268	0	65
23	271	0	65
23	272	0	65
23	273	0	65
23	274	0	65
23	276	0	65
23	277	0	65
23	278	0	65
23	279	0	65
23	280	0	65
23	281	0	65
23	282	0	65
23	283	0	65
23	284	0	65
23	286	0	65
23	287	0	65
23	288	0	65
23	290	0	65
23	291	0	65
23	292	0	65
23	293	0	65
23	294	0	65
23	295	0	65
23	296	0	65
23	297	0	65
23	298	0	65
23	300	0	65
23	301	0	65
23	303	0	65
23	304	0	65
23	305	0	65
23	306	0	65
23	307	0	65
23	308	0	65
23	309	0	65
23	311	0	65
23	312	0	65
23	313	0	65
23	314	0	65
23	315	0	65
23	318	0	65
23	319	0	65
23	320	0	65
23	322	0	65
23	324	0	65
23	326	0	65
23	327	0	65
23	328	0	65
23	330	0	65
23	335	0	65
23	339	0	65
23	342	0	65
23	343	0	65
23	344	0	65
23	345	0	65
23	346	0	65
23	347	0	65
23	348	0	65
23	349	0	65
23	350	0	65
23	351	0	65
23	352	0	65
23	353	0	65
23	355	0	65
23	357	0	65
23	358	0	65
23	359	0	65
23	360	0	65
23	361	0	65
23	362	0	65
23	364	0	65
23	365	0	65
23	367	0	65
23	368	0	65
23	369	0	65
23	370	0	65
23	371	0	65
23	373	0	65
23	374	0	65
23	375	0	65
23	376	0	65
23	377	0	65
23	378	0	65
23	380	0	65
23	381	0	65
23	383	0	65
23	385	0	65
23	386	0	65
23	388	0	65
23	391	0	65
23	392	0	65
23	394	0	65
23	395	0	65
23	396	0	65
23	399	0	65
23	400	0	65
23	402	0	65
23	403	0	65
23	404	0	65
23	405	0	65
23	406	0	65
23	407	0	65
23	409	0	65
23	410	0	65
23	411	0	65
23	412	0	65
23	413	0	65
23	415	0	65
23	416	0	65
23	417	0	65
23	418	0	65
23	419	0	65
23	420	0	65
23	421	0	65
23	422	0	65
23	423	0	65
23	424	0	65
23	426	0	65
23	427	0	65
23	428	0	65
23	429	0	65
23	430	0	65
23	431	0	65
23	432	0	65
23	433	0	65
23	434	0	65
23	435	0	65
23	436	0	65
23	437	0	65
23	438	0	65
23	439	0	65
23	440	0	65
23	441	0	65
23	442	0	65
23	443	0	65
23	444	0	65
23	445	0	65
23	447	0	65
23	448	0	65
23	451	0	65
23	452	0	65
23	454	0	65
23	455	0	65
23	456	0	65
23	458	0	65
23	459	0	65
23	460	0	65
23	461	0	65
23	463	0	65
23	464	0	65
23	466	0	65
23	468	0	65
23	469	0	65
23	470	0	65
23	471	0	65
23	472	0	65
23	473	0	65
23	474	0	65
23	476	0	65
23	479	0	65
23	482	0	65
23	483	0	65
23	484	0	65
23	485	0	65
23	487	0	65
23	488	0	65
23	489	0	65
23	491	0	65
23	492	0	65
23	493	0	65
23	495	0	65
23	497	0	65
23	499	0	65
23	500	0	65
23	501	0	65
23	502	0	65
23	503	0	65
23	504	0	65
23	505	0	65
23	506	0	65
23	507	0	65
23	508	0	65
23	509	0	65
23	510	0	65
23	511	0	65
24	0	0	65
24	1	0	65
24	2	0	65
24	5	0	65
24	6	0	65
24	7	0	65
24	8	0	65
24	10	0	65
24	12	0	65
24	14	0	65
24	15	0	65
24	16	0	65
24	17	0	65
24	18	0	65
24	19	0	65
24	20	0	65
24	21	0	65
24	23	0	65
24	24	0	65
24	25	0	65
24	26	0	65
24	28	0	65
24	29	0	65
24	31	0	65
24	33	0	65
24	38	0	65
24	39	0	65
24	40	0	65
24	42	0	65
24	43	0	65
24	45	0	65
24	47	0	65
24	48	0	65
24	49	0	65
24	52	0	65
24	53	0	65
24	54	0	65
24	55	0	65
24	56	0	65
24	57	0	65
24	58	0	65
24	62	0	65
24	63	0	65
24	65	0	65
24	66	0	65
24	67	0	65
24	69	0	65
24	70	0	65
24	71	0	65
24	72	0	65
24	74	0	65
24	75	0	65
24	76	0	65
24	77	0	65
24	78	0	65
24	79	0	65
24	80	0	65
24	81	0	65
24	82	0	65
24	83	0	65
24	84	0	65
24	85	0	65
24	87	0	65
24	88	0	65
24	89	0	65
24	90	0	65
24	91	0	65
24	92	0	65
24	93	0	65
24	94	0	65
24	96	0	65
24	97	0	65
24	98	0	65
24	100	0	65
24	101	0	65
24	102	0	65
24	103	0	65
24	105	0	65
24	106	0	65
24	107	0	65
24	108	0	65
24	114	0	65
24	115	0	65
24	118	0	65
24	119	0	65
24	120	0	65
24	121	0	65
24	122	0	65
24	123	0	65
24	124	0	65
24	125	0	65
24	128	0	65
24	129	0	65
24	130	0	65
24	132	0	65
24	133	0	65
24	135	0	65
24	136	0	65
24	137	0	65
24	139	0	65
24	140	0	65
24	141	0	65
24	142	0	65
24	143	0	65
24	144	0	65
24	145	0	65
24	147	0	65
24	148	0	65
24	149	0	65
24	150	0	65
24	152	0	65
24	153	0	65
24	156	0	65
24	157	0	65
24	158	0	65
24	159	0	65
24	161	0	65
24	163	0	65
24	164	0	65
24	165	0	65
24	167	0	65
24	168	0	65
24	172	0	65
24	173	0	65
24	174	0	65
24	176	0	65
24	177	0	65
24	178	0	65
24	179	0	65
24	180	0	65
24	182	0	65
24	183	0	65
24	184	0	65
24	185	0	65
24	187	0	65
24	188	0	65
24	189	0	65
24	192	0	65
24	193	0	65
24	194	0	65
24	195	0	65
24	196	0	65
24	197	0	65
24	200	0	65
24	202	0	65
24	204	0	65
24	209	0	65
24	211	0	65
24	212	0	65
24	213	0	65
24	214	0	65
24	215	0	65
24	216	0	65
24	218	0	65
24	220	0	65
24	222	0	65
24	223	0	65
24	224	0	65
24	225	0	65
24	226	0	65
24	227	0	65
24	228	0	65
24	229	0	65
24	232	0	65
24	233	0	65
24	234	0	65
24	235	0	65
24	236	0	65
24	237	0	65
24	238	0	65
24	240	0	65
24	241	0	65
24	243	0	65
24	246	0	65
24	247	0	65
24	248	0	65
24	251	0	65
24	252	0	65
24	253	0	65
24	254	0	65
24	255	0	65
24	256	0	65
24	257	0	65
24	258	0	65
24	259	0	65
24	261	0	65
24	264	0	65
24	265	0	65
24	266	0	65
24	267	0	65
24	271	0	65
24	272	0	65
24	273	0	65
24	274	0	65
24	276	0	65
24	278	0	65
24	280	0	65
24	281	0	65
24	282	0	65
24	285	0	65
24	286	0	65
24	287	0	65
24	288	0	65
24	289	0	65
24	290	0	65
24	291	0	65
24	292	0	65
24	293	0	65
24	294	0	65
24	295	0	65
24	296	0	65
24	297	0	65
24	298	0	65
24	299	0	65
24	300	0	65
24	302	0	65
24	303	0	65
24	306	0	65
24	309	0	65
24	310	0	65
24	311	0	65
24	312	0	65
24	313	0	65
24	314	0	65
24	315	0	65
24	317	0	65
24	320	0	65
24	321	0	65
24	323	0	65
24	324	0	65
24	326	0	65
24	327	0	65
24	328	0	65
24	329	0	65
24	330	0	65
24	332	0	65
24	333	0	65
24	335	0	65
24	336	0	65
24	337	0	65
24	338	0	65
24	340	0	65
24	341	0	65
24	343	0	65
24	344	0	65
24	345	0	65
24	346	0	65
24	347	0	65
24	348	0	65
24	350	0	65
24	352	0	65
24	358	0	65
24	359	0	65
24	360	0	65
24	362	0	65
24	363	0	65
24	364	0	65
24	367	0	65
24	368	0	65
24	371	0	65
24	372	0	65
24	374	0	65
24	375	0	65
24	376	0	65
24	377	0	65
24	379	0	65
24	380	0	65
24	382	0	65
24	384	0	65
24	385	0	65
24	387	0	65
24	388	0	65
24	389	0	65
24	390	0	65
24	391	0	65
24	392	0	65
24	393	0	65
24	394	0	65
24	396	0	65
24	397	0	65
24	398	0	65
24	399	0	65
24	400	0	65
24	401	0	65
24	402	0	65
24	403	0	65
24	404	0	65
24	405	0	65
24	406	0	65
24	407	0	65
24	408	0	65
24	409	0	65
24	410	0	65
24	411	0	65
24	412	0	65
24	413	0	65
24	414	0	65
24	415	0	65
24	416	0	65
24	417	0	65
24	418	0	65
24	420	0	65
24	428	0	65
24	429	0	65
24	430	0	65
24	431	0	65
24	433	0	65
24	434	0	65
24	435	0	65
24	436	0	65
24	437	0	65
24	438	0	65
24	441	0	65
24	443	0	65
24	444	0	65
24	445	0	65
24	447	0	65
24	449	0	65
24	450	0	65
24	451	0	65
24	452	0	65
24	453	0	65
24	454	0	65
24	455	0	65
24	459	0	65
24	460	0	65
24	462	0	65
24	464	0	65
24	467	0	65
24	469	0	65
24	471	0	65
24	472	0	65
24	473	0	65
24	474	0	65
24	475	0	65
24	478	0	65
24	479	0	65
24	480	0	65
24	481	0	65
24	483	0	65
24	484	0	65
24	485	0	65
24	486	0	65
24	488	0	65
24	489	0	65
24	491	0	65
24	493	0	65
24	494	0	65
24	495	0	65
24	497	0	65
24	498	0	65
24	499	0	65
24	502	0	65
24	504	0	65
24	506	0	65
24	508	0	65
24	510	0	65
24	511	0	65
25	0	0	65
25	1	0	65
25	2	0	65
25	3	0	65
25	5	0	65
25	6	0	65
25	7	0	65
25	10	0	65
25	12	0	65
25	13	0	65
25	14	0	65
25	15	0	65
25	16	0	65
25	17	0	65
25	18	0	65
25	19	0	65
25	20	0	65
25	21	0	65
25	22	0	65
25	23	0	65
25	24	0	65
25	25	0	65
25	27	0	65
25	28	0	65
25	31	0	65
25	33	0	65
25	34	0	65
25	35	0	65
25	36	0	65
25	38	0	65
25	39	0	65
25	42	0	65
25	43	0	65
25	47	0	65
25	50	0	65
25	51	0	65
25	52	0	65
25	53	0	65
25	54	0	65
25	55	0	65
25	56	0	65
25	57	0	65
25	59	0	65
25	60	0	65
25	61	0	65
25	62	0	65
25	64	0	65
25	65	0	65
25	66	0	65
25	67	0	65
25	69	0	65
25	70	0	65
25	72	0	65
25	74	0	65
25	75	0	65
25	76	0	65
25	78	0	65
25	79	0	65
25	81	0	65
25	82	0	65
25	83	0	65
25	84	0	65
25	85	0	65
25	86	0	65
25	87	0	65
25	88	0	65
25	90	0	65
25	91	0	65
25	92	0	65
25	93	0	65
25	94	0	65
25	96	0	65
25	97	0	65
25	98	0	65
25	99	0	65
25	100	0	65
25	101	0	65
25	105	0	65
25	107	0	65
25	108	0	65
25	109	0	65
25	110	0	65
25	112	0	65
25	113	0	65
25	114	0	65
25	116	0	65
25	117	0	65
25	118	0	65
25	119	0	65
25	120	0	65
25	121	0	65
25	123	0	65
25	124	0	65
25	125	0	65
25	127	0	65
25	128	0	65
25	131	0	65
25	133	0	65
25	134	0	65
25	136	0	65
25	137	0	65
25	138	0	65
25	143	0	65
25	146	0	65
25	147	0	65
25	148	0	65
25	149	0	65
25	151	0	65
25	152	0	65
25	153	0	65
25	157	0	65
25	158	0	65
25	159	0	65
25	162	0	65
25	163	0	65
25	165	0	65
25	166	0	65
25	167	0	65
25	169	0	65
25	170	0	65
25	171	0	65
25	173	0	65
25	174	0	65
25	175	0	65
25	176	0	65
25	177	0	65
25	178	0	65
25	179	0	65
25	180	0	65
25	181	0	65
25	185	0	65
25	186	0	65
25	188	0	65
25	189	0	65
25	190	0	65
25	191	0	65
25	193	0	65
25	195	0	65
25	196	0	65
25	197	0	65
25	198	0	65
25	200	0	65
25	201	0	65
25	202	0	65
25	203	0	65
25	204	0	65
25	206	0	65
25	207	0	65
25	208	0	65
25	210	0	65
25	211	0	65
25	212	0	65
25	215	0	65
25	217	0	65
25	219	0	65
25	220	0	65
25	221	0	65
25	222	0	65
25	224	0	65
25	225	0	65
25	226	0	65
25	227	0	65
25	228	0	65
25	230	0	65
25	231	0	65
25	233	0	65
25	234	0	65
25	235	0	65
25	236	0	65
25	237	0	65
25	238	0	65
25	240	0	65
25	241	0	65
25	243	0	65
25	244	0	65
25	246	0	65
25	247	0	65
25	248	0	65
25	249	0	65
25	250	0	65
25	251	0	65
25	253	0	65
25	254	0	65
25	255	0	65
25	257	0	65
25	259	0	65
25	260	0	65
25	261	0	65
25	263	0	65
25	264	0	65
25	265	0	65
25	266	0	65
25	267	0	65
25	268	0	65
25	269	0	65
25	270	0	65
25	271	0	65
25	272	0	65
25	273	0	65
25	275	0	65
25	277	0	65
25	278	0	65
25	279	0	65
25	280	0	65
25	281	0	65
25	282	0	65
25	283	0	65
25	285	0	65
25	287	0	65
25	289	0	65
25	290	0	65
25	292	0	65
25	294	0	65
25	295	0	65
25	296	0	65
25	297	0	65
25	298	0	65
25	299	0	65
25	300	0	65
25	304	0	65
25	305	0	65
25	307	0	65
25	309	0	65
25	310	0	65
25	311	0	65
25	312	0	65
25	315	0	65
25	316	0	65
25	318	0	65
25	319	0	65
25	323	0	65
25	324	0	65
25	326	0	65
25	327	0	65
25	328	0	65
25	330	0	65
25	331	0	65
25	333	0	65
25	334	0	65
25	336	0	65
25	338	0	65
25	339	0	65
25	341	0	65
25	342	0	65
25	343	0	65
25	344	0	65
25	347	0	65
25	348	0	65
25	350	0	65
25	351	0	65
25	353	0	65
25	354	0	65
25	355	0	65
25	356	0	65
25	357	0	65
25	358	0	65
25	362	0	65
25	364	0	65
25	365	0	65
25	366	0	65
25	367	0	65
25	369	0	65
25	371	0	65
25	372	0	65
25	373	0	65
25	374	0	65
25	375	0	65
25	377	0	65
25	378	0	65
25	379	0	65
25	380	0	65
25	381	0	65
25	382	0	65
25	383	0	65
25	384	0	65
25	385	0	65
25	386	0	65
25	387	0	65
25	388	0	65
25	390	0	65
25	392	0	65
25	394	0	65
25	396	0	65
25	397	0	65
25	400	0	65
25	401	0	65
25	402	0	65
25	403	0	65
25	404	0	65
25	406	0	65
25	408	0	65
25	409	0	65
25	410	0	65
25	412	0	65
25	413	0	65
25	415	0	65
25	418	0	65
25	419	0	65
25	422	0	65
25	423	0	65
25	425	0	65
25	426	0	65
25	427	0	65
25	428	0	65
25	431	0	65
25	432	0	65
25	433	0	65
25	434	0	65
25	435	0	65
25	436	0	65
25	437	0	65
25	438	0	65
25	440	0	65
25	441	0	65
25	444	0	65
25	446	0	65
25	447	0	65
25	448	0	65
25	450	0	65
25	452	0	65
25	453	0	65
25	454	0	65
25	455	0	65
25	458	0	65
25	459	0	65
25	461	0	65
25	463	0	65
25	464	0	65
25	465	0	65
25	467	0	65
25	468	0	65
25	470	0	65
25	472	0	65
25	473	0	65
25	474	0	65
25	476	0	65
25	477	0	65
25	478	0	65
25	480	0	65
25	481	0	65
25	482	0	65
25	485	0	65
25	486	0	65
25	487	0	65
25	488	0	65
25	489	0	65
25	490	0	65
25	492	0	65
25	493	0	65
25	494	0	65
25	496	0	65
25	498	0	65
25	499	0	65
25	500	0	65
25	501	0	65
25	503	0	65
25	504	0	65
25	505	0	65
25	507	0	65
25	509	0	65
25	510	0	65
25	511	0	65
26	0	0	65
26	2	0	65
26	4	0	65
26	5	0	65
26	7	0	65
26	8	0	65
26	10	0	65
26	11	0	65
26	12	0	65
26	13	0	65
26	15	0	65
26	16	0	65
26	18	0	65
26	19	0	65
26	20	0	65
26	21	0	65
26	22	0	65
26	24	0	65
26	25	0	65
26	29	0	65
26	30	0	65
26	34	0	65
26	35	0	65
26	36	0	65
26	38	0	65
26	39	0	65
26	40	0	65
26	41	0	65
26	42	0	65
26	43	0	65
26	44	0	65
26	45	0	65
26	46	0	65
26	47	0	65
26	49	0	65
26	52	0	65
26	54	0	65
26	55	0	65
26	56	0	65
26	57	0	65
26	58	0	65
26	59	0	65
26	61	0	65
26	62	0	65
26	63	0	65
26	64	0	65
26	65	0	65
26	66	0	65
26	67	0	65
26	68	0	65
26	69	0	65
26	70	0	65
26	72	0	65
26	73	0	65
26	74	0	65
26	75	0	65
26	76	0	65
26	77	0	65
26	80	0	65
26	81	0	65
26	83	0	65
26	85	0	65
26	86	0	65
26	88	0	65
26	89	0	65
26	90	0	65
26	93	0	65
26	94	0	65
26	95	0	65
26	96	0	65
26	97	0	65
26	98	0	65
26	99	0	65
26	100	0	65
26	101	0	65
26	102	0	65
26	104	0	65
26	105	0	65
26	108	0	65
26	109	0	65
26	112	0	65
26	113	0	65
26	114	0	65
26	115	0	65
26	116	0	65
26	118	0	65
26	121	0	65
26	122	0	65
26	123	0	65
26	124	0	65
26	127	0	65
26	128	0	65
26	129	0	65
26	130	0	65
26	131	0	65
26	132	0	65
26	133	0	65
26	134	0	65
26	135	0	65
26	137	0	65
26	138	0	65
26	139	0	65
26	140	0	65
26	141	0	65
26	142	0	65
26	144	0	65
26	145	0	65
26	147	0	65
26	148	0	65
26	149	0	65
26	150	0	65
26	151	0	65
26	152	0	65
26	154	0	65
26	155	0	65
26	158	0	65
26	159	0	65
26	160	0	65
26	161	0	65
26	162	0	65
26	163	0	65
26	165	0	65
26	166	0	65
26	168	0	65
26	169	0	65
26	170	0	65
26	171	0	65
26	172	0	65
26	173	0	65
26	174	0	65
26	175	0	65
26	179	0	65
26	181	0	65
26	182	0	65
26	183	0	65
26	184	0	65
26	185	0	65
26	186	0	65
26	189	0	65
26	190	0	65
26	191	0	65
26	192	0	65
26	193	0	65
26	195	0	65
26	196	0	65
26	198	0	65
26	199	0	65
26	200	0	65
26	202	0	65
26	205	0	65
26	207	0	65
26	209	0	65
26	210	0	65
26	212	0	65
26	214	0	65
26	215	0	65
26	216	0	65
26	217	0	65
26	218	0	65
26	219	0	65
26	220	0	65
26	221	0	65
26	222	0	65
26	224	0	65
26	225	0	65
26	226	0	65
26	227	0	65
26	229	0	65
26	230	0	65
26	232	0	65
26	233	0	65
26	237	0	65
26	239	0	65
26	240	0	65
26	241	0	65
26	242	0	65
26	243	0	65
26	244	0	65
26	245	0	65
26	246	0	65
26	247	0	65
26	248	0	65
26	249	0	65
26	254	0	65
26	255	0	65
26	257	0	65
26	258	0	65
26	259	0	65
26	260	0	65
26	261	0	65
26	262	0	65
26	266	0	65
26	267	0	65
26	268	0	65
26	270	0	65
26	271	0	65
26	272	0	65
26	274	0	65
26	275	0	65
26	276	0	65
26	277	0	65
26	281	0	65
26	282	0	65
26	284	0	65
26	285	0	65
26	286	0	65
26	287	0	65
26	289	0	65
26	290	0	65
26	292	0	65
26	294	0	65
26	295	0	65
26	297	0	65
26	298	0	65
26	302	0	65
26	304	0	65
26	305	0	65
26	306	0	65
26	309	0	65
26	312	0	65
26	313	0	65
26	314	0	65
26	316	0	65
26	318	0	65
26	319	0	65
26	320	0	65
26	321	0	65
26	323	0	65
26	327	0	65
26	328	0	65
26	329	0	65
26	331	0	65
26	333	0	65
26	335	0	65
26	337	0	65
26	339	0	65
26	340	0	65
26	342	0	65
26	344	0	65
26	346	0	65
26	347	0	65
26	350	0	65
26	351	0	65
26	352	0	65
26	353	0	65
26	356	0	65
26	357	0	65
26	358	0	65
26	359	0	65
26	360	0	65
26	361	0	65
26	364	0	65
26	367	0	65
26	368	0	65
26	369	0	65
26	371	0	65
26	372	0	65
26	373	0	65
26	374	0	65
26	375	0	65
26	377	0	65
26	380	0	65
26	382	0	65
26	383	0	65
26	384	0	65
26	385	0	65
26	386	0	65
26	387	0	65
26	388	0	65
26	390	0	65
26	391	0	65
26	392	0	65
26	394	0	65
26	396	0	65
26	397	0	65
26	398	0	65
26	399	0	65
26	400	0	65
26	401	0	65
26	403	0	65
26	404	0	65
26	406	0	65
26	407	0	65
26	410	0	65
26	411	0	65
26	412	0	65
26	413	0	65
26	414	0	65
26	416	0	65
26	418	0	65
26	421	0	65
26	422	0	65
26	426	0	65
26	427	0	65
26	428	0	65
26	430	0	65
26	431	0	65
26	434	0	65
26	435	0	65
26	436	0	65
26	437	0	65
26	439	0	65
26	440	0	65
26	445	0	65
26	447	0	65
26	449	0	65
26	450	0	65
26	451	0	65
26	452	0	65
26	453	0	65
26	455	0	65
26	458	0	65
26	459	0	65
26	462	0	65
26	463	0	65
26	464	0	65
26	465	0	65
26	466	0	65
26	467	0	65
26	468	0	65
26	470	0	65
26	472	0	65
26	474	0	65
26	476	0	65
26	477	0	65
26	478	0	65
26	479	0	65
26	480	0	65
26	481	0	65
26	482	0	65
26	483	0	65
26	485	0	65
26	486	0	65
26	489	0	65
26	491	0	65
26	492	0	65
26	493	0	65
26	496	0	65
26	497	0	65
26	498	0	65
26	499	0	65
26	500	0	65
26	502	0	65
26	503	0	65
26	504	0	65
26	505	0	65
26	509	0	65
26	510	0	65
26	511	0	65
27	0	0	65
27	1	0	65
27	2	0	65
27	4	0	65
27	5	0	65
27	6	0	65
27	7	0	65
27	8	0	65
27	10	0	65
27	13	0	65
27	15	0	65
27	16	0	65
27	18	0	65
27	19	0	65
27	20	0	65
27	21	0	65
27	22	0	65
27	23	0	65
27	24	0	65
27	25	0	65
27	26	0	65
27	27	0	65
27	31	0	65
27	32	0	65
27	33	0	65
27	34	0	65
27	35	0	65
27	36	0	65
27	37	0	65
27	39	0	65
27	40	0	65
27	41	0	65
27	42	0	65
27	43	0	65
27	44	0	65
27	45	0	65
27	46	0	65
27	47	0	65
27	50	0	65
27	51	0	65
27	52	0	65
27	54	0	65
27	55	0	65
27	56	0	65
27	57	0	65
27	59	0	65
27	60	0	65
27	61	0	65
27	63	0	65
27	64	0	65
27	66	0	65
27	67	0	65
27	68	0	65
27	69	0	65
27	70	0	65
27	71	0	65
27	74	0	65
27	76	0	65
27	77	0	65
27	79	0	65
27	80	0	65
27	82	0	65
27	83	0	65
27	85	0	65
27	88	0	65
27	91	0	65
27	92	0	65
27	93	0	65
27	94	0	65
27	96	0	65
27	97	0	65
27	99	0	65
27	100	0	65
27	101	0	65
27	102	0	65
27	103	0	65
27	105	0	65
27	106	0	65
27	107	0	65
27	109	0	65
27	111	0	65
27	112	0	65
27	113	0	65
27	114	0	65
27	115	0	65
27	116	0	65
27	117	0	65
27	118	0	65
27	119	0	65
27	121	0	65
27	122	0	65
27	123	0	65
27	125	0	65
27	133	0	65
27	134	0	65
27	135	0	65
27	136	0	65
27	139	0	65
27	140	0	65
27	142	0	65
27	143	0	65
27	147	0	65
27	150	0	65
27	151	0	65
27	152	0	65
27	155	0	65
27	156	0	65
27	157	0	65
27	158	0	65
27	159	0	65
27	160	0	65
27	161	0	65
27	162	0	65
27	164	0	65
27	167	0	65
27	169	0	65
27	170	0	65
27	171	0	65
27	172	0	65
27	173	0	65
27	174	0	65
27	175	0	65
27	176	0	65
27	179	0	65
27	182	0	65
27	183	0	65
27	184	0	65
27	186	0	65
27	190	0	65
27	191	0	65
27	193	0	65
27	194	0	65
27	196	0	65
27	199	0	65
27	200	0	65
27	201	0	65
27	202	0	65
27	204	0	65
27	205	0	65
27	206	0	65
27	207	0	65
27	208	0	65
27	209	0	65
27	210	0	65
27	212	0	65
27	213	0	65
27	215	0	65
27	216	0	65
27	217	0	65
27	218	0	65
27	219	0	65
27	222	0	65
27	223	0	65
27	224	0	65
27	225	0	65
27	226	0	65
27	227	0	65
27	228	0	65
27	229	0	65
27	230	0	65
27	231	0	65
27	234	0	65
27	236	0	65
27	237	0	65
27	238	0	65
27	239	0	65
27	240	0	65
27	242	0	65
27	244	0	65
27	245	0	65
27	246	0	65
27	247	0	65
27	248	0	65
27	249	0	65
27	252	0	65
27	253	0	65
27	254	0	65
27	255	0	65
27	256	0	65
27	257	0	65
27	259	0	65
27	260	0	65
27	262	0	65
27	263	0	65
27	264	0	65
27	265	0	65
27	266	0	65
27	267	0	65
27	268	0	65
27	271	0	65
27	272	0	65
27	274	0	65
27	275	0	65
27	276	0	65
27	278	0	65
27	280	0	65
27	281	0	65
27	282	0	65
27	283	0	65
27	284	0	65
27	286	0	65
27	288	0	65
27	289	0	65
27	291	0	65
27	292	0	65
27	293	0	65
27	296	0	65
27	297	0	65
27	298	0	65
27	299	0	65
27	300	0	65
27	301	0	65
27	302	0	65
27	303	0	65
27	304	0	65
27	305	0	65
27	306	0	65
27	309	0	65
27	310	0	65
27	311	0	65
27	313	0	65
27	314	0	65
27	315	0	65
27	316	0	65
27	318	0	65
27	319	0	65
27	320	0	65
27	321	0	65
27	322	0	65
27	324	0	65
27	326	0	65
27	327	0	65
27	329	0	65
27	330	0	65
27	331	0	65
27	333	0	65
27	334	0	65
27	335	0	65
27	336	0	65
27	337	0	65
27	338	0	65
27	340	0	65
27	341	0	65
27	342	0	65
27	343	0	65
27	345	0	65
27	346	0	65
27	347	0	65
27	348	0	65
27	349	0	65
27	351	0	65
27	352	0	65
27	353	0	65
27	354	0	65
27	355	0	65
27	357	0	65
27	358	0	65
27	359	0	65
27	362	0	65
27	363	0	65
27	365	0	65
27	367	0	65
27	368	0	65
27	369	0	65
27	372	0	65
27	374	0	65
27	375	0	65
27	376	0	65
27	378	0	65
27	379	0	65
27	381	0	65
27	384	0	65
27	385	0	65
27	386	0	65
27	388	0	65
27	389	0	65
27	390	0	65
27	391	0	65
27	393	0	65
27	395	0	65
27	396	0	65
27	399	0	65
27	401	0	65
27	402	0	65
27	403	0	65
27	404	0	65
27	405	0	65
27	407	0	65
27	409	0	65
27	410	0	65
27	411	0	65
27	414	0	65
27	415	0	65
27	417	0	65
27	418	0	65
27	419	0	65
27	420	0	65
27	421	0	65
27	423	0	65
27	426	0	65
27	427	0	65
27	428	0	65
27	431	0	65
27	432	0	65
27	433	0	65
27	434	0	65
27	435	0	65
27	436	0	65
27	437	0	65
27	440	0	65
27	441	0	65
27	442	0	65
27	443	0	65
27	445	0	65
27	447	0	65
27	448	0	65
27	449	0	65
27	450	0	65
27	451	0	65
27	452	0	65
27	453	0	65
27	454	0	65
27	457	0	65
27	459	0	65
27	461	0	65
27	462	0	65
27	463	0	65
27	465	0	65
27	466	0	65
27	467	0	65
27	472	0	65
27	473	0	65
27	475	0	65
27	476	0	65
27	478	0	65
27	479	0	65
27	481	0	65
27	482	0	65
27	483	0	65
27	484	0	65
27	485	0	65
27	486	0	65
27	487	0	65
27	488	0	65
27	489	0	65
27	491	0	65
27	493	0	65
27	494	0	65
27	495	0	65
27	497	0	65
27	498	0	65
27	499	0	65
27	501	0	65
27	504	0	65
27	505	0	65
27	506	0	65
27	507	0	65
27	509	0	65
27	510	0	65
28	3	0	65
28	4	0	65
28	5	0	65
28	7	0	65
28	8	0	65
28	12	0	65
28	13	0	65
28	14	0	65
28	15	0	65
28	16	0	65
28	17	0	65
28	18	0	65
28	19	0	65
28	21	0	65
28	24	0	65
28	25	0	65
28	26	0	65
28	31	0	65
28	32	0	65
28	34	0	65
28	36	0	65
28	40	0	65
28	41	0	65
28	42	0	65
28	43	0	65
28	44	0	65
28	45	0	65
28	46	0	65
28	47	0	65
28	49	0	65
28	53	0	65
28	54	0	65
28	55	0	65
28	56	0	65
28	57	0	65
28	58	0	65
28	59	0	65
28	61	0	65
28	62	0	65
28	64	0	65
28	65	0	65
28	67	0	65
28	68	0	65
28	69	0	65
28	70	0	65
28	72	0	65
28	77	0	65
28	79	0	65
28	81	0	65
28	82	0	65
28	84	0	65
28	85	0	65
28	86	0	65
28	88	0	65
28	89	0	65
28	92	0	65
28	93	0	65
28	95	0	65
28	97	0	65
28	99	0	65
28	100	0	65
28	102	0	65
28	103	0	65
28	104	0	65
28	105	0	65
28	106	0	65
28	107	0	65
28	108	0	65
28	109	0	65
28	110	0	65
28	112	0	65
28	113	0	65
28	114	0	65
28	115	0	65
28	116	0	65
28	117	0	65
28	118	0	65
28	119	0	65
28	121	0	65
28	122	0	65
28	123	0	65
28	124	0	65
28	125	0	65
28	126	0	65
28	128	0	65
28	132	0	65
28	133	0	65
28	137	0	65
28	138	0	65
28	140	0	65
28	142	0	65
28	143	0	65
28	146	0	65
28	147	0	65
28	148	0	65
28	149	0	65
28	152	0	65
28	153	0	65
28	156	0	65
28	157	0	65
28	159	0	65
28	163	0	65
28	166	0	65
28	167	0	65
28	168	0	65
28	169	0	65
28	170	0	65
28	171	0	65
28	172	0	65
28	174	0	65
28	177	0	65
28	178	0	65
28	179	0	65
28	181	0	65
28	182	0	65
28	183	0	65
28	184	0	65
28	185	0	65
28	186	0	65
28	187	0	65
28	188	0	65
28	191	0	65
28	192	0	65
28	193	0	65
28	194	0	65
28	195	0	65
28	196	0	65
28	197	0	65
28	202	0	65
28	203	0	65
28	204	0	65
28	205	0	65
28	207	0	65
28	208	0	65
28	209	0	65
28	210	0	65
28	211	0	65
28	212	0	65
28	214	0	65
28	215	0	65
28	218	0	65
28	220	0	65
28	222	0	65
28	226	0	65
28	227	0	65
28	228	0	65
28	230	0	65
28	232	0	65
28	235	0	65
28	236	0	65
28	237	0	65
28	238	0	65
28	239	0	65
28	240	0	65
28	241	0	65
28	244	0	65
28	245	0	65
28	247	0	65
28	249	0	65
28	250	0	65
28	253	0	65
28	254	0	65
28	255	0	65
28	256	0	65
28	257	0	65
28	258	0	65
28	260	0	65
28	263	0	65
28	268	0	65
28	270	0	65
28	271	0	65
28	272	0	65
28	273	0	65
28	274	0	65
28	275	0	65
28	276	0	65
28	279	0	65
28	280	0	65
28	282	0	65
28	284	0	65
28	285	0	65
28	288	0	65
28	289	0	65
28	291	0	65
28	292	0	65
28	293	0	65
28	295	0	65
28	296	0	65
28	298	0	65
28	302	0	65
28	304	0	65
28	308	0	65
28	309	0	65
28	311	0	65
28	314	0	65
28	315	0	65
28	316	0	65
28	317	0	65
28	319	0	65
28	320	0	65
28	321	0	65
28	322	0	65
28	323	0	65
28	324	0	65
28	325	0	65
28	328	0	65
28	329	0	65
28	330	0	65
28	332	0	65
28	333	0	65
28	334	0	65
28	335	0	65
28	336	0	65
28	337	0	65
28	338	0	65
28	339	0	65
28	341	0	65
28	342	0	65
28	343	0	65
28	344	0	65
28	346	0	65
28	347	0	65
28	349	0	65
28	350	0	65
28	353	0	65
28	354	0	65
28	357	0	65
28	358	0	65
28	359	0	65
28	361	0	65
28	362	0	65
28	365	0	65
28	366	0	65
28	367	0	65
28	368	0	65
28	370	0	65
28	371	0	65
28	372	0	65
28	373	0	65
28	374	0	65
28	375	0	65
28	376	0	65
28	377	0	65
28	380	0	65
28	381	0	65
28	382	0	65
28	383	0	65
28	384	0	65
28	387	0	65
28	388	0	65
28	391	0	65
28	393	0	65
28	394	0	65
28	398	0	65
28	402	0	65
28	403	0	65
28	405	0	65
28	407	0	65
28	414	0	65
28	415	0	65
28	417	0	65
28	420	0	65
28	422	0	65
28	423	0	65
28	424	0	65
28	425	0	65
28	427	0	65
28	428	0	65
28	430	0	65
28	431	0	65
28	434	0	65
28	436	0	65
28	437	0	65
28	439	0	65
28	440	0	65
28	442	0	65
28	444	0	65
28	445	0	65
28	446	0	65
28	447	0	65
28	449	0	65
28	450	0	65
28	451	0	65
28	452	0	65
28	454	0	65
28	455	0	65
28	456	0	65
28	458	0	65
28	461	0	65
28	462	0	65
28	464	0	65
28	466	0	65
28	467	0	65
28	468	0	65
28	469	0	65
28	470	0	65
28	472	0	65
28	473	0	65
28	474	0	65
28	475	0	65
28	476	0	65
28	478	0	65
28	479	0	65
28	480	0	65
28	481	0	65
28	482	0	65
28	483	0	65
28	485	0	65
28	486	0	65
28	487	0	65
28	489	0	65
28	491	0	65
28	492	0	65
28	496	0	65
28	499	0	65
28	500	0	65
28	501	0	65
28	503	0	65
28	504	0	65
28	505	0	65
28	507	0	65
28	508	0	65
28	509	0	65
28	510	0	65
29	0	0	65
29	1	0	65
29	3	0	65
29	5	0	65
29	6	0	65
29	8	0	65
29	9	0	65
29	11	0	65
29	12	0	65
29	13	0	65
29	14	0	65
29	15	0	65
29	17	0	65
29	18	0	65
29	20	0	65
29	21	0	65
29	23	0	65
29	24	0	65
29	25	0	65
29	27	0	65
29	28	0	65
29	31	0	65
29	32	0	65
29	33	0	65
29	36	0	65
29	37	0	65
29	38	0	65
29	39	0	65
29	43	0	65
29	44	0	65
29	45	0	65
29	46	0	65
29	47	0	65
29	48	0	65
29	49	0	65
29	51	0	65
29	53	0	65
29	54	0	65
29	55	0	65
29	56	0	65
29	58	0	65
29	59	0	65
29	60	0	65
29	61	0	65
29	62	0	65
29	63	0	65
29	65	0	65
29	67	0	65
29	69	0	65
29	70	0	65
29	72	0	65
29	73	0	65
29	74	0	65
29	75	0	65
29	78	0	65
29	79	0	65
29	80	0	65
29	81	0	65
29	83	0	65
29	84	0	65
29	87	0	65
29	88	0	65
29	90	0	65
29	94	0	65
29	95	0	65
29	96	0	65
29	98	0	65
29	99	0	65
29	100	0	65
29	101	0	65
29	102	0	65
29	103	0	65
29	104	0	65
29	105	0	65
29	106	0	65
29	107	0	65
29	108	0	65
29	109	0	65
29	110	0	65
29	111	0	65
29	112	0	65
29	114	0	65
29	116	0	65
29	117	0	65
29	120	0	65
29	122	0	65
29	123	0	65
29	124	0	65
29	125	0	65
29	126	0	65
29	127	0	65
29	128	0	65
29	129	0	65
29	130	0	65
29	131	0	65
29	133	0	65
29	135	0	65
29	136	0	65
29	137	0	65
29	139	0	65
29	140	0	65
29	141	0	65
29	142	0	65
29	144	0	65
29	146	0	65
29	147	0	65
29	149	0	65
29	151	0	65
29	152	0	65
29	153	0	65
29	156	0	65
29	158	0	65
29	159	0	65
29	161	0	65
29	163	0	65
29	164	0	65
29	166	0	65
29	167	0	65
29	168	0	65
29	171	0	65
29	172	0	65
29	174	0	65
29	176	0	65
29	178	0	65
29	179	0	65
29	180	0	65
29	182	0	65
29	183	0	65
29	186	0	65
29	188	0	65
29	189	0	65
29	190	0	65
29	191	0	65
29	192	0	65
29	193	0	65
29	195	0	65
29	196	0	65
29	197	0	65
29	198	0	65
29	199	0	65
29	200	0	65
29	201	0	65
29	203	0	65
29	204	0	65
29	205	0	65
29	206	0	65
29	207	0	65
29	208	0	65
29	210	0	65
29	213	0	65
29	214	0	65
29	217	0	65
29	218	0	65
29	219	0	65
29	220	0	65
29	222	0	65
29	223	0	65
29	225	0	65
29	227	0	65
29	228	0	65
29	229	0	65
29	230	0	65
29	231	0	65
29	232	0	65
29	234	0	65
29	235	0	65
29	236	0	65
29	237	0	65
29	238	0	65
29	239	0	65
29	241	0	65
29	242	0	65
29	243	0	65
29	244	0	65
29	246	0	65
29	247	0	65
29	249	0	65
29	251	0	65
29	252	0	65
29	254	0	65
29	255	0	65
29	256	0	65
29	257	0	65
29	258	0	65
29	259	0	65
29	260	0	65
29	261	0	65
29	263	0	65
29	264	0	65
29	265	0	65
29	266	0	65
29	267	0	65
29	269	0	65
29	270	0	65
29	271	0	65
29	272	0	65
29	274	0	65
29	275	0	65
29	278	0	65
29	279	0	65
29	280	0	65
29	281	0	65
29	283	0	65
29	284	0	65
29	285	0	65
29	286	0	65
29	287	0	65
29	289	0	65
29	292	0	65
29	295	0	65
29	296	0	65
29	297	0	65
29	298	0	65
29	299	0	65
29	301	0	65
29	305	0	65
29	307	0	65
29	308	0	65
29	309	0	65
29	310	0	65
29	313	0	65
29	314	0	65
29	317	0	65
29	318	0	65
29	319	0	65
29	320	0	65
29	322	0	65
29	323	0	65
29	324	0	65
29	328	0	65
29	331	0	65
29	332	0	65
29	333	0	65
29	335	0	65
29	336	0	65
29	337	0	65
29	340	0	65
29	341	0	65
29	342	0	65
29	343	0	65
29	345	0	65
29	346	0	65
29	347	0	65
29	348	0	65
29	349	0	65
29	350	0	65
29	353	0	65
29	354	0	65
29	356	0	65
29	358	0	65
29	359	0	65
29	360	0	65
29	361	0	65
29	362	0	65
29	363	0	65
29	364	0	65
29	366	0	65
29	367	0	65
29	368	0	65
29	369	0	65
29	370	0	65
29	371	0	65
29	372	0	65
29	373	0	65
29	375	0	65
29	376	0	65
29	378	0	65
29	379	0	65
29	380	0	65
29	382	0	65
29	383	0	65
29	386	0	65
29	390	0	65
29	391	0	65
29	393	0	65
29	394	0	65
29	396	0	65
29	397	0	65
29	398	0	65
29	399	0	65
29	403	0	65
29	404	0	65
29	405	0	65
29	406	0	65
29	407	0	65
29	408	0	65
29	409	0	65
29	410	0	65
29	412	0	65
29	413	0	65
29	414	0	65
29	415	0	65
29	416	0	65
29	421	0	65
29	424	0	65
29	425	0	65
29	429	0	65
29	430	0	65
29	431	0	65
29	432	0	65
29	433	0	65
29	434	0	65
29	436	0	65
29	437	0	65
29	438	0	65
29	439	0	65
29	440	0	65
29	441	0	65
29	442	0	65
29	443	0	65
29	444	0	65
29	445	0	65
29	447	0	65
29	448	0	65
29	449	0	65
29	450	0	65
29	451	0	65
29	452	0	65
29	453	0	65
29	454	0	65
29	456	0	65
29	459	0	65
29	461	0	65
29	462	0	65
29	464	0	65
29	465	0	65
29	467	0	65
29	468	0	65
29	469	0	65
29	470	0	65
29	471	0	65
29	472	0	65
29	473	0	65
29	474	0	65
29	475	0	65
29	477	0	65
29	478	0	65
29	480	0	65
29	482	0	65
29	483	0	65
29	484	0	65
29	486	0	65
29	489	0	65
29	490	0	65
29	492	0	65
29	493	0	65
29	494	0	65
29	495	0	65
29	497	0	65
29	498	0	65
29	499	0	65
29	500	0	65
29	501	0	65
29	502	0	65
29	503	0	65
29	505	0	65
29	506	0	65
29	507	0	65
29	508	0	65
29	509	0	65
29	510	0	65
29	511	0	65
30	0	0	65
30	3	0	65
30	4	0	65
30	7	0	65
30	8	0	65
30	9	0	65
30	10	0	65
30	12	0	65
30	13	0	65
30	15	0	65
30	16	0	65
30	19	0	65
30	20	0	65
30	21	0	65
30	22	0	65
30	23	0	65
30	24	0	65
30	25	0	65
30	26	0	65
30	27	0	65
30	28	0	65
30	30	0	65
30	31	0	65
30	33	0	65
30	34	0	65
30	35	0	65
30	38	0	65
30	39	0	65
30	41	0	65
30	42	0	65
30	43	0	65
30	44	0	65
30	45	0	65
30	50	0	65
30	51	0	65
30	52	0	65
30	53	0	65
30	54	0	65
30	55	0	65
30	57	0	65
30	58	0	65
30	59	0	65
30	60	0	65
30	61	0	65
30	62	0	65
30	63	0	65
30	66	0	65
30	67	0	65
30	71	0	65
30	72	0	65
30	73	0	65
30	74	0	65
30	75	0	65
30	76	0	65
30	77	0	65
30	78	0	65
30	79	0	65
30	81	0	65
30	83	0	65
30	85	0	65
30	86	0	65
30	87	0	65
30	88	0	65
30	89	0	65
30	91	0	65
30	98	0	65
30	99	0	65
30	100	0	65
30	101	0	65
30	102	0	65
30	103	0	65
30	104	0	65
30	107	0	65
30	108	0	65
30	109	0	65
30	111	0	65
30	112	0	65
30	113	0	65
30	114	0	65
30	115	0	65
30	116	0	65
30	118	0	65
30	120	0	65
30	121	0	65
30	123	0	65
30	124	0	65
30	126	0	65
30	128	0	65
30	131	0	65
30	132	0	65
30	133	0	65
30	134	0	65
30	135	0	65
30	139	0	65
30	140	0	65
30	141	0	65
30	142	0	65
30	143	0	65
30	144	0	65
30	145	0	65
30	146	0	65
30	147	0	65
30	148	0	65
30	149	0	65
30	150	0	65
30	152	0	65
30	155	0	65
30	156	0	65
30	157	0	65
30	158	0	65
30	159	0	65
30	161	0	65
30	162	0	65
30	163	0	65
30	164	0	65
30	166	0	65
30	167	0	65
30	170	0	65
30	171	0	65
30	172	0	65
30	173	0	65
30	174	0	65
30	175	0	65
30	177	0	65
30	178	0	65
30	179	0	65
30	180	0	65
30	182	0	65
30	184	0	65
30	185	0	65
30	186	0	65
30	188	0	65
30	189	0	65
30	190	0	65
30	191	0	65
30	192	0	65
30	193	0	65
30	194	0	65
30	195	0	65
30	197	0	65
30	198	0	65
30	199	0	65
30	200	0	65
30	202	0	65
30	203	0	65
30	204	0	65
30	205	0	65
30	210	0	65
30	211	0	65
30	213	0	65
30	214	0	65
30	216	0	65
30	217	0	65
30	218	0	65
30	219	0	65
30	220	0	65
30	221	0	65
30	222	0	65
30	223	0	65
30	225	0	65
30	227	0	65
30	228	0	65
30	229	0	65
30	230	0	65
30	235	0	65
30	237	0	65
30	238	0	65
30	239	0	65
30	240	0	65
30	244	0	65
30	245	0	65
30	246	0	65
30	247	0	65
30	248	0	65
30	249	0	65
30	251	0	65
30	252	0	65
30	253	0	65
30	255	0	65
30	256	0	65
30	259	0	65
30	260	0	65
30	261	0	65
30	262	0	65
30	263	0	65
30	264	0	65
30	267	0	65
30	268	0	65
30	270	0	65
30	271	0	65
30	272	0	65
30	274	0	65
30	275	0	65
30	276	0	65
30	277	0	65
30	278	0	65
30	279	0	65
30	281	0	65
30	282	0	65
30	286	0	65
30	287	0	65
30	289	0	65
30	290	0	65
30	291	0	65
30	295	0	65
30	297	0	65
30	298	0	65
30	299	0	65
30	301	0	65
30	303	0	65
30	304	0	65
30	306	0	65
30	307	0	65
30	308	0	65
30	309	0	65
30	310	0	65
30	313	0	65
30	315	0	65
30	316	0	65
30	317	0	65
30	318	0	65
30	319	0	65
30	322	0	65
30	323	0	65
30	324	0	65
30	325	0	65
30	326	0	65
30	329	0	65
30	331	0	65
30	332	0	65
30	333	0	65
30	334	0	65
30	336	0	65
30	337	0	65
30	338	0	65
30	340	0	65
30	342	0	65
30	343	0	65
30	345	0	65
30	346	0	65
30	347	0	65
30	348	0	65
30	349	0	65
30	350	0	65
30	352	0	65
30	353	0	65
30	355	0	65
30	356	0	65
30	357	0	65
30	358	0	65
30	359	0	65
30	361	0	65
30	362	0	65
30	363	0	65
30	364	0	65
30	365	0	65
30	366	0	65
30	367	0	65
30	369	0	65
30	370	0	65
30	371	0	65
30	372	0	65
30	373	0	65
30	375	0	65
30	376	0	65
30	377	0	65
30	378	0	65
30	380	0	65
30	381	0	65
30	382	0	65
30	384	0	65
30	386	0	65
30	388	0	65
30	389	0	65
30	391	0	65
30	393	0	65
30	394	0	65
30	395	0	65
30	397	0	65
30	399	0	65
30	400	0	65
30	401	0	65
30	402	0	65
30	403	0	65
30	404	0	65
30	405	0	65
30	406	0	65
30	407	0	65
30	410	0	65
30	412	0	65
30	413	0	65
30	414	0	65
30	415	0	65
30	419	0	65
30	421	0	65
30	422	0	65
30	423	0	65
30	427	0	65
30	428	0	65
30	429	0	65
30	431	0	65
30	432	0	65
30	433	0	65
30	435	0	65
30	436	0	65
30	438	0	65
30	440	0	65
30	442	0	65
30	443	0	65
30	444	0	65
30	445	0	65
30	446	0	65
30	447	0	65
30	449	0	65
30	450	0	65
30	452	0	65
30	453	0	65
30	454	0	65
30	455	0	65
30	457	0	65
30	458	0	65
30	460	0	65
30	462	0	65
30	463	0	65
30	464	0	65
30	465	0	65
30	466	0	65
30	467	0	65
30	468	0	65
30	469	0	65
30	470	0	65
30	471	0	65
30	475	0	65
30	477	0	65
30	478	0	65
30	479	0	65
30	480	0	65
30	481	0	65
30	482	0	65
30	483	0	65
30	485	0	65
30	486	0	65
30	487	0	65
30	488	0	65
30	491	0	65
30	492	0	65
30	493	0	65
30	494	0	65
30	497	0	65
30	499	0	65
30	500	0	65
30	503	0	65
30	504	0	65
30	505	0	65
30	507	0	65
30	508	0	65
30	511	0	65
31	0	0	65
31	1	0	65
31	2	0	65
31	3	0	65
31	4	0	65
31	5	0	65
31	7	0	65
31	8	0	65
31	9	0	65
31	10	0	65
31	11	0	65
31	13	0	65
31	14	0	65
31	16	0	65
31	17	0	65
31	18	0	65
31	19	0	65
31	20	0	65
31	21	0	65
31	23	0	65
31	24	0	65
31	25	0	65
31	26	0	65
31	27	0	65
31	28	0	65
31	29	0	65
31	30	0	65
31	31	0	65
31	32	0	65
31	33	0	65
31	35	0	65
31	36	0	65
31	41	0	65
31	42	0	65
31	43	0	65
31	44	0	65
31	45	0	65
31	46	0	65
31	47	0	65
31	48	0	65
31	52	0	65
31	53	0	65
31	56	0	65
31	57	0	65
31	58	0	65
31	59	0	65
31	60	0	65
31	62	0	65
31	63	0	65
31	64	0	65
31	66	0	65
31	67	0	65
31	69	0	65
31	72	0	65
31	74	0	65
31	75	0	65
31	76	0	65
31	77	0	65
31	78	0	65
31	79	0	65
31	80	0	65
31	82	0	65
31	83	0	65
31	84	0	65
31	85	0	65
31	86	0	65
31	87	0	65
31	88	0	65
31	90	0	65
31	91	0	65
31	92	0	65
31	93	0	65
31	94	0	65
31	95	0	65
31	97	0	65
31	98	0	65
31	99	0	65
31	102	0	65
31	103	0	65
31	104	0	65
31	105	0	65
31	106	0	65
31	108	0	65
31	109	0	65
31	110	0	65
31	112	0	65
31	115	0	65
31	116	0	65
31	117	0	65
31	118	0	65
31	119	0	65
31	120	0	65
31	121	0	65
31	122	0	65
31	123	0	65
31	124	0	65
31	125	0	65
31	126	0	65
31	127	0	65
31	128	0	65
31	129	0	65
31	131	0	65
31	132	0	65
31	133	0	65
31	134	0	65
31	137	0	65
31	138	0	65
31	140	0	65
31	141	0	65
31	142	0	65
31	144	0	65
31	145	0	65
31	146	0	65
31	147	0	65
31	148	0	65
31	149	0	65
31	150	0	65
31	151	0	65
31	152	0	65
31	153	0	65
31	154	0	65
31	155	0	65
31	157	0	65
31	158	0	65
31	159	0	65
31	160	0	65
31	161	0	65
31	162	0	65
31	164	0	65
31	165	0	65
31	167	0	65
31	168	0	65
31	170	0	65
31	171	0	65
31	172	0	65
31	175	0	65
31	176	0	65
31	177	0	65
31	178	0	65
31	179	0	65
31	180	0	65
31	181	0	65
31	182	0	65
31	186	0	65
31	187	0	65
31	189	0	65
31	191	0	65
31	194	0	65
31	195	0	65
31	196	0	65
31	197	0	65
31	198	0	65
31	201	0	65
31	202	0	65
31	204	0	65
31	205	0	65
31	206	0	65
31	207	0	65
31	210	0	65
31	213	0	65
31	214	0	65
31	217	0	65
31	219	0	65
31	221	0	65
31	223	0	65
31	224	0	65
31	225	0	65
31	227	0	65
31	228	0	65
31	229	0	65
31	230	0	65
31	231	0	65
31	233	0	65
31	234	0	65
31	235	0	65
31	236	0	65
31	237	0	65
31	238	0	65
31	239	0	65
31	240	0	65
31	242	0	65
31	243	0	65
31	244	0	65
31	246	0	65
31	247	0	65
31	248	0	65
31	249	0	65
31	250	0	65
31	251	0	65
31	252	0	65
31	253	0	65
31	256	0	65
31	257	0	65
31	258	0	65
31	259	0	65
31	260	0	65
31	261	0	65
31	263	0	65
31	264	0	65
31	265	0	65
31	266	0	65
31	267	0	65
31	268	0	65
31	269	0	65
31	270	0	65
31	272	0	65
31	273	0	65
31	274	0	65
31	275	0	65
31	276	0	65
31	277	0	65
31	278	0	65
31	279	0	65
31	280	0	65
31	281	0	65
31	282	0	65
31	284	0	65
31	285	0	65
31	286	0	65
31	287	0	65
31	290	0	65
31	292	0	65
31	293	0	65
31	294	0	65
31	295	0	65
31	297	0	65
31	298	0	65
31	299	0	65
31	300	0	65
31	301	0	65
31	304	0	65
31	305	0	65
31	307	0	65
31	308	0	65
31	309	0	65
31	310	0	65
31	311	0	65
31	312	0	65
31	313	0	65
31	314	0	65
31	316	0	65
31	317	0	65
31	319	0	65
31	320	0	65
31	321	0	65
31	322	0	65
31	323	0	65
31	324	0	65
31	326	0	65
31	327	0	65
31	328	0	65
31	329	0	65
31	330	0	65
31	331	0	65
31	332	0	65
31	333	0	65
31	334	0	65
31	335	0	65
31	336	0	65
31	337	0	65
31	338	0	65
31	339	0	65
31	340	0	65
31	341	0	65
31	342	0	65
31	344	0	65
31	345	0	65
31	347	0	65
31	348	0	65
31	349	0	65
31	352	0	65
31	353	0	65
31	354	0	65
31	355	0	65
31	357	0	65
31	358	0	65
31	359	0	65
31	360	0	65
31	361	0	65
31	363	0	65
31	364	0	65
31	365	0	65
31	366	0	65
31	367	0	65
31	368	0	65
31	369	0	65
31	370	0	65
31	371	0	65
31	372	0	65
31	373	0	65
31	374	0	65
31	376	0	65
31	377	0	65
31	378	0	65
31	379	0	65
31	380	0	65
31	381	0	65
31	382	0	65
31	383	0	65
31	384	0	65
31	385	0	65
31	386	0	65
31	387	0	65
31	390	0	65
31	391	0	65
31	392	0	65
31	393	0	65
31	395	0	65
31	396	0	65
31	397	0	65
31	399	0	65
31	400	0	65
31	401	0	65
31	402	0	65
31	403	0	65
31	404	0	65
31	405	0	65
31	406	0	65
31	407	0	65
31	408	0	65
31	409	0	65
31	410	0	65
31	411	0	65
31	412	0	65
31	413	0	65
31	414	0	65
31	415	0	65
31	416	0	65
31	417	0	65
31	418	0	65
31	419	0	65
31	420	0	65
31	421	0	65
31	422	0	65
31	423	0	65
31	425	0	65
31	427	0	65
31	428	0	65
31	429	0	65
31	430	0	65
31	431	0	65
31	432	0	65
31	433	0	65
31	434	0	65
31	435	0	65
31	436	0	65
31	437	0	65
31	438	0	65
31	439	0	65
31	440	0	65
31	441	0	65
31	442	0	65
31	443	0	65
31	444	0	65
31	445	0	65
31	446	0	65
31	447	0	65
31	450	0	65
31	452	0	65
31	453	0	65
31	455	0	65
31	456	0	65
31	457	0	65
31	458	0	65
31	459	0	65
31	460	0	65
31	461	0	65
31	462	0	65
31	463	0	65
31	464	0	65
31	465	0	65
31	466	0	65
31	467	0	65
31	468	0	65
31	469	0	65
31	470	0	65
31	471	0	65
31	473	0	65
31	474	0	65
31	476	0	65
31	478	0	65
31	479	0	65
31	480	0	65
31	481	0	65
31	482	0	65
31	483	0	65
31	484	0	65
31	485	0	65
31	487	0	65
31	489	0	65
31	490	0	65
31	491	0	65
31	492	0	65
31	493	0	65
31	496	0	65
31	497	0	65
31	498	0	65
31	499	0	65
31	500	0	65
31	501	0	65
31	502	0	65
31	503	0	65
31	504	0	65
31	505	0	65
31	507	0	65
31	509	0	65
31	510	0	65
31	511	0	65
32	0	0	65
32	1	0	65
32	2	0	65
32	3	0	65
32	4	0	65
32	5	0	65
32	6	0	65
32	7	0	65
32	8	0	65
32	9	0	65
32	10	0	65
32	11	0	65
32	13	0	65
32	14	0	65
32	15	0	65
32	16	0	65
32	18	0	65
32	19	0	65
32	20	0	65
32	21	0	65
32	22	0	65
32	24	0	65
32	25	0	65
32	27	0	65
32	29	0	65
32	30	0	65
32	31	0	65
32	33	0	65
32	34	0	65
32	36	0	65
32	37	0	65
32	38	0	65
32	40	0	65
32	42	0	65
32	45	0	65
32	46	0	65
32	47	0	65
32	48	0	65
32	50	0	65
32	51	0	65
32	52	0	65
32	53	0	65
32	54	0	65
32	55	0	65
32	57	0	65
32	59	0	65
32	60	0	65
32	61	0	65
32	63	0	65
32	64	0	65
32	65	0	65
32	66	0	65
32	67	0	65
32	68	0	65
32	69	0	65
32	70	0	65
32	72	0	65
32	73	0	65
32	76	0	65
32	77	0	65
32	78	0	65
32	79	0	65
32	80	0	65
32	81	0	65
32	82	0	65
32	83	0	65
32	85	0	65
32	86	0	65
32	87	0	65
32	88	0	65
32	89	0	65
32	90	0	65
32	93	0	65
32	94	0	65
32	95	0	65
32	96	0	65
32	97	0	65
32	98	0	65
32	99	0	65
32	100	0	65
32	101	0	65
32	102	0	65
32	103	0	65
32	104	0	65
32	105	0	65
32	106	0	65
32	107	0	65
32	108	0	65
32	109	0	65
32	110	0	65
32	111	0	65
32	112	0	65
32	113	0	65
32	114	0	65
32	116	0	65
32	118	0	65
32	119	0	65
32	121	0	65
32	122	0	65
32	124	0	65
32	125	0	65
32	126	0	65
32	127	0	65
32	128	0	65
32	129	0	65
32	133	0	65
32	135	0	65
32	136	0	65
32	137	0	65
32	138	0	65
32	139	0	65
32	143	0	65
32	144	0	65
32	145	0	65
32	147	0	65
32	148	0	65
32	150	0	65
32	151	0	65
32	152	0	65
32	154	0	65
32	155	0	65
32	157	0	65
32	158	0	65
32	159	0	65
32	160	0	65
32	161	0	65
32	162	0	65
32	165	0	65
32	166	0	65
32	167	0	65
32	168	0	65
32	169	0	65
32	170	0	65
32	171	0	65
32	172	0	65
32	173	0	65
32	176	0	65
32	177	0	65
32	178	0	65
32	179	0	65
32	181	0	65
32	183	0	65
32	184	0	65
32	185	0	65
32	186	0	65
32	188	0	65
32	189	0	65
32	192	0	65
32	193	0	65
32	194	0	65
32	195	0	65
32	196	0	65
32	198	0	65
32	200	0	65
32	201	0	65
32	202	0	65
32	203	0	65
32	204	0	65
32	205	0	65
32	206	0	65
32	207	0	65
32	208	0	65
32	209	0	65
32	210	0	65
32	211	0	65
32	212	0	65
32	213	0	65
32	214	0	65
32	215	0	65
32	216	0	65
32	217	0	65
32	218	0	65
32	219	0	65
32	220	0	65
32	222	0	65
32	225	0	65
32	226	0	65
32	227	0	65
32	229	0	65
32	231	0	65
32	232	0	65
32	235	0	65
32	236	0	65
32	237	0	65
32	238	0	65
32	239	0	65
32	240	0	65
32	241	0	65
32	242	0	65
32	244	0	65
32	245	0	65
32	246	0	65
32	247	0	65
32	248	0	65
32	249	0	65
32	251	0	65
32	253	0	65
32	254	0	65
32	255	0	65
32	257	0	65
32	258	0	65
32	260	0	65
32	261	0	65
32	262	0	65
32	265	0	65
32	266	0	65
32	267	0	65
32	268	0	65
32	269	0	65
32	270	0	65
32	271	0	65
32	273	0	65
32	274	0	65
32	275	0	65
32	276	0	65
32	279	0	65
32	280	0	65
32	281	0	65
32	282	0	65
32	284	0	65
32	285	0	65
32	287	0	65
32	288	0	65
32	289	0	65
32	290	0	65
32	291	0	65
32	292	0	65
32	293	0	65
32	294	0	65
32	295	0	65
32	296	0	65
32	298	0	65
32	301	0	65
32	302	0	65
32	303	0	65
32	304	0	65
32	305	0	65
32	306	0	65
32	307	0	65
32	308	0	65
32	309	0	65
32	310	0	65
32	311	0	65
32	312	0	65
32	313	0	65
32	314	0	65
32	315	0	65
32	316	0	65
32	318	0	65
32	319	0	65
32	320	0	65
32	322	0	65
32	326	0	65
32	329	0	65
32	331	0	65
32	332	0	65
32	334	0	65
32	335	0	65
32	336	0	65
32	337	0	65
32	338	0	65
32	339	0	65
32	340	0	65
32	342	0	65
32	343	0	65
32	344	0	65
32	345	0	65
32	346	0	65
32	347	0	65
32	348	0	65
32	349	0	65
32	350	0	65
32	351	0	65
32	354	0	65
32	355	0	65
32	356	0	65
32	357	0	65
32	358	0	65
32	359	0	65
32	360	0	65
32	361	0	65
32	362	0	65
32	363	0	65
32	364	0	65
32	367	0	65
32	371	0	65
32	372	0	65
32	373	0	65
32	374	0	65
32	375	0	65
32	376	0	65
32	378	0	65
32	379	0	65
32	380	0	65
32	381	0	65
32	383	0	65
32	384	0	65
32	385	0	65
32	386	0	65
32	387	0	65
32	388	0	65
32	389	0	65
32	390	0	65
32	392	0	65
32	394	0	65
32	395	0	65
32	396	0	65
32	398	0	65
32	400	0	65
32	402	0	65
32	403	0	65
32	404	0	65
32	406	0	65
32	407	0	65
32	408	0	65
32	409	0	65
32	410	0	65
32	411	0	65
32	412	0	65
32	413	0	65
32	415	0	65
32	416	0	65
32	417	0	65
32	418	0	65
32	419	0	65
32	420	0	65
32	421	0	65
32	423	0	65
32	425	0	65
32	426	0	65
32	427	0	65
32	430	0	65
32	431	0	65
32	433	0	65
32	434	0	65
32	435	0	65
32	436	0	65
32	437	0	65
32	438	0	65
32	440	0	65
32	442	0	65
32	443	0	65
32	444	0	65
32	445	0	65
32	447	0	65
32	448	0	65
32	449	0	65
32	450	0	65
32	451	0	65
32	453	0	65
32	454	0	65
32	455	0	65
32	456	0	65
32	457	0	65
32	458	0	65
32	459	0	65
32	461	0	65
32	462	0	65
32	463	0	65
32	464	0	65
32	465	0	65
32	466	0	65
32	468	0	65
32	469	0	65
32	472	0	65
32	474	0	65
32	475	0	65
32	477	0	65
32	478	0	65
32	481	0	65
32	483	0	65
32	484	0	65
32	485	0	65
32	488	0	65
32	489	0	65
32	490	0	65
32	491	0	65
32	492	0	65
32	494	0	65
32	495	0	65
32	496	0	65
32	497	0	65
32	499	0	65
32	500	0	65
32	501	0	65
32	502	0	65
32	503	0	65
32	504	0	65
32	506	0	65
32	507	0	65
32	509	0	65
32	510	0	65
32	511	0	65
33	1	0	65
33	2	0	65
33	3	0	65
33	4	0	65
33	5	0	65
33	6	0	65
33	7	0	65
33	8	0	65
33	9	0	65
33	10	0	65
33	11	0	65
33	13	0	65
33	14	0	65
33	17	0	65
33	18	0	65
33	20	0	65
33	21	0	65
33	22	0	65
33	23	0	65
33	24	0	65
33	26	0	65
33	27	0	65
33	29	0	65
33	30	0	65
33	31	0	65
33	32	0	65
33	33	0	65
33	35	0	65
33	36	0	65
33	37	0	65
33	38	0	65
33	39	0	65
33	41	0	65
33	43	0	65
33	44	0	65
33	45	0	65
33	46	0	65
33	47	0	65
33	49	0	65
33	51	0	65
33	52	0	65
33	55	0	65
33	57	0	65
33	59	0	65
33	60	0	65
33	62	0	65
33	64	0	65
33	65	0	65
33	66	0	65
33	67	0	65
33	71	0	65
33	72	0	65
33	73	0	65
33	74	0	65
33	75	0	65
33	76	0	65
33	77	0	65
33	78	0	65
33	79	0	65
33	82	0	65
33	83	0	65
33	84	0	65
33	86	0	65
33	87	0	65
33	91	0	65
33	92	0	65
33	93	0	65
33	94	0	65
33	96	0	65
33	97	0	65
33	98	0	65
33	99	0	65
33	100	0	65
33	103	0	65
33	104	0	65
33	107	0	65
33	108	0	65
33	109	0	65
33	110	0	65
33	111	0	65
33	112	0	65
33	114	0	65
33	115	0	65
33	116	0	65
33	117	0	65
33	119	0	65
33	122	0	65
33	123	0	65
33	124	0	65
33	125	0	65
33	128	0	65
33	129	0	65
33	131	0	65
33	132	0	65
33	133	0	65
33	134	0	65
33	135	0	65
33	137	0	65
33	138	0	65
33	139	0	65
33	141	0	65
33	142	0	65
33	143	0	65
33	144	0	65
33	146	0	65
33	148	0	65
33	149	0	65
33	153	0	65
33	154	0	65
33	156	0	65
33	157	0	65
33	158	0	65
33	161	0	65
33	162	0	65
33	163	0	65
33	165	0	65
33	167	0	65
33	169	0	65
33	170	0	65
33	171	0	65
33	174	0	65
33	175	0	65
33	176	0	65
33	177	0	65
33	178	0	65
33	179	0	65
33	180	0	65
33	181	0	65
33	182	0	65
33	185	0	65
33	186	0	65
33	188	0	65
33	189	0	65
33	190	0	65
33	191	0	65
33	192	0	65
33	194	0	65
33	195	0	65
33	196	0	65
33	197	0	65
33	198	0	65
33	200	0	65
33	201	0	65
33	202	0	65
33	203	0	65
33	205	0	65
33	206	0	65
33	213	0	65
33	216	0	65
33	217	0	65
33	218	0	65
33	219	0	65
33	220	0	65
33	223	0	65
33	224	0	65
33	225	0	65
33	226	0	65
33	227	0	65
33	228	0	65
33	229	0	65
33	230	0	65
33	231	0	65
33	232	0	65
33	233	0	65
33	235	0	65
33	236	0	65
33	237	0	65
33	239	0	65
33	240	0	65
33	241	0	65
33	242	0	65
33	244	0	65
33	245	0	65
33	247	0	65
33	248	0	65
33	249	0	65
33	251	0	65
33	254	0	65
33	255	0	65
33	256	0	65
33	258	0	65
33	259	0	65
33	260	0	65
33	262	0	65
33	263	0	65
33	264	0	65
33	267	0	65
33	268	0	65
33	269	0	65
33	270	0	65
33	271	0	65
33	273	0	65
33	276	0	65
33	277	0	65
33	278	0	65
33	279	0	65
33	280	0	65
33	281	0	65
33	282	0	65
33	283	0	65
33	286	0	65
33	287	0	65
33	288	0	65
33	289	0	65
33	290	0	65
33	291	0	65
33	292	0	65
33	293	0	65
33	294	0	65
33	295	0	65
33	297	0	65
33	300	0	65
33	301	0	65
33	304	0	65
33	306	0	65
33	307	0	65
33	308	0	65
33	310	0	65
33	312	0	65
33	313	0	65
33	314	0	65
33	315	0	65
33	316	0	65
33	317	0	65
33	318	0	65
33	319	0	65
33	320	0	65
33	321	0	65
33	322	0	65
33	323	0	65
33	325	0	65
33	326	0	65
33	332	0	65
33	334	0	65
33	335	0	65
33	336	0	65
33	338	0	65
33	339	0	65
33	340	0	65
33	341	0	65
33	342	0	65
33	344	0	65
33	346	0	65
33	348	0	65
33	350	0	65
33	351	0	65
33	352	0	65
33	353	0	65
33	354	0	65
33	356	0	65
33	357	0	65
33	358	0	65
33	360	0	65
33	361	0	65
33	362	0	65
33	366	0	65
33	367	0	65
33	368	0	65
33	369	0	65
33	370	0	65
33	373	0	65
33	374	0	65
33	375	0	65
33	376	0	65
33	377	0	65
33	379	0	65
33	380	0	65
33	381	0	65
33	382	0	65
33	383	0	65
33	384	0	65
33	385	0	65
33	390	0	65
33	391	0	65
33	392	0	65
33	393	0	65
33	394	0	65
33	395	0	65
33	396	0	65
33	397	0	65
33	398	0	65
33	399	0	65
33	400	0	65
33	402	0	65
33	403	0	65
33	404	0	65
33	405	0	65
33	406	0	65
33	407	0	65
33	408	0	65
33	409	0	65
33	410	0	65
33	411	0	65
33	412	0	65
33	414	0	65
33	415	0	65
33	416	0	65
33	417	0	65
33	418	0	65
33	420	0	65
33	421	0	65
33	423	0	65
33	424	0	65
33	427	0	65
33	428	0	65
33	429	0	65
33	431	0	65
33	433	0	65
33	434	0	65
33	436	0	65
33	437	0	65
33	438	0	65
33	441	0	65
33	444	0	65
33	445	0	65
33	446	0	65
33	448	0	65
33	449	0	65
33	450	0	65
33	451	0	65
33	456	0	65
33	458	0	65
33	459	0	65
33	464	0	65
33	465	0	65
33	466	0	65
33	468	0	65
33	470	0	65
33	471	0	65
33	472	0	65
33	473	0	65
33	475	0	65
33	476	0	65
33	477	0	65
33	478	0	65
33	479	0	65
33	480	0	65
33	481	0	65
33	483	0	65
33	484	0	65
33	485	0	65
33	487	0	65
33	489	0	65
33	490	0	65
33	491	0	65
33	494	0	65
33	495	0	65
33	496	0	65
33	498	0	65
33	500	0	65
33	501	0	65
33	502	0	65
33	503	0	65
33	506	0	65
33	507	0	65
33	508	0	65
33	509	0	65
33	511	0	65
34	1	0	65
34	2	0	65
34	3	0	65
34	4	0	65
34	8	0	65
34	10	0	65
34	12	0	65
34	14	0	65
34	15	0	65
34	16	0	65
34	17	0	65
34	18	0	65
34	20	0	65
34	22	0	65
34	23	0	65
34	24	0	65
34	25	0	65
34	27	0	65
34	28	0	65
34	30	0	65
34	31	0	65
34	32	0	65
34	33	0	65
34	35	0	65
34	36	0	65
34	37	0	65
34	38	0	65
34	39	0	65
34	40	0	65
34	42	0	65
34	44	0	65
34	45	0	65
34	47	0	65
34	48	0	65
34	49	0	65
34	52	0	65
34	53	0	65
34	54	0	65
34	55	0	65
34	56	0	65
34	57	0	65
34	59	0	65
34	60	0	65
34	61	0	65
34	64	0	65
34	65	0	65
34	68	0	65
34	69	0	65
34	72	0	65
34	74	0	65
34	75	0	65
34	77	0	65
34	78	0	65
34	79	0	65
34	80	0	65
34	83	0	65
34	85	0	65
34	86	0	65
34	88	0	65
34	89	0	65
34	90	0	65
34	94	0	65
34	95	0	65
34	97	0	65
34	99	0	65
34	100	0	65
34	101	0	65
34	104	0	65
34	105	0	65
34	107	0	65
34	109	0	65
34	110	0	65
34	112	0	65
34	113	0	65
34	114	0	65
34	115	0	65
34	118	0	65
34	120	0	65
34	121	0	65
34	123	0	65
34	124	0	65
34	125	0	65
34	126	0	65
34	129	0	65
34	130	0	65
34	133	0	65
34	134	0	65
34	135	0	65
34	136	0	65
34	137	0	65
34	138	0	65
34	141	0	65
34	143	0	65
34	144	0	65
34	145	0	65
34	146	0	65
34	148	0	65
34	149	0	65
34	153	0	65
34	154	0	65
34	155	0	65
34	157	0	65
34	158	0	65
34	160	0	65
34	161	0	65
34	162	0	65
34	166	0	65
34	167	0	65
34	169	0	65
34	171	0	65
34	172	0	65
34	173	0	65
34	174	0	65
34	175	0	65
34	176	0	65
34	181	0	65
34	182	0	65
34	186	0	65
34	187	0	65
34	190	0	65
34	191	0	65
34	192	0	65
34	193	0	65
34	195	0	65
34	196	0	65
34	197	0	65
34	200	0	65
34	202	0	65
34	203	0	65
34	204	0	65
34	205	0	65
34	206	0	65
34	208	0	65
34	209	0	65
34	210	0	65
34	214	0	65
34	215	0	65
34	217	0	65
34	218	0	65
34	221	0	65
34	223	0	65
34	225	0	65
34	226	0	65
34	227	0	65
34	230	0	65
34	231	0	65
34	232	0	65
34	233	0	65
34	236	0	65
34	237	0	65
34	238	0	65
34	239	0	65
34	241	0	65
34	242	0	65
34	243	0	65
34	245	0	65
34	247	0	65
34	248	0	65
34	251	0	65
34	252	0	65
34	253	0	65
34	256	0	65
34	257	0	65
34	259	0	65
34	260	0	65
34	261	0	65
34	263	0	65
34	267	0	65
34	268	0	65
34	269	0	65
34	270	0	65
34	271	0	65
34	272	0	65
34	273	0	65
34	274	0	65
34	276	0	65
34	277	0	65
34	278	0	65
34	279	0	65
34	280	0	65
34	281	0	65
34	284	0	65
34	285	0	65
34	287	0	65
34	288	0	65
34	289	0	65
34	290	0	65
34	292	0	65
34	294	0	65
34	295	0	65
34	296	0	65
34	297	0	65
34	301	0	65
34	302	0	65
34	303	0	65
34	304	0	65
34	305	0	65
34	307	0	65
34	309	0	65
34	312	0	65
34	315	0	65
34	316	0	65
34	317	0	65
34	318	0	65
34	320	0	65
34	322	0	65
34	323	0	65
34	324	0	65
34	328	0	65
34	329	0	65
34	331	0	65
34	332	0	65
34	334	0	65
34	335	0	65
34	338	0	65
34	339	0	65
34	340	0	65
34	342	0	65
34	344	0	65
34	345	0	65
34	346	0	65
34	348	0	65
34	351	0	65
34	352	0	65
34	354	0	65
34	355	0	65
34	356	0	65
34	359	0	65
34	360	0	65
34	361	0	65
34	362	0	65
34	363	0	65
34	364	0	65
34	365	0	65
34	367	0	65
34	368	0	65
34	369	0	65
34	371	0	65
34	372	0	65
34	374	0	65
34	375	0	65
34	377	0	65
34	378	0	65
34	379	0	65
34	380	0	65
34	382	0	65
34	383	0	65
34	384	0	65
34	386	0	65
34	387	0	65
34	389	0	65
34	392	0	65
34	393	0	65
34	397	0	65
34	400	0	65
34	402	0	65
34	404	0	65
34	406	0	65
34	409	0	65
34	410	0	65
34	412	0	65
34	413	0	65
34	414	0	65
34	415	0	65
34	416	0	65
34	421	0	65
34	422	0	65
34	423	0	65
34	424	0	65
34	425	0	65
34	426	0	65
34	427	0	65
34	428	0	65
34	429	0	65
34	430	0	65
34	431	0	65
34	432	0	65
34	438	0	65
34	439	0	65
34	440	0	65
34	441	0	65
34	442	0	65
34	446	0	65
34	447	0	65
34	448	0	65
34	451	0	65
34	452	0	65
34	453	0	65
34	455	0	65
34	457	0	65
34	458	0	65
34	462	0	65
34	463	0	65
34	465	0	65
34	466	0	65
34	469	0	65
34	470	0	65
34	472	0	65
34	473	0	65
34	477	0	65
34	478	0	65
34	479	0	65
34	480	0	65
34	482	0	65
34	487	0	65
34	488	0	65
34	490	0	65
34	491	0	65
34	492	0	65
34	493	0	65
34	494	0	65
34	495	0	65
34	498	0	65
34	499	0	65
34	502	0	65
34	504	0	65
34	505	0	65
34	508	0	65
34	509	0	65
34	511	0	65
35	0	0	65
35	2	0	65
35	4	0	65
35	5	0	65
35	9	0	65
35	10	0	65
35	11	0	65
35	13	0	65
35	14	0	65
35	16	0	65
35	17	0	65
35	18	0	65
35	21	0	65
35	23	0	65
35	25	0	65
35	27	0	65
35	28	0	65
35	29	0	65
35	32	0	65
35	33	0	65
35	35	0	65
35	36	0	65
35	37	0	65
35	38	0	65
35	39	0	65
35	40	0	65
35	41	0	65
35	42	0	65
35	43	0	65
35	44	0	65
35	46	0	65
35	48	0	65
35	50	0	65
35	51	0	65
35	52	0	65
35	53	0	65
35	54	0	65
35	55	0	65
35	57	0	65
35	58	0	65
35	59	0	65
35	60	0	65
35	65	0	65
35	67	0	65
35	68	0	65
35	69	0	65
35	70	0	65
35	71	0	65
35	72	0	65
35	74	0	65
35	75	0	65
35	76	0	65
35	77	0	65
35	78	0	65
35	79	0	65
35	83	0	65
35	85	0	65
35	86	0	65
35	87	0	65
35	89	0	65
35	90	0	65
35	91	0	65
35	93	0	65
35	94	0	65
35	95	0	65
35	97	0	65
35	98	0	65
35	99	0	65
35	102	0	65
35	104	0	65
35	105	0	65
35	107	0	65
35	108	0	65
35	109	0	65
35	110	0	65
35	111	0	65
35	112	0	65
35	113	0	65
35	114	0	65
35	115	0	65
35	116	0	65
35	117	0	65
35	119	0	65
35	120	0	65
35	121	0	65
35	122	0	65
35	123	0	65
35	125	0	65
35	126	0	65
35	127	0	65
35	128	0	65
35	129	0	65
35	130	0	65
35	131	0	65
35	132	0	65
35	133	0	65
35	135	0	65
35	136	0	65
35	137	0	65
35	141	0	65
35	143	0	65
35	146	0	65
35	148	0	65
35	149	0	65
35	150	0	65
35	152	0	65
35	153	0	65
35	154	0	65
35	155	0	65
35	156	0	65
35	158	0	65
35	163	0	65
35	164	0	65
35	166	0	65
35	167	0	65
35	168	0	65
35	170	0	65
35	171	0	65
35	172	0	65
35	175	0	65
35	177	0	65
35	178	0	65
35	179	0	65
35	180	0	65
35	181	0	65
35	182	0	65
35	185	0	65
35	186	0	65
35	187	0	65
35	189	0	65
35	191	0	65
35	193	0	65
35	194	0	65
35	195	0	65
35	196	0	65
35	199	0	65
35	200	0	65
35	201	0	65
35	202	0	65
35	203	0	65
35	204	0	65
35	205	0	65
35	206	0	65
35	207	0	65
35	209	0	65
35	210	0	65
35	211	0	65
35	212	0	65
35	213	0	65
35	214	0	65
35	215	0	65
35	216	0	65
35	217	0	65
35	218	0	65
35	219	0	65
35	220	0	65
35	224	0	65
35	229	0	65
35	230	0	65
35	231	0	65
35	233	0	65
35	234	0	65
35	235	0	65
35	236	0	65
35	237	0	65
35	238	0	65
35	240	0	65
35	241	0	65
35	242	0	65
35	243	0	65
35	244	0	65
35	247	0	65
35	248	0	65
35	249	0	65
35	250	0	65
35	251	0	65
35	255	0	65
35	256	0	65
35	257	0	65
35	258	0	65
35	260	0	65
35	261	0	65
35	263	0	65
35	264	0	65
35	265	0	65
35	266	0	65
35	267	0	65
35	270	0	65
35	271	0	65
35	272	0	65
35	273	0	65
35	274	0	65
35	275	0	65
35	276	0	65
35	278	0	65
35	279	0	65
35	280	0	65
35	283	0	65
35	284	0	65
35	285	0	65
35	287	0	65
35	290	0	65
35	294	0	65
35	295	0	65
35	297	0	65
35	298	0	65
35	299	0	65
35	300	0	65
35	301	0	65
35	302	0	65
35	303	0	65
35	304	0	65
35	305	0	65
35	306	0	65
35	310	0	65
35	311	0	65
35	312	0	65
35	315	0	65
35	317	0	65
35	318	0	65
35	319	0	65
35	320	0	65
35	321	0	65
35	322	0	65
35	323	0	65
35	324	0	65
35	325	0	65
35	326	0	65
35	328	0	65
35	331	0	65
35	332	0	65
35	334	0	65
35	336	0	65
35	337	0	65
35	338	0	65
35	339	0	65
35	343	0	65
35	344	0	65
35	346	0	65
35	347	0	65
35	348	0	65
35	350	0	65
35	351	0	65
35	352	0	65
35	353	0	65
35	354	0	65
35	358	0	65
35	359	0	65
35	361	0	65
35	363	0	65
35	365	0	65
35	369	0	65
35	370	0	65
35	371	0	65
35	373	0	65
35	376	0	65
35	378	0	65
35	379	0	65
35	380	0	65
35	381	0	65
35	382	0	65
35	384	0	65
35	387	0	65
35	389	0	65
35	390	0	65
35	391	0	65
35	392	0	65
35	393	0	65
35	394	0	65
35	395	0	65
35	396	0	65
35	397	0	65
35	398	0	65
35	400	0	65
35	401	0	65
35	402	0	65
35	404	0	65
35	405	0	65
35	409	0	65
35	410	0	65
35	411	0	65
35	415	0	65
35	416	0	65
35	417	0	65
35	418	0	65
35	419	0	65
35	420	0	65
35	421	0	65
35	423	0	65
35	425	0	65
35	427	0	65
35	428	0	65
35	430	0	65
35	431	0	65
35	432	0	65
35	433	0	65
35	437	0	65
35	438	0	65
35	439	0	65
35	440	0	65
35	441	0	65
35	442	0	65
35	443	0	65
35	445	0	65
35	446	0	65
35	447	0	65
35	448	0	65
35	449	0	65
35	450	0	65
35	451	0	65
35	452	0	65
35	455	0	65
35	457	0	65
35	459	0	65
35	460	0	65
35	461	0	65
35	462	0	65
35	463	0	65
35	464	0	65
35	465	0	65
35	467	0	65
35	468	0	65
35	470	0	65
35	471	0	65
35	473	0	65
35	474	0	65
35	475	0	65
35	476	0	65
35	477	0	65
35	478	0	65
35	479	0	65
35	480	0	65
35	481	0	65
35	484	0	65
35	485	0	65
35	486	0	65
35	488	0	65
35	490	0	65
35	491	0	65
35	492	0	65
35	493	0	65
35	494	0	65
35	495	0	65
35	496	0	65
35	497	0	65
35	498	0	65
35	499	0	65
35	500	0	65
35	501	0	65
35	502	0	65
35	504	0	65
35	506	0	65
35	508	0	65
35	511	0	65
36	0	0	65
36	1	0	65
36	2	0	65
36	3	0	65
36	4	0	65
36	6	0	65
36	9	0	65
36	10	0	65
36	11	0	65
36	12	0	65
36	14	0	65
36	17	0	65
36	19	0	65
36	20	0	65
36	21	0	65
36	22	0	65
36	23	0	65
36	24	0	65
36	25	0	65
36	27	0	65
36	28	0	65
36	31	0	65
36	32	0	65
36	33	0	65
36	35	0	65
36	36	0	65
36	37	0	65
36	38	0	65
36	40	0	65
36	41	0	65
36	42	0	65
36	43	0	65
36	44	0	65
36	46	0	65
36	48	0	65
36	49	0	65
36	50	0	65
36	51	0	65
36	52	0	65
36	53	0	65
36	54	0	65
36	59	0	65
36	60	0	65
36	61	0	65
36	62	0	65
36	64	0	65
36	66	0	65
36	67	0	65
36	68	0	65
36	69	0	65
36	70	0	65
36	71	0	65
36	73	0	65
36	74	0	65
36	77	0	65
36	79	0	65
36	80	0	65
36	82	0	65
36	83	0	65
36	84	0	65
36	85	0	65
36	87	0	65
36	88	0	65
36	90	0	65
36	92	0	65
36	97	0	65
36	99	0	65
36	100	0	65
36	101	0	65
36	102	0	65
36	103	0	65
36	105	0	65
36	106	0	65
36	108	0	65
36	110	0	65
36	111	0	65
36	112	0	65
36	113	0	65
36	118	0	65
36	119	0	65
36	121	0	65
36	124	0	65
36	127	0	65
36	129	0	65
36	130	0	65
36	132	0	65
36	133	0	65
36	134	0	65
36	135	0	65
36	137	0	65
36	139	0	65
36	141	0	65
36	142	0	65
36	143	0	65
36	145	0	65
36	146	0	65
36	148	0	65
36	149	0	65
36	150	0	65
36	152	0	65
36	153	0	65
36	155	0	65
36	156	0	65
36	158	0	65
36	159	0	65
36	160	0	65
36	161	0	65
36	162	0	65
36	163	0	65
36	164	0	65
36	165	0	65
36	166	0	65
36	167	0	65
36	168	0	65
36	169	0	65
36	171	0	65
36	172	0	65
36	174	0	65
36	175	0	65
36	176	0	65
36	178	0	65
36	181	0	65
36	182	0	65
36	183	0	65
36	184	0	65
36	185	0	65
36	186	0	65
36	187	0	65
36	188	0	65
36	189	0	65
36	193	0	65
36	194	0	65
36	195	0	65
36	196	0	65
36	197	0	65
36	198	0	65
36	199	0	65
36	201	0	65
36	203	0	65
36	204	0	65
36	205	0	65
36	206	0	65
36	207	0	65
36	208	0	65
36	212	0	65
36	213	0	65
36	216	0	65
36	220	0	65
36	221	0	65
36	222	0	65
36	223	0	65
36	224	0	65
36	227	0	65
36	229	0	65
36	231	0	65
36	232	0	65
36	233	0	65
36	234	0	65
36	235	0	65
36	236	0	65
36	237	0	65
36	238	0	65
36	239	0	65
36	240	0	65
36	241	0	65
36	242	0	65
36	245	0	65
36	246	0	65
36	250	0	65
36	253	0	65
36	254	0	65
36	257	0	65
36	259	0	65
36	260	0	65
36	261	0	65
36	262	0	65
36	263	0	65
36	264	0	65
36	266	0	65
36	268	0	65
36	270	0	65
36	271	0	65
36	273	0	65
36	275	0	65
36	276	0	65
36	277	0	65
36	278	0	65
36	279	0	65
36	280	0	65
36	281	0	65
36	282	0	65
36	283	0	65
36	285	0	65
36	286	0	65
36	287	0	65
36	288	0	65
36	289	0	65
36	290	0	65
36	292	0	65
36	293	0	65
36	294	0	65
36	295	0	65
36	297	0	65
36	299	0	65
36	301	0	65
36	302	0	65
36	303	0	65
36	305	0	65
36	306	0	65
36	308	0	65
36	309	0	65
36	311	0	65
36	312	0	65
36	314	0	65
36	315	0	65
36	316	0	65
36	317	0	65
36	319	0	65
36	320	0	65
36	322	0	65
36	323	0	65
36	324	0	65
36	325	0	65
36	326	0	65
36	328	0	65
36	329	0	65
36	330	0	65
36	331	0	65
36	333	0	65
36	334	0	65
36	337	0	65
36	338	0	65
36	340	0	65
36	342	0	65
36	343	0	65
36	346	0	65
36	350	0	65
36	351	0	65
36	352	0	65
36	353	0	65
36	354	0	65
36	355	0	65
36	356	0	65
36	357	0	65
36	359	0	65
36	360	0	65
36	361	0	65
36	362	0	65
36	364	0	65
36	365	0	65
36	366	0	65
36	368	0	65
36	370	0	65
36	371	0	65
36	372	0	65
36	373	0	65
36	374	0	65
36	376	0	65
36	377	0	65
36	378	0	65
36	379	0	65
36	380	0	65
36	381	0	65
36	382	0	65
36	383	0	65
36	384	0	65
36	385	0	65
36	386	0	65
36	387	0	65
36	389	0	65
36	391	0	65
36	392	0	65
36	393	0	65
36	395	0	65
36	397	0	65
36	398	0	65
36	399	0	65
36	400	0	65
36	402	0	65
36	403	0	65
36	404	0	65
36	405	0	65
36	406	0	65
36	408	0	65
36	409	0	65
36	410	0	65
36	411	0	65
36	414	0	65
36	415	0	65
36	417	0	65
36	418	0	65
36	419	0	65
36	420	0	65
36	421	0	65
36	422	0	65
36	424	0	65
36	425	0	65
36	426	0	65
36	427	0	65
36	428	0	65
36	431	0	65
36	432	0	65
36	433	0	65
36	435	0	65
36	436	0	65
36	438	0	65
36	439	0	65
36	443	0	65
36	446	0	65
36	447	0	65
36	448	0	65
36	449	0	65
36	450	0	65
36	452	0	65
36	453	0	65
36	458	0	65
36	459	0	65
36	460	0	65
36	461	0	65
36	462	0	65
36	463	0	65
36	464	0	65
36	465	0	65
36	466	0	65
36	471	0	65
36	472	0	65
36	475	0	65
36	476	0	65
36	478	0	65
36	481	0	65
36	482	0	65
36	483	0	65
36	484	0	65
36	486	0	65
36	489	0	65
36	490	0	65
36	491	0	65
36	492	0	65
36	493	0	65
36	496	0	65
36	498	0	65
36	500	0	65
36	501	0	65
36	502	0	65
36	503	0	65
36	504	0	65
36	505	0	65
36	509	0	65
36	510	0	65
37	1	0	65
37	2	0	65
37	4	0	65
37	7	0	65
37	8	0	65
37	13	0	65
37	14	0	65
37	15	0	65
37	16	0	65
37	20	0	65
37	23	0	65
37	26	0	65
37	27	0	65
37	29	0	65
37	30	0	65
37	31	0	65
37	32	0	65
37	33	0	65
37	34	0	65
37	35	0	65
37	36	0	65
37	37	0	65
37	38	0	65
37	39	0	65
37	41	0	65
37	42	0	65
37	45	0	65
37	47	0	65
37	48	0	65
37	49	0	65
37	50	0	65
37	51	0	65
37	52	0	65
37	55	0	65
37	57	0	65
37	58	0	65
37	60	0	65
37	61	0	65
37	62	0	65
37	63	0	65
37	64	0	65
37	65	0	65
37	66	0	65
37	68	0	65
37	72	0	65
37	73	0	65
37	74	0	65
37	75	0	65
37	76	0	65
37	77	0	65
37	80	0	65
37	82	0	65
37	83	0	65
37	84	0	65
37	85	0	65
37	86	0	65
37	87	0	65
37	89	0	65
37	90	0	65
37	91	0	65
37	92	0	65
37	93	0	65
37	95	0	65
37	96	0	65
37	98	0	65
37	99	0	65
37	101	0	65
37	102	0	65
37	103	0	65
37	105	0	65
37	106	0	65
37	108	0	65
37	109	0	65
37	110	0	65
37	112	0	65
37	114	0	65
37	115	0	65
37	117	0	65
37	122	0	65
37	123	0	65
37	124	0	65
37	125	0	65
37	126	0	65
37	127	0	65
37	130	0	65
37	132	0	65
37	133	0	65
37	134	0	65
37	137	0	65
37	138	0	65
37	139	0	65
37	140	0	65
37	141	0	65
37	143	0	65
37	145	0	65
37	146	0	65
37	147	0	65
37	149	0	65
37	156	0	65
37	159	0	65
37	160	0	65
37	161	0	65
37	165	0	65
37	169	0	65
37	170	0	65
37	171	0	65
37	172	0	65
37	173	0	65
37	174	0	65
37	175	0	65
37	176	0	65
37	177	0	65
37	178	0	65
37	179	0	65
37	180	0	65
37	182	0	65
37	185	0	65
37	186	0	65
37	188	0	65
37	190	0	65
37	191	0	65
37	192	0	65
37	193	0	65
37	194	0	65
37	195	0	65
37	196	0	65
37	197	0	65
37	198	0	65
37	202	0	65
37	203	0	65
37	204	0	65
37	206	0	65
37	207	0	65
37	209	0	65
37	210	0	65
37	212	0	65
37	213	0	65
37	215	0	65
37	217	0	65
37	218	0	65
37	219	0	65
37	220	0	65
37	221	0	65
37	222	0	65
37	223	0	65
37	225	0	65
37	227	0	65
37	228	0	65
37	230	0	65
37	231	0	65
37	232	0	65
37	233	0	65
37	234	0	65
37	235	0	65
37	236	0	65
37	237	0	65
37	238	0	65
37	240	0	65
37	241	0	65
37	244	0	65
37	245	0	65
37	246	0	65
37	248	0	65
37	249	0	65
37	250	0	65
37	251	0	65
37	252	0	65
37	254	0	65
37	256	0	65
37	257	0	65
37	258	0	65
37	259	0	65
37	260	0	65
37	262	0	65
37	263	0	65
37	264	0	65
37	265	0	65
37	267	0	65
37	269	0	65
37	272	0	65
37	273	0	65
37	274	0	65
37	275	0	65
37	277	0	65
37	279	0	65
37	280	0	65
37	283	0	65
37	285	0	65
37	289	0	65
37	291	0	65
37	293	0	65
37	294	0	65
37	295	0	65
37	304	0	65
37	308	0	65
37	309	0	65
37	310	0	65
37	313	0	65
37	316	0	65
37	317	0	65
37	318	0	65
37	319	0	65
37	320	0	65
37	321	0	65
37	322	0	65
37	323	0	65
37	325	0	65
37	326	0	65
37	327	0	65
37	328	0	65
37	329	0	65
37	330	0	65
37	332	0	65
37	333	0	65
37	334	0	65
37	335	0	65
37	336	0	65
37	337	0	65
37	339	0	65
37	341	0	65
37	342	0	65
37	343	0	65
37	344	0	65
37	347	0	65
37	348	0	65
37	349	0	65
37	350	0	65
37	351	0	65
37	352	0	65
37	353	0	65
37	354	0	65
37	355	0	65
37	356	0	65
37	358	0	65
37	359	0	65
37	360	0	65
37	361	0	65
37	362	0	65
37	363	0	65
37	365	0	65
37	366	0	65
37	367	0	65
37	368	0	65
37	369	0	65
37	370	0	65
37	372	0	65
37	374	0	65
37	375	0	65
37	376	0	65
37	377	0	65
37	378	0	65
37	380	0	65
37	381	0	65
37	382	0	65
37	383	0	65
37	385	0	65
37	386	0	65
37	389	0	65
37	390	0	65
37	391	0	65
37	393	0	65
37	395	0	65
37	397	0	65
37	399	0	65
37	401	0	65
37	402	0	65
37	403	0	65
37	404	0	65
37	405	0	65
37	406	0	65
37	410	0	65
37	411	0	65
37	415	0	65
37	416	0	65
37	421	0	65
37	422	0	65
37	423	0	65
37	424	0	65
37	426	0	65
37	427	0	65
37	428	0	65
37	429	0	65
37	430	0	65
37	431	0	65
37	432	0	65
37	433	0	65
37	434	0	65
37	435	0	65
37	437	0	65
37	438	0	65
37	439	0	65
37	441	0	65
37	443	0	65
37	444	0	65
37	445	0	65
37	446	0	65
37	449	0	65
37	451	0	65
37	452	0	65
37	455	0	65
37	457	0	65
37	459	0	65
37	462	0	65
37	463	0	65
37	466	0	65
37	467	0	65
37	471	0	65
37	472	0	65
37	475	0	65
37	476	0	65
37	477	0	65
37	480	0	65
37	481	0	65
37	482	0	65
37	483	0	65
37	484	0	65
37	485	0	65
37	486	0	65
37	487	0	65
37	488	0	65
37	489	0	65
37	491	0	65
37	492	0	65
37	493	0	65
37	495	0	65
37	496	0	65
37	497	0	65
37	498	0	65
37	499	0	65
37	500	0	65
37	501	0	65
37	503	0	65
37	506	0	65
37	507	0	65
37	508	0	65
37	509	0	65
37	510	0	65
38	0	0	65
38	1	0	65
38	2	0	65
38	3	0	65
38	4	0	65
38	5	0	65
38	7	0	65
38	9	0	65
38	11	0	65
38	12	0	65
38	13	0	65
38	15	0	65
38	19	0	65
38	20	0	65
38	21	0	65
38	22	0	65
38	24	0	65
38	25	0	65
38	26	0	65
38	27	0	65
38	28	0	65
38	29	0	65
38	31	0	65
38	32	0	65
38	37	0	65
38	38	0	65
38	39	0	65
38	44	0	65
38	47	0	65
38	49	0	65
38	55	0	65
38	58	0	65
38	59	0	65
38	60	0	65
38	61	0	65
38	62	0	65
38	63	0	65
38	64	0	65
38	67	0	65
38	68	0	65
38	69	0	65
38	70	0	65
38	71	0	65
38	72	0	65
38	73	0	65
38	75	0	65
38	76	0	65
38	77	0	65
38	78	0	65
38	79	0	65
38	80	0	65
38	82	0	65
38	84	0	65
38	85	0	65
38	87	0	65
38	88	0	65
38	89	0	65
38	93	0	65
38	94	0	65
38	95	0	65
38	96	0	65
38	98	0	65
38	99	0	65
38	100	0	65
38	101	0	65
38	103	0	65
38	105	0	65
38	106	0	65
38	108	0	65
38	109	0	65
38	110	0	65
38	114	0	65
38	116	0	65
38	117	0	65
38	118	0	65
38	119	0	65
38	120	0	65
38	124	0	65
38	127	0	65
38	129	0	65
38	130	0	65
38	131	0	65
38	132	0	65
38	133	0	65
38	137	0	65
38	139	0	65
38	140	0	65
38	141	0	65
38	143	0	65
38	144	0	65
38	147	0	65
38	148	0	65
38	149	0	65
38	151	0	65
38	152	0	65
38	153	0	65
38	154	0	65
38	156	0	65
38	157	0	65
38	158	0	65
38	161	0	65
38	164	0	65
38	167	0	65
38	168	0	65
38	169	0	65
38	171	0	65
38	175	0	65
38	176	0	65
38	177	0	65
38	181	0	65
38	182	0	65
38	184	0	65
38	185	0	65
38	187	0	65
38	189	0	65
38	190	0	65
38	191	0	65
38	197	0	65
38	198	0	65
38	199	0	65
38	200	0	65
38	202	0	65
38	203	0	65
38	204	0	65
38	206	0	65
38	207	0	65
38	208	0	65
38	209	0	65
38	210	0	65
38	212	0	65
38	213	0	65
38	214	0	65
38	216	0	65
38	217	0	65
38	219	0	65
38	220	0	65
38	226	0	65
38	227	0	65
38	228	0	65
38	229	0	65
38	231	0	65
38	232	0	65
38	233	0	65
38	236	0	65
38	238	0	65
38	240	0	65
38	241	0	65
38	244	0	65
38	245	0	65
38	246	0	65
38	247	0	65
38	248	0	65
38	249	0	65
38	250	0	65
38	251	0	65
38	252	0	65
38	254	0	65
38	256	0	65
38	260	0	65
38	262	0	65
38	263	0	65
38	264	0	65
38	265	0	65
38	267	0	65
38	268	0	65
38	269	0	65
38	270	0	65
38	274	0	65
38	275	0	65
38	277	0	65
38	280	0	65
38	282	0	65
38	284	0	65
38	286	0	65
38	288	0	65
38	291	0	65
38	294	0	65
38	296	0	65
38	298	0	65
38	304	0	65
38	309	0	65
38	311	0	65
38	312	0	65
38	313	0	65
38	314	0	65
38	315	0	65
38	317	0	65
38	319	0	65
38	322	0	65
38	323	0	65
38	324	0	65
38	326	0	65
38	327	0	65
38	328	0	65
38	329	0	65
38	330	0	65
38	331	0	65
38	332	0	65
38	333	0	65
38	335	0	65
38	336	0	65
38	337	0	65
38	338	0	65
38	340	0	65
38	344	0	65
38	346	0	65
38	347	0	65
38	348	0	65
38	350	0	65
38	352	0	65
38	353	0	65
38	354	0	65
38	358	0	65
38	359	0	65
38	360	0	65
38	361	0	65
38	362	0	65
38	363	0	65
38	364	0	65
38	365	0	65
38	366	0	65
38	367	0	65
38	370	0	65
38	371	0	65
38	376	0	65
38	382	0	65
38	385	0	65
38	388	0	65
38	391	0	65
38	392	0	65
38	393	0	65
38	395	0	65
38	397	0	65
38	398	0	65
38	403	0	65
38	405	0	65
38	410	0	65
38	411	0	65
38	412	0	65
38	417	0	65
38	420	0	65
38	421	0	65
38	427	0	65
38	430	0	65
38	432	0	65
38	433	0	65
38	435	0	65
38	436	0	65
38	437	0	65
38	438	0	65
38	439	0	65
38	442	0	65
38	443	0	65
38	445	0	65
38	447	0	65
38	449	0	65
38	450	0	65
38	451	0	65
38	455	0	65
38	459	0	65
38	460	0	65
38	462	0	65
38	463	0	65
38	464	0	65
38	466	0	65
38	469	0	65
38	473	0	65
38	474	0	65
38	475	0	65
38	477	0	65
38	478	0	65
38	480	0	65
38	481	0	65
38	482	0	65
38	483	0	65
38	484	0	65
38	485	0	65
38	486	0	65
38	487	0	65
38	488	0	65
38	490	0	65
38	491	0	65
38	492	0	65
38	493	0	65
38	494	0	65
38	496	0	65
38	502	0	65
38	505	0	65
38	508	0	65
38	510	0	65
39	0	0	65
39	1	0	65
39	2	0	65
39	3	0	65
39	4	0	65
39	5	0	65
39	6	0	65
39	7	0	65
39	8	0	65
39	9	0	65
39	10	0	65
39	11	0	65
39	12	0	65
39	13	0	65
39	15	0	65
39	16	0	65
39	17	0	65
39	18	0	65
39	20	0	65
39	22	0	65
39	23	0	65
39	26	0	65
39	28	0	65
39	29	0	65
39	30	0	65
39	32	0	65
39	34	0	65
39	35	0	65
39	37	0	65
39	38	0	65
39	39	0	65
39	40	0	65
39	41	0	65
39	43	0	65
39	44	0	65
39	46	0	65
39	47	0	65
39	49	0	65
39	50	0	65
39	52	0	65
39	53	0	65
39	55	0	65
39	56	0	65
39	59	0	65
39	60	0	65
39	61	0	65
39	62	0	65
39	63	0	65
39	64	0	65
39	65	0	65
39	66	0	65
39	67	0	65
39	68	0	65
39	70	0	65
39	72	0	65
39	74	0	65
39	75	0	65
39	76	0	65
39	77	0	65
39	79	0	65
39	80	0	65
39	83	0	65
39	84	0	65
39	85	0	65
39	86	0	65
39	88	0	65
39	90	0	65
39	91	0	65
39	92	0	65
39	94	0	65
39	96	0	65
39	97	0	65
39	98	0	65
39	99	0	65
39	100	0	65
39	101	0	65
39	105	0	65
39	106	0	65
39	108	0	65
39	109	0	65
39	110	0	65
39	111	0	65
39	112	0	65
39	113	0	65
39	114	0	65
39	115	0	65
39	116	0	65
39	117	0	65
39	118	0	65
39	119	0	65
39	121	0	65
39	122	0	65
39	123	0	65
39	124	0	65
39	125	0	65
39	127	0	65
39	128	0	65
39	130	0	65
39	131	0	65
39	133	0	65
39	135	0	65
39	136	0	65
39	138	0	65
39	139	0	65
39	140	0	65
39	141	0	65
39	142	0	65
39	143	0	65
39	144	0	65
39	145	0	65
39	147	0	65
39	148	0	65
39	149	0	65
39	150	0	65
39	151	0	65
39	152	0	65
39	153	0	65
39	154	0	65
39	156	0	65
39	158	0	65
39	159	0	65
39	160	0	65
39	161	0	65
39	162	0	65
39	163	0	65
39	165	0	65
39	166	0	65
39	168	0	65
39	169	0	65
39	170	0	65
39	172	0	65
39	173	0	65
39	174	0	65
39	175	0	65
39	176	0	65
39	178	0	65
39	179	0	65
39	180	0	65
39	181	0	65
39	182	0	65
39	183	0	65
39	186	0	65
39	187	0	65
39	188	0	65
39	190	0	65
39	191	0	65
39	195	0	65
39	196	0	65
39	197	0	65
39	198	0	65
39	200	0	65
39	201	0	65
39	202	0	65
39	203	0	65
39	204	0	65
39	205	0	65
39	206	0	65
39	207	0	65
39	208	0	65
39	209	0	65
39	210	0	65
39	211	0	65
39	212	0	65
39	213	0	65
39	214	0	65
39	216	0	65
39	218	0	65
39	219	0	65
39	220	0	65
39	221	0	65
39	222	0	65
39	223	0	65
39	224	0	65
39	225	0	65
39	226	0	65
39	227	0	65
39	228	0	65
39	229	0	65
39	230	0	65
39	231	0	65
39	232	0	65
39	233	0	65
39	236	0	65
39	239	0	65
39	240	0	65
39	241	0	65
39	246	0	65
39	249	0	65
39	250	0	65
39	251	0	65
39	252	0	65
39	253	0	65
39	254	0	65
39	255	0	65
39	256	0	65
39	257	0	65
39	258	0	65
39	259	0	65
39	261	0	65
39	264	0	65
39	265	0	65
39	266	0	65
39	268	0	65
39	270	0	65
39	271	0	65
39	272	0	65
39	274	0	65
39	276	0	65
39	277	0	65
39	278	0	65
39	279	0	65
39	280	0	65
39	281	0	65
39	282	0	65
39	283	0	65
39	284	0	65
39	286	0	65
39	287	0	65
39	288	0	65
39	289	0	65
39	291	0	65
39	292	0	65
39	293	0	65
39	294	0	65
39	295	0	65
39	296	0	65
39	297	0	65
39	298	0	65
39	300	0	65
39	301	0	65
39	302	0	65
39	303	0	65
39	304	0	65
39	305	0	65
39	306	0	65
39	307	0	65
39	308	0	65
39	309	0	65
39	311	0	65
39	312	0	65
39	313	0	65
39	314	0	65
39	315	0	65
39	317	0	65
39	318	0	65
39	319	0	65
39	320	0	65
39	321	0	65
39	322	0	65
39	324	0	65
39	325	0	65
39	326	0	65
39	327	0	65
39	328	0	65
39	330	0	65
39	335	0	65
39	337	0	65
39	339	0	65
39	340	0	65
39	343	0	65
39	344	0	65
39	345	0	65
39	346	0	65
39	347	0	65
39	348	0	65
39	349	0	65
39	350	0	65
39	351	0	65
39	353	0	65
39	354	0	65
39	355	0	65
39	358	0	65
39	359	0	65
39	360	0	65
39	361	0	65
39	362	0	65
39	364	0	65
39	365	0	65
39	366	0	65
39	367	0	65
39	368	0	65
39	369	0	65
39	370	0	65
39	371	0	65
39	372	0	65
39	373	0	65
39	374	0	65
39	375	0	65
39	376	0	65
39	377	0	65
39	378	0	65
39	380	0	65
39	381	0	65
39	383	0	65
39	385	0	65
39	386	0	65
39	391	0	65
39	392	0	65
39	394	0	65
39	395	0	65
39	396	0	65
39	397	0	65
39	399	0	65
39	400	0	65
39	402	0	65
39	403	0	65
39	405	0	65
39	409	0	65
39	410	0	65
39	411	0	65
39	412	0	65
39	413	0	65
39	415	0	65
39	416	0	65
39	417	0	65
39	418	0	65
39	419	0	65
39	420	0	65
39	421	0	65
39	422	0	65
39	423	0	65
39	424	0	65
39	426	0	65
39	427	0	65
39	428	0	65
39	429	0	65
39	431	0	65
39	432	0	65
39	433	0	65
39	434	0	65
39	435	0	65
39	436	0	65
39	437	0	65
39	438	0	65
39	439	0	65
39	440	0	65
39	441	0	65
39	442	0	65
39	444	0	65
39	445	0	65
39	447	0	65
39	448	0	65
39	451	0	65
39	452	0	65
39	455	0	65
39	456	0	65
39	458	0	65
39	459	0	65
39	460	0	65
39	464	0	65
39	466	0	65
39	467	0	65
39	468	0	65
39	469	0	65
39	471	0	65
39	472	0	65
39	473	0	65
39	474	0	65
39	475	0	65
39	476	0	65
39	477	0	65
39	479	0	65
39	481	0	65
39	482	0	65
39	483	0	65
39	484	0	65
39	485	0	65
39	487	0	65
39	488	0	65
39	489	0	65
39	491	0	65
39	492	0	65
39	493	0	65
39	494	0	65
39	495	0	65
39	497	0	65
39	498	0	65
39	499	0	65
39	500	0	65
39	501	0	65
39	502	0	65
39	503	0	65
39	504	0	65
39	505	0	65
39	506	0	65
39	507	0	65
39	508	0	65
39	509	0	65
39	510	0	65
39	511	0	65
40	0	0	65
40	1	0	65
40	2	0	65
40	3	0	65
40	5	0	65
40	6	0	65
40	7	0	65
40	8	0	65
40	10	0	65
40	11	0	65
40	12	0	65
40	13	0	65
40	14	0	65
40	15	0	65
40	16	0	65
40	18	0	65
40	19	0	65
40	20	0	65
40	21	0	65
40	23	0	65
40	26	0	65
40	27	0	65
40	29	0	65
40	30	0	65
40	31	0	65
40	32	0	65
40	34	0	65
40	35	0	65
40	36	0	65
40	37	0	65
40	38	0	65
40	39	0	65
40	41	0	65
40	42	0	65
40	45	0	65
40	46	0	65
40	47	0	65
40	49	0	65
40	50	0	65
40	52	0	65
40	53	0	65
40	54	0	65
40	55	0	65
40	56	0	65
40	57	0	65
40	58	0	65
40	59	0	65
40	60	0	65
40	62	0	65
40	63	0	65
40	64	0	65
40	65	0	65
40	66	0	65
40	67	0	65
40	68	0	65
40	69	0	65
40	70	0	65
40	71	0	65
40	72	0	65
40	73	0	65
40	74	0	65
40	75	0	65
40	76	0	65
40	79	0	65
40	80	0	65
40	81	0	65
40	82	0	65
40	83	0	65
40	84	0	65
40	88	0	65
40	89	0	65
40	90	0	65
40	92	0	65
40	93	0	65
40	94	0	65
40	95	0	65
40	96	0	65
40	97	0	65
40	98	0	65
40	99	0	65
40	100	0	65
40	101	0	65
40	103	0	65
40	104	0	65
40	105	0	65
40	107	0	65
40	108	0	65
40	110	0	65
40	111	0	65
40	112	0	65
40	114	0	65
40	116	0	65
40	117	0	65
40	118	0	65
40	119	0	65
40	120	0	65
40	123	0	65
40	124	0	65
40	125	0	65
40	126	0	65
40	128	0	65
40	129	0	65
40	131	0	65
40	132	0	65
40	133	0	65
40	134	0	65
40	135	0	65
40	136	0	65
40	137	0	65
40	139	0	65
40	140	0	65
40	142	0	65
40	143	0	65
40	144	0	65
40	146	0	65
40	147	0	65
40	148	0	65
40	149	0	65
40	150	0	65
40	151	0	65
40	154	0	65
40	155	0	65
40	156	0	65
40	157	0	65
40	159	0	65
40	160	0	65
40	161	0	65
40	163	0	65
40	166	0	65
40	167	0	65
40	168	0	65
40	169	0	65
40	170	0	65
40	171	0	65
40	174	0	65
40	175	0	65
40	176	0	65
40	177	0	65
40	180	0	65
40	181	0	65
40	182	0	65
40	184	0	65
40	185	0	65
40	188	0	65
40	189	0	65
40	190	0	65
40	191	0	65
40	193	0	65
40	194	0	65
40	196	0	65
40	197	0	65
40	198	0	65
40	199	0	65
40	200	0	65
40	202	0	65
40	203	0	65
40	204	0	65
40	205	0	65
40	206	0	65
40	207	0	65
40	209	0	65
40	210	0	65
40	211	0	65
40	213	0	65
40	214	0	65
40	215	0	65
40	216	0	65
40	217	0	65
40	218	0	65
40	220	0	65
40	221	0	65
40	224	0	65
40	225	0	65
40	226	0	65
40	227	0	65
40	228	0	65
40	231	0	65
40	232	0	65
40	235	0	65
40	236	0	65
40	237	0	65
40	238	0	65
40	240	0	65
40	241	0	65
40	242	0	65
40	243	0	65
40	245	0	65
40	246	0	65
40	247	0	65
40	248	0	65
40	249	0	65
40	251	0	65
40	254	0	65
40	255	0	65
40	256	0	65
40	257	0	65
40	258	0	65
40	259	0	65
40	260	0	65
40	261	0	65
40	264	0	65
40	265	0	65
40	267	0	65
40	269	0	65
40	270	0	65
40	271	0	65
40	272	0	65
40	273	0	65
40	274	0	65
40	275	0	65
40	276	0	65
40	277	0	65
40	279	0	65
40	281	0	65
40	283	0	65
40	284	0	65
40	285	0	65
40	286	0	65
40	287	0	65
40	288	0	65
40	289	0	65
40	290	0	65
40	291	0	65
40	292	0	65
40	293	0	65
40	295	0	65
40	296	0	65
40	299	0	65
40	301	0	65
40	302	0	65
40	303	0	65
40	305	0	65
40	306	0	65
40	307	0	65
40	310	0	65
40	312	0	65
40	313	0	65
40	316	0	65
40	317	0	65
40	319	0	65
40	320	0	65
40	321	0	65
40	322	0	65
40	324	0	65
40	325	0	65
40	326	0	65
40	327	0	65
40	329	0	65
40	331	0	65
40	333	0	65
40	334	0	65
40	336	0	65
40	337	0	65
40	338	0	65
40	339	0	65
40	342	0	65
40	343	0	65
40	344	0	65
40	345	0	65
40	346	0	65
40	347	0	65
40	348	0	65
40	349	0	65
40	350	0	65
40	354	0	65
40	359	0	65
40	361	0	65
40	364	0	65
40	366	0	65
40	367	0	65
40	368	0	65
40	369	0	65
40	370	0	65
40	371	0	65
40	372	0	65
40	373	0	65
40	374	0	65
40	375	0	65
40	376	0	65
40	377	0	65
40	378	0	65
40	379	0	65
40	380	0	65
40	381	0	65
40	383	0	65
40	384	0	65
40	385	0	65
40	386	0	65
40	387	0	65
40	389	0	65
40	390	0	65
40	391	0	65
40	393	0	65
40	394	0	65
40	395	0	65
40	396	0	65
40	399	0	65
40	400	0	65
40	401	0	65
40	402	0	65
40	403	0	65
40	404	0	65
40	405	0	65
40	406	0	65
40	408	0	65
40	409	0	65
40	410	0	65
40	411	0	65
40	412	0	65
40	413	0	65
40	414	0	65
40	415	0	65
40	416	0	65
40	417	0	65
40	418	0	65
40	419	0	65
40	422	0	65
40	423	0	65
40	426	0	65
40	427	0	65
40	429	0	65
40	430	0	65
40	431	0	65
40	432	0	65
40	433	0	65
40	435	0	65
40	436	0	65
40	438	0	65
40	439	0	65
40	440	0	65
40	441	0	65
40	442	0	65
40	443	0	65
40	444	0	65
40	446	0	65
40	447	0	65
40	448	0	65
40	451	0	65
40	452	0	65
40	454	0	65
40	455	0	65
40	457	0	65
40	458	0	65
40	459	0	65
40	460	0	65
40	462	0	65
40	464	0	65
40	466	0	65
40	467	0	65
40	468	0	65
40	469	0	65
40	473	0	65
40	474	0	65
40	475	0	65
40	476	0	65
40	478	0	65
40	479	0	65
40	480	0	65
40	481	0	65
40	484	0	65
40	485	0	65
40	487	0	65
40	488	0	65
40	489	0	65
40	490	0	65
40	491	0	65
40	493	0	65
40	494	0	65
40	495	0	65
40	497	0	65
40	499	0	65
40	502	0	65
40	504	0	65
40	505	0	65
40	506	0	65
40	507	0	65
40	509	0	65
40	511	0	65
41	0	0	65
41	1	0	65
41	3	0	65
41	4	0	65
41	6	0	65
41	7	0	65
41	8	0	65
41	11	0	65
41	13	0	65
41	14	0	65
41	15	0	65
41	16	0	65
41	18	0	65
41	22	0	65
41	25	0	65
41	26	0	65
41	27	0	65
41	28	0	65
41	30	0	65
41	31	0	65
41	33	0	65
41	35	0	65
41	36	0	65
41	37	0	65
41	39	0	65
41	41	0	65
41	44	0	65
41	45	0	65
41	48	0	65
41	52	0	65
41	53	0	65
41	56	0	65
41	57	0	65
41	58	0	65
41	60	0	65
41	61	0	65
41	63	0	65
41	64	0	65
41	66	0	65
41	67	0	65
41	69	0	65
41	70	0	65
41	72	0	65
41	73	0	65
41	74	0	65
41	75	0	65
41	76	0	65
41	78	0	65
41	79	0	65
41	80	0	65
41	81	0	65
41	82	0	65
41	84	0	65
41	85	0	65
41	86	0	65
41	88	0	65
41	89	0	65
41	90	0	65
41	91	0	65
41	92	0	65
41	93	0	65
41	95	0	65
41	97	0	65
41	98	0	65
41	99	0	65
41	101	0	65
41	102	0	65
41	103	0	65
41	106	0	65
41	108	0	65
41	109	0	65
41	110	0	65
41	111	0	65
41	112	0	65
41	113	0	65
41	114	0	65
41	115	0	65
41	117	0	65
41	118	0	65
41	119	0	65
41	120	0	65
41	121	0	65
41	122	0	65
41	123	0	65
41	124	0	65
41	126	0	65
41	127	0	65
41	128	0	65
41	130	0	65
41	131	0	65
41	133	0	65
41	134	0	65
41	135	0	65
41	136	0	65
41	137	0	65
41	138	0	65
41	139	0	65
41	140	0	65
41	141	0	65
41	142	0	65
41	143	0	65
41	144	0	65
41	146	0	65
41	147	0	65
41	148	0	65
41	149	0	65
41	150	0	65
41	152	0	65
41	153	0	65
41	154	0	65
41	155	0	65
41	156	0	65
41	158	0	65
41	160	0	65
41	165	0	65
41	166	0	65
41	167	0	65
41	169	0	65
41	172	0	65
41	173	0	65
41	174	0	65
41	176	0	65
41	177	0	65
41	178	0	65
41	179	0	65
41	180	0	65
41	181	0	65
41	182	0	65
41	183	0	65
41	184	0	65
41	187	0	65
41	188	0	65
41	189	0	65
41	190	0	65
41	191	0	65
41	193	0	65
41	194	0	65
41	197	0	65
41	199	0	65
41	200	0	65
41	201	0	65
41	202	0	65
41	203	0	65
41	204	0	65
41	205	0	65
41	207	0	65
41	209	0	65
41	210	0	65
41	211	0	65
41	212	0	65
41	215	0	65
41	219	0	65
41	220	0	65
41	221	0	65
41	222	0	65
41	223	0	65
41	224	0	65
41	225	0	65
41	227	0	65
41	230	0	65
41	232	0	65
41	234	0	65
41	235	0	65
41	238	0	65
41	239	0	65
41	241	0	65
41	244	0	65
41	246	0	65
41	247	0	65
41	248	0	65
41	249	0	65
41	250	0	65
41	251	0	65
41	254	0	65
41	255	0	65
41	262	0	65
41	263	0	65
41	265	0	65
41	267	0	65
41	269	0	65
41	270	0	65
41	271	0	65
41	273	0	65
41	274	0	65
41	275	0	65
41	276	0	65
41	277	0	65
41	278	0	65
41	279	0	65
41	280	0	65
41	281	0	65
41	282	0	65
41	284	0	65
41	285	0	65
41	286	0	65
41	287	0	65
41	288	0	65
41	290	0	65
41	291	0	65
41	292	0	65
41	293	0	65
41	294	0	65
41	295	0	65
41	296	0	65
41	297	0	65
41	298	0	65
41	299	0	65
41	300	0	65
41	301	0	65
41	303	0	65
41	305	0	65
41	307	0	65
41	308	0	65
41	309	0	65
41	310	0	65
41	311	0	65
41	312	0	65
41	314	0	65
41	315	0	65
41	316	0	65
41	317	0	65
41	318	0	65
41	319	0	65
41	320	0	65
41	321	0	65
41	322	0	65
41	323	0	65
41	325	0	65
41	326	0	65
41	327	0	65
41	328	0	65
41	329	0	65
41	330	0	65
41	334	0	65
41	336	0	65
41	337	0	65
41	338	0	65
41	339	0	65
41	340	0	65
41	341	0	65
41	342	0	65
41	345	0	65
41	346	0	65
41	349	0	65
41	350	0	65
41	351	0	65
41	353	0	65
41	356	0	65
41	357	0	65
41	359	0	65
41	360	0	65
41	362	0	65
41	365	0	65
41	366	0	65
41	368	0	65
41	370	0	65
41	371	0	65
41	372	0	65
41	373	0	65
41	374	0	65
41	375	0	65
41	376	0	65
41	377	0	65
41	379	0	65
41	381	0	65
41	382	0	65
41	383	0	65
41	384	0	65
41	386	0	65
41	387	0	65
41	388	0	65
41	389	0	65
41	390	0	65
41	392	0	65
41	393	0	65
41	394	0	65
41	395	0	65
41	396	0	65
41	397	0	65
41	398	0	65
41	399	0	65
41	400	0	65
41	401	0	65
41	402	0	65
41	403	0	65
41	405	0	65
41	406	0	65
41	408	0	65
41	409	0	65
41	410	0	65
41	411	0	65
41	412	0	65
41	413	0	65
41	416	0	65
41	418	0	65
41	419	0	65
41	420	0	65
41	422	0	65
41	423	0	65
41	428	0	65
41	429	0	65
41	431	0	65
41	433	0	65
41	436	0	65
41	437	0	65
41	442	0	65
41	444	0	65
41	446	0	65
41	447	0	65
41	450	0	65
41	451	0	65
41	452	0	65
41	453	0	65
41	454	0	65
41	455	0	65
41	456	0	65
41	457	0	65
41	458	0	65
41	459	0	65
41	460	0	65
41	461	0	65
41	462	0	65
41	464	0	65
41	465	0	65
41	466	0	65
41	467	0	65
41	468	0	65
41	469	0	65
41	470	0	65
41	471	0	65
41	473	0	65
41	474	0	65
41	476	0	65
41	477	0	65
41	478	0	65
41	479	0	65
41	486	0	65
41	487	0	65
41	488	0	65
41	489	0	65
41	490	0	65
41	492	0	65
41	493	0	65
41	495	0	65
41	497	0	65
41	498	0	65
41	503	0	65
41	504	0	65
41	506	0	65
41	509	0	65
41	510	0	65
41	511	0	65
42	0	0	65
42	1	0	65
42	2	0	65
42	7	0	65
42	9	0	65
42	10	0	65
42	11	0	65
42	12	0	65
42	13	0	65
42	14	0	65
42	18	0	65
42	25	0	65
42	26	0	65
42	27	0	65
42	28	0	65
42	29	0	65
42	30	0	65
42	31	0	65
42	32	0	65
42	34	0	65
42	35	0	65
42	36	0	65
42	37	0	65
42	38	0	65
42	41	0	65
42	42	0	65
42	43	0	65
42	46	0	65
42	49	0	65
42	51	0	65
42	52	0	65
42	54	0	65
42	57	0	65
42	58	0	65
42	59	0	65
42	60	0	65
42	63	0	65
42	64	0	65
42	65	0	65
42	66	0	65
42	67	0	65
42	69	0	65
42	70	0	65
42	72	0	65
42	73	0	65
42	76	0	65
42	81	0	65
42	84	0	65
42	88	0	65
42	89	0	65
42	90	0	65
42	92	0	65
42	93	0	65
42	94	0	65
42	98	0	65
42	99	0	65
42	100	0	65
42	101	0	65
42	103	0	65
42	106	0	65
42	107	0	65
42	109	0	65
42	111	0	65
42	115	0	65
42	116	0	65
42	117	0	65
42	118	0	65
42	121	0	65
42	123	0	65
42	124	0	65
42	125	0	65
42	126	0	65
42	127	0	65
42	128	0	65
42	129	0	65
42	131	0	65
42	134	0	65
42	135	0	65
42	136	0	65
42	138	0	65
42	142	0	65
42	144	0	65
42	145	0	65
42	146	0	65
42	147	0	65
42	148	0	65
42	149	0	65
42	150	0	65
42	152	0	65
42	153	0	65
42	154	0	65
42	155	0	65
42	156	0	65
42	157	0	65
42	159	0	65
42	160	0	65
42	162	0	65
42	164	0	65
42	166	0	65
42	167	0	65
42	169	0	65
42	170	0	65
42	173	0	65
42	174	0	65
42	175	0	65
42	176	0	65
42	178	0	65
42	179	0	65
42	180	0	65
42	182	0	65
42	183	0	65
42	184	0	65
42	188	0	65
42	189	0	65
42	190	0	65
42	192	0	65
42	193	0	65
42	196	0	65
42	198	0	65
42	199	0	65
42	201	0	65
42	203	0	65
42	204	0	65
42	206	0	65
42	208	0	65
42	209	0	65
42	210	0	65
42	218	0	65
42	219	0	65
42	221	0	65
42	222	0	65
42	223	0	65
42	224	0	65
42	226	0	65
42	227	0	65
42	228	0	65
42	229	0	65
42	230	0	65
42	236	0	65
42	238	0	65
42	239	0	65
42	240	0	65
42	241	0	65
42	242	0	65
42	243	0	65
42	244	0	65
42	246	0	65
42	247	0	65
42	249	0	65
42	252	0	65
42	254	0	65
42	255	0	65
42	256	0	65
42	258	0	65
42	259	0	65
42	262	0	65
42	264	0	65
42	265	0	65
42	266	0	65
42	269	0	65
42	270	0	65
42	271	0	65
42	274	0	65
42	275	0	65
42	279	0	65
42	281	0	65
42	282	0	65
42	284	0	65
42	285	0	65
42	288	0	65
42	289	0	65
42	290	0	65
42	292	0	65
42	297	0	65
42	298	0	65
42	299	0	65
42	302	0	65
42	305	0	65
42	307	0	65
42	308	0	65
42	309	0	65
42	310	0	65
42	311	0	65
42	313	0	65
42	314	0	65
42	315	0	65
42	316	0	65
42	317	0	65
42	318	0	65
42	319	0	65
42	320	0	65
42	324	0	65
42	326	0	65
42	327	0	65
42	328	0	65
42	329	0	65
42	330	0	65
42	331	0	65
42	332	0	65
42	333	0	65
42	334	0	65
42	335	0	65
42	336	0	65
42	337	0	65
42	338	0	65
42	339	0	65
42	343	0	65
42	344	0	65
42	345	0	65
42	346	0	65
42	347	0	65
42	348	0	65
42	350	0	65
42	352	0	65
42	353	0	65
42	354	0	65
42	355	0	65
42	356	0	65
42	357	0	65
42	358	0	65
42	359	0	65
42	360	0	65
42	361	0	65
42	363	0	65
42	368	0	65
42	370	0	65
42	371	0	65
42	372	0	65
42	373	0	65
42	374	0	65
42	376	0	65
42	377	0	65
42	378	0	65
42	380	0	65
42	381	0	65
42	383	0	65
42	384	0	65
42	388	0	65
42	395	0	65
42	397	0	65
42	398	0	65
42	399	0	65
42	400	0	65
42	401	0	65
42	402	0	65
42	404	0	65
42	405	0	65
42	406	0	65
42	408	0	65
42	409	0	65
42	411	0	65
42	412	0	65
42	413	0	65
42	414	0	65
42	416	0	65
42	420	0	65
42	421	0	65
42	423	0	65
42	427	0	65
42	429	0	65
42	431	0	65
42	433	0	65
42	434	0	65
42	437	0	65
42	440	0	65
42	441	0	65
42	442	0	65
42	443	0	65
42	444	0	65
42	446	0	65
42	447	0	65
42	449	0	65
42	450	0	65
42	451	0	65
42	453	0	65
42	454	0	65
42	456	0	65
42	458	0	65
42	459	0	65
42	460	0	65
42	461	0	65
42	462	0	65
42	463	0	65
42	464	0	65
42	465	0	65
42	467	0	65
42	468	0	65
42	469	0	65
42	470	0	65
42	471	0	65
42	472	0	65
42	473	0	65
42	474	0	65
42	475	0	65
42	477	0	65
42	478	0	65
42	481	0	65
42	483	0	65
42	485	0	65
42	486	0	65
42	488	0	65
42	492	0	65
42	493	0	65
42	494	0	65
42	495	0	65
42	496	0	65
42	497	0	65
42	498	0	65
42	500	0	65
42	501	0	65
42	502	0	65
42	503	0	65
42	504	0	65
42	505	0	65
42	506	0	65
42	507	0	65
42	509	0	65
42	510	0	65
42	511	0	65
43	0	0	65
43	1	0	65
43	3	0	65
43	4	0	65
43	6	0	65
43	7	0	65
43	8	0	65
43	9	0	65
43	10	0	65
43	11	0	65
43	12	0	65
43	16	0	65
43	17	0	65
43	18	0	65
43	19	0	65
43	20	0	65
43	21	0	65
43	22	0	65
43	23	0	65
43	24	0	65
43	26	0	65
43	27	0	65
43	28	0	65
43	29	0	65
43	31	0	65
43	32	0	65
43	35	0	65
43	36	0	65
43	38	0	65
43	39	0	65
43	40	0	65
43	41	0	65
43	43	0	65
43	46	0	65
43	48	0	65
43	50	0	65
43	51	0	65
43	52	0	65
43	53	0	65
43	56	0	65
43	57	0	65
43	58	0	65
43	59	0	65
43	61	0	65
43	62	0	65
43	63	0	65
43	65	0	65
43	66	0	65
43	67	0	65
43	68	0	65
43	69	0	65
43	70	0	65
43	72	0	65
43	74	0	65
43	75	0	65
43	77	0	65
43	78	0	65
43	80	0	65
43	81	0	65
43	82	0	65
43	83	0	65
43	85	0	65
43	88	0	65
43	89	0	65
43	90	0	65
43	96	0	65
43	98	0	65
43	100	0	65
43	101	0	65
43	102	0	65
43	103	0	65
43	104	0	65
43	105	0	65
43	108	0	65
43	109	0	65
43	111	0	65
43	112	0	65
43	113	0	65
43	114	0	65
43	115	0	65
43	116	0	65
43	117	0	65
43	122	0	65
43	123	0	65
43	126	0	65
43	128	0	65
43	129	0	65
43	130	0	65
43	131	0	65
43	132	0	65
43	134	0	65
43	135	0	65
43	136	0	65
43	137	0	65
43	138	0	65
43	139	0	65
43	140	0	65
43	141	0	65
43	143	0	65
43	144	0	65
43	145	0	65
43	146	0	65
43	147	0	65
43	148	0	65
43	151	0	65
43	152	0	65
43	153	0	65
43	154	0	65
43	155	0	65
43	157	0	65
43	158	0	65
43	159	0	65
43	163	0	65
43	165	0	65
43	168	0	65
43	169	0	65
43	170	0	65
43	171	0	65
43	173	0	65
43	174	0	65
43	175	0	65
43	176	0	65
43	177	0	65
43	178	0	65
43	179	0	65
43	182	0	65
43	183	0	65
43	186	0	65
43	187	0	65
43	189	0	65
43	190	0	65
43	191	0	65
43	193	0	65
43	195	0	65
43	196	0	65
43	197	0	65
43	198	0	65
43	199	0	65
43	201	0	65
43	202	0	65
43	204	0	65
43	205	0	65
43	206	0	65
43	208	0	65
43	209	0	65
43	210	0	65
43	211	0	65
43	213	0	65
43	215	0	65
43	216	0	65
43	218	0	65
43	219	0	65
43	221	0	65
43	222	0	65
43	224	0	65
43	225	0	65
43	226	0	65
43	227	0	65
43	228	0	65
43	229	0	65
43	230	0	65
43	232	0	65
43	233	0	65
43	235	0	65
43	238	0	65
43	239	0	65
43	240	0	65
43	241	0	65
43	242	0	65
43	245	0	65
43	246	0	65
43	247	0	65
43	248	0	65
43	249	0	65
43	250	0	65
43	251	0	65
43	252	0	65
43	253	0	65
43	254	0	65
43	257	0	65
43	259	0	65
43	260	0	65
43	261	0	65
43	262	0	65
43	263	0	65
43	265	0	65
43	266	0	65
43	267	0	65
43	268	0	65
43	269	0	65
43	271	0	65
43	272	0	65
43	273	0	65
43	274	0	65
43	275	0	65
43	276	0	65
43	279	0	65
43	281	0	65
43	282	0	65
43	283	0	65
43	284	0	65
43	285	0	65
43	286	0	65
43	287	0	65
43	288	0	65
43	289	0	65
43	291	0	65
43	292	0	65
43	295	0	65
43	296	0	65
43	298	0	65
43	301	0	65
43	302	0	65
43	303	0	65
43	304	0	65
43	305	0	65
43	307	0	65
43	308	0	65
43	309	0	65
43	311	0	65
43	312	0	65
43	313	0	65
43	314	0	65
43	315	0	65
43	316	0	65
43	317	0	65
43	318	0	65
43	320	0	65
43	321	0	65
43	322	0	65
43	323	0	65
43	324	0	65
43	325	0	65
43	326	0	65
43	327	0	65
43	328	0	65
43	330	0	65
43	333	0	65
43	334	0	65
43	335	0	65
43	336	0	65
43	339	0	65
43	341	0	65
43	342	0	65
43	343	0	65
43	344	0	65
43	347	0	65
43	348	0	65
43	349	0	65
43	351	0	65
43	352	0	65
43	353	0	65
43	354	0	65
43	355	0	65
43	356	0	65
43	357	0	65
43	359	0	65
43	361	0	65
43	362	0	65
43	363	0	65
43	364	0	65
43	367	0	65
43	368	0	65
43	369	0	65
43	370	0	65
43	371	0	65
43	372	0	65
43	373	0	65
43	374	0	65
43	375	0	65
43	376	0	65
43	379	0	65
43	381	0	65
43	382	0	65
43	383	0	65
43	384	0	65
43	385	0	65
43	389	0	65
43	390	0	65
43	392	0	65
43	393	0	65
43	394	0	65
43	395	0	65
43	396	0	65
43	397	0	65
43	398	0	65
43	399	0	65
43	400	0	65
43	402	0	65
43	403	0	65
43	404	0	65
43	405	0	65
43	406	0	65
43	407	0	65
43	408	0	65
43	409	0	65
43	410	0	65
43	411	0	65
43	416	0	65
43	417	0	65
43	418	0	65
43	419	0	65
43	421	0	65
43	422	0	65
43	423	0	65
43	424	0	65
43	425	0	65
43	426	0	65
43	429	0	65
43	430	0	65
43	432	0	65
43	434	0	65
43	436	0	65
43	437	0	65
43	439	0	65
43	440	0	65
43	441	0	65
43	442	0	65
43	444	0	65
43	445	0	65
43	447	0	65
43	448	0	65
43	450	0	65
43	452	0	65
43	453	0	65
43	454	0	65
43	456	0	65
43	457	0	65
43	460	0	65
43	461	0	65
43	462	0	65
43	463	0	65
43	464	0	65
43	465	0	65
43	467	0	65
43	468	0	65
43	469	0	65
43	470	0	65
43	472	0	65
43	473	0	65
43	474	0	65
43	477	0	65
43	478	0	65
43	479	0	65
43	480	0	65
43	482	0	65
43	484	0	65
43	485	0	65
43	487	0	65
43	488	0	65
43	489	0	65
43	492	0	65
43	493	0	65
43	494	0	65
43	495	0	65
43	496	0	65
43	497	0	65
43	501	0	65
43	502	0	65
43	503	0	65
43	504	0	65
43	505	0	65
43	507	0	65
43	508	0	65
43	509	0	65
43	510	0	65
43	511	0	65
44	0	0	65
44	1	0	65
44	2	0	65
44	3	0	65
44	4	0	65
44	5	0	65
44	6	0	65
44	7	0	65
44	8	0	65
44	9	0	65
44	10	0	65
44	11	0	65
44	12	0	65
44	13	0	65
44	14	0	65
44	15	0	65
44	16	0	65
44	17	0	65
44	18	0	65
44	19	0	65
44	20	0	65
44	23	0	65
44	25	0	65
44	26	0	65
44	29	0	65
44	31	0	65
44	32	0	65
44	35	0	65
44	36	0	65
44	37	0	65
44	38	0	65
44	40	0	65
44	41	0	65
44	42	0	65
44	43	0	65
44	44	0	65
44	45	0	65
44	46	0	65
44	48	0	65
44	52	0	65
44	53	0	65
44	57	0	65
44	58	0	65
44	59	0	65
44	60	0	65
44	61	0	65
44	62	0	65
44	63	0	65
44	64	0	65
44	65	0	65
44	66	0	65
44	67	0	65
44	69	0	65
44	70	0	65
44	71	0	65
44	72	0	65
44	75	0	65
44	78	0	65
44	80	0	65
44	81	0	65
44	82	0	65
44	83	0	65
44	84	0	65
44	86	0	65
44	88	0	65
44	89	0	65
44	91	0	65
44	92	0	65
44	93	0	65
44	94	0	65
44	95	0	65
44	96	0	65
44	97	0	65
44	98	0	65
44	100	0	65
44	101	0	65
44	102	0	65
44	104	0	65
44	108	0	65
44	109	0	65
44	110	0	65
44	112	0	65
44	113	0	65
44	114	0	65
44	115	0	65
44	116	0	65
44	117	0	65
44	120	0	65
44	121	0	65
44	124	0	65
44	125	0	65
44	128	0	65
44	129	0	65
44	131	0	65
44	132	0	65
44	133	0	65
44	135	0	65
44	137	0	65
44	138	0	65
44	139	0	65
44	143	0	65
44	146	0	65
44	147	0	65
44	149	0	65
44	150	0	65
44	151	0	65
44	152	0	65
44	153	0	65
44	154	0	65
44	155	0	65
44	157	0	65
44	159	0	65
44	161	0	65
44	163	0	65
44	165	0	65
44	166	0	65
44	168	0	65
44	170	0	65
44	171	0	65
44	176	0	65
44	177	0	65
44	178	0	65
44	180	0	65
44	182	0	65
44	183	0	65
44	185	0	65
44	187	0	65
44	188	0	65
44	192	0	65
44	195	0	65
44	197	0	65
44	198	0	65
44	199	0	65
44	200	0	65
44	201	0	65
44	202	0	65
44	203	0	65
44	205	0	65
44	206	0	65
44	208	0	65
44	210	0	65
44	211	0	65
44	215	0	65
44	218	0	65
44	219	0	65
44	221	0	65
44	222	0	65
44	226	0	65
44	227	0	65
44	228	0	65
44	229	0	65
44	230	0	65
44	231	0	65
44	232	0	65
44	235	0	65
44	236	0	65
44	238	0	65
44	239	0	65
44	240	0	65
44	242	0	65
44	243	0	65
44	244	0	65
44	245	0	65
44	249	0	65
44	251	0	65
44	253	0	65
44	255	0	65
44	257	0	65
44	258	0	65
44	259	0	65
44	260	0	65
44	261	0	65
44	264	0	65
44	265	0	65
44	266	0	65
44	268	0	65
44	271	0	65
44	272	0	65
44	274	0	65
44	275	0	65
44	278	0	65
44	279	0	65
44	281	0	65
44	282	0	65
44	284	0	65
44	285	0	65
44	286	0	65
44	288	0	65
44	292	0	65
44	295	0	65
44	298	0	65
44	299	0	65
44	302	0	65
44	303	0	65
44	304	0	65
44	305	0	65
44	306	0	65
44	308	0	65
44	309	0	65
44	310	0	65
44	312	0	65
44	313	0	65
44	315	0	65
44	316	0	65
44	318	0	65
44	321	0	65
44	322	0	65
44	323	0	65
44	324	0	65
44	326	0	65
44	327	0	65
44	328	0	65
44	329	0	65
44	330	0	65
44	332	0	65
44	333	0	65
44	334	0	65
44	335	0	65
44	336	0	65
44	340	0	65
44	341	0	65
44	342	0	65
44	343	0	65
44	345	0	65
44	347	0	65
44	348	0	65
44	349	0	65
44	351	0	65
44	352	0	65
44	353	0	65
44	354	0	65
44	356	0	65
44	357	0	65
44	358	0	65
44	360	0	65
44	361	0	65
44	362	0	65
44	363	0	65
44	365	0	65
44	367	0	65
44	368	0	65
44	371	0	65
44	373	0	65
44	374	0	65
44	375	0	65
44	377	0	65
44	378	0	65
44	379	0	65
44	380	0	65
44	381	0	65
44	382	0	65
44	383	0	65
44	384	0	65
44	385	0	65
44	388	0	65
44	389	0	65
44	390	0	65
44	391	0	65
44	392	0	65
44	393	0	65
44	396	0	65
44	398	0	65
44	399	0	65
44	400	0	65
44	401	0	65
44	403	0	65
44	406	0	65
44	408	0	65
44	409	0	65
44	410	0	65
44	411	0	65
44	412	0	65
44	413	0	65
44	414	0	65
44	415	0	65
44	416	0	65
44	417	0	65
44	418	0	65
44	419	0	65
44	420	0	65
44	423	0	65
44	424	0	65
44	425	0	65
44	426	0	65
44	428	0	65
44	429	0	65
44	430	0	65
44	431	0	65
44	432	0	65
44	434	0	65
44	435	0	65
44	436	0	65
44	437	0	65
44	438	0	65
44	439	0	65
44	440	0	65
44	442	0	65
44	443	0	65
44	444	0	65
44	445	0	65
44	448	0	65
44	449	0	65
44	450	0	65
44	451	0	65
44	453	0	65
44	455	0	65
44	456	0	65
44	458	0	65
44	461	0	65
44	462	0	65
44	463	0	65
44	464	0	65
44	466	0	65
44	467	0	65
44	469	0	65
44	470	0	65
44	471	0	65
44	475	0	65
44	476	0	65
44	477	0	65
44	478	0	65
44	480	0	65
44	481	0	65
44	482	0	65
44	483	0	65
44	487	0	65
44	488	0	65
44	490	0	65
44	493	0	65
44	496	0	65
44	497	0	65
44	498	0	65
44	499	0	65
44	501	0	65
44	503	0	65
44	504	0	65
44	506	0	65
44	507	0	65
44	508	0	65
44	509	0	65
44	511	0	65
45	0	0	65
45	1	0	65
45	2	0	65
45	3	0	65
45	4	0	65
45	5	0	65
45	6	0	65
45	8	0	65
45	10	0	65
45	11	0	65
45	13	0	65
45	14	0	65
45	15	0	65
45	16	0	65
45	17	0	65
45	19	0	65
45	20	0	65
45	21	0	65
45	23	0	65
45	24	0	65
45	25	0	65
45	27	0	65
45	28	0	65
45	30	0	65
45	32	0	65
45	35	0	65
45	36	0	65
45	37	0	65
45	38	0	65
45	39	0	65
45	40	0	65
45	41	0	65
45	42	0	65
45	43	0	65
45	45	0	65
45	50	0	65
45	53	0	65
45	54	0	65
45	55	0	65
45	56	0	65
45	57	0	65
45	58	0	65
45	59	0	65
45	61	0	65
45	62	0	65
45	65	0	65
45	67	0	65
45	68	0	65
45	69	0	65
45	71	0	65
45	73	0	65
45	74	0	65
45	77	0	65
45	78	0	65
45	79	0	65
45	80	0	65
45	81	0	65
45	82	0	65
45	83	0	65
45	84	0	65
45	86	0	65
45	87	0	65
45	88	0	65
45	91	0	65
45	92	0	65
45	93	0	65
45	94	0	65
45	95	0	65
45	96	0	65
45	97	0	65
45	98	0	65
45	99	0	65
45	100	0	65
45	101	0	65
45	102	0	65
45	105	0	65
45	106	0	65
45	107	0	65
45	108	0	65
45	109	0	65
45	112	0	65
45	115	0	65
45	116	0	65
45	117	0	65
45	118	0	65
45	120	0	65
45	121	0	65
45	123	0	65
45	124	0	65
45	125	0	65
45	127	0	65
45	128	0	65
45	129	0	65
45	130	0	65
45	133	0	65
45	136	0	65
45	137	0	65
45	138	0	65
45	139	0	65
45	140	0	65
45	142	0	65
45	143	0	65
45	144	0	65
45	146	0	65
45	148	0	65
45	151	0	65
45	152	0	65
45	153	0	65
45	154	0	65
45	155	0	65
45	156	0	65
45	157	0	65
45	159	0	65
45	161	0	65
45	163	0	65
45	164	0	65
45	169	0	65
45	170	0	65
45	171	0	65
45	173	0	65
45	174	0	65
45	175	0	65
45	176	0	65
45	177	0	65
45	178	0	65
45	179	0	65
45	180	0	65
45	182	0	65
45	183	0	65
45	185	0	65
45	187	0	65
45	190	0	65
45	191	0	65
45	192	0	65
45	194	0	65
45	195	0	65
45	197	0	65
45	198	0	65
45	202	0	65
45	203	0	65
45	204	0	65
45	205	0	65
45	206	0	65
45	208	0	65
45	209	0	65
45	211	0	65
45	212	0	65
45	213	0	65
45	214	0	65
45	216	0	65
45	217	0	65
45	218	0	65
45	219	0	65
45	222	0	65
45	223	0	65
45	225	0	65
45	228	0	65
45	229	0	65
45	234	0	65
45	236	0	65
45	239	0	65
45	240	0	65
45	242	0	65
45	243	0	65
45	244	0	65
45	245	0	65
45	246	0	65
45	247	0	65
45	248	0	65
45	249	0	65
45	250	0	65
45	251	0	65
45	252	0	65
45	254	0	65
45	255	0	65
45	256	0	65
45	257	0	65
45	258	0	65
45	259	0	65
45	260	0	65
45	261	0	65
45	262	0	65
45	263	0	65
45	266	0	65
45	267	0	65
45	268	0	65
45	271	0	65
45	272	0	65
45	273	0	65
45	274	0	65
45	275	0	65
45	276	0	65
45	277	0	65
45	278	0	65
45	279	0	65
45	283	0	65
45	284	0	65
45	285	0	65
45	286	0	65
45	287	0	65
45	289	0	65
45	291	0	65
45	292	0	65
45	295	0	65
45	296	0	65
45	298	0	65
45	300	0	65
45	301	0	65
45	304	0	65
45	305	0	65
45	306	0	65
45	307	0	65
45	308	0	65
45	309	0	65
45	310	0	65
45	311	0	65
45	312	0	65
45	314	0	65
45	315	0	65
45	317	0	65
45	318	0	65
45	319	0	65
45	320	0	65
45	321	0	65
45	323	0	65
45	325	0	65
45	326	0	65
45	327	0	65
45	328	0	65
45	329	0	65
45	331	0	65
45	332	0	65
45	333	0	65
45	334	0	65
45	335	0	65
45	336	0	65
45	337	0	65
45	338	0	65
45	339	0	65
45	340	0	65
45	342	0	65
45	343	0	65
45	344	0	65
45	345	0	65
45	347	0	65
45	348	0	65
45	349	0	65
45	350	0	65
45	351	0	65
45	352	0	65
45	353	0	65
45	355	0	65
45	356	0	65
45	357	0	65
45	358	0	65
45	359	0	65
45	360	0	65
45	361	0	65
45	362	0	65
45	363	0	65
45	364	0	65
45	366	0	65
45	368	0	65
45	369	0	65
45	370	0	65
45	371	0	65
45	372	0	65
45	374	0	65
45	375	0	65
45	376	0	65
45	377	0	65
45	378	0	65
45	379	0	65
45	380	0	65
45	382	0	65
45	384	0	65
45	385	0	65
45	386	0	65
45	387	0	65
45	388	0	65
45	389	0	65
45	390	0	65
45	391	0	65
45	392	0	65
45	393	0	65
45	394	0	65
45	395	0	65
45	396	0	65
45	398	0	65
45	399	0	65
45	400	0	65
45	402	0	65
45	404	0	65
45	408	0	65
45	409	0	65
45	410	0	65
45	413	0	65
45	414	0	65
45	416	0	65
45	417	0	65
45	418	0	65
45	419	0	65
45	420	0	65
45	421	0	65
45	422	0	65
45	423	0	65
45	424	0	65
45	425	0	65
45	426	0	65
45	427	0	65
45	428	0	65
45	431	0	65
45	432	0	65
45	433	0	65
45	436	0	65
45	437	0	65
45	438	0	65
45	439	0	65
45	440	0	65
45	441	0	65
45	444	0	65
45	445	0	65
45	446	0	65
45	448	0	65
45	449	0	65
45	451	0	65
45	453	0	65
45	455	0	65
45	457	0	65
45	458	0	65
45	459	0	65
45	460	0	65
45	461	0	65
45	462	0	65
45	463	0	65
45	464	0	65
45	465	0	65
45	467	0	65
45	468	0	65
45	469	0	65
45	471	0	65
45	474	0	65
45	476	0	65
45	478	0	65
45	481	0	65
45	482	0	65
45	483	0	65
45	484	0	65
45	485	0	65
45	486	0	65
45	487	0	65
45	490	0	65
45	491	0	65
45	492	0	65
45	493	0	65
45	494	0	65
45	495	0	65
45	497	0	65
45	499	0	65
45	501	0	65
45	502	0	65
45	503	0	65
45	504	0	65
45	505	0	65
45	506	0	65
45	507	0	65
45	510	0	65
45	511	0	65
46	0	0	65
46	1	0	65
46	2	0	65
46	3	0	65
46	4	0	65
46	5	0	65
46	6	0	65
46	7	0	65
46	10	0	65
46	13	0	65
46	14	0	65
46	15	0	65
46	16	0	65
46	17	0	65
46	18	0	65
46	19	0	65
46	20	0	65
46	21	0	65
46	23	0	65
46	24	0	65
46	26	0	65
46	28	0	65
46	29	0	65
46	32	0	65
46	34	0	65
46	35	0	65
46	37	0	65
46	38	0	65
46	39	0	65
46	40	0	65
46	43	0	65
46	46	0	65
46	47	0	65
46	48	0	65
46	49	0	65
46	50	0	65
46	51	0	65
46	52	0	65
46	55	0	65
46	58	0	65
46	59	0	65
46	61	0	65
46	62	0	65
46	63	0	65
46	64	0	65
46	65	0	65
46	66	0	65
46	69	0	65
46	72	0	65
46	74	0	65
46	75	0	65
46	79	0	65
46	81	0	65
46	83	0	65
46	84	0	65
46	85	0	65
46	86	0	65
46	87	0	65
46	89	0	65
46	91	0	65
46	92	0	65
46	93	0	65
46	94	0	65
46	95	0	65
46	97	0	65
46	98	0	65
46	99	0	65
46	100	0	65
46	101	0	65
46	102	0	65
46	103	0	65
46	105	0	65
46	106	0	65
46	107	0	65
46	108	0	65
46	109	0	65
46	111	0	65
46	113	0	65
46	114	0	65
46	116	0	65
46	117	0	65
46	118	0	65
46	119	0	65
46	122	0	65
46	125	0	65
46	126	0	65
46	127	0	65
46	129	0	65
46	130	0	65
46	131	0	65
46	134	0	65
46	135	0	65
46	137	0	65
46	139	0	65
46	140	0	65
46	141	0	65
46	142	0	65
46	143	0	65
46	144	0	65
46	145	0	65
46	146	0	65
46	148	0	65
46	149	0	65
46	150	0	65
46	152	0	65
46	153	0	65
46	154	0	65
46	155	0	65
46	156	0	65
46	157	0	65
46	158	0	65
46	159	0	65
46	160	0	65
46	163	0	65
46	166	0	65
46	167	0	65
46	168	0	65
46	169	0	65
46	170	0	65
46	172	0	65
46	173	0	65
46	174	0	65
46	176	0	65
46	177	0	65
46	178	0	65
46	179	0	65
46	180	0	65
46	182	0	65
46	183	0	65
46	184	0	65
46	185	0	65
46	187	0	65
46	188	0	65
46	189	0	65
46	190	0	65
46	194	0	65
46	197	0	65
46	198	0	65
46	200	0	65
46	201	0	65
46	202	0	65
46	203	0	65
46	204	0	65
46	205	0	65
46	206	0	65
46	207	0	65
46	208	0	65
46	209	0	65
46	210	0	65
46	211	0	65
46	212	0	65
46	213	0	65
46	215	0	65
46	216	0	65
46	217	0	65
46	222	0	65
46	223	0	65
46	224	0	65
46	225	0	65
46	227	0	65
46	228	0	65
46	229	0	65
46	231	0	65
46	232	0	65
46	233	0	65
46	234	0	65
46	235	0	65
46	236	0	65
46	237	0	65
46	238	0	65
46	240	0	65
46	241	0	65
46	242	0	65
46	246	0	65
46	247	0	65
46	249	0	65
46	250	0	65
46	251	0	65
46	254	0	65
46	255	0	65
46	257	0	65
46	258	0	65
46	260	0	65
46	262	0	65
46	263	0	65
46	264	0	65
46	269	0	65
46	270	0	65
46	272	0	65
46	273	0	65
46	274	0	65
46	275	0	65
46	276	0	65
46	277	0	65
46	278	0	65
46	279	0	65
46	281	0	65
46	282	0	65
46	284	0	65
46	285	0	65
46	286	0	65
46	287	0	65
46	289	0	65
46	296	0	65
46	298	0	65
46	301	0	65
46	302	0	65
46	304	0	65
46	306	0	65
46	307	0	65
46	308	0	65
46	309	0	65
46	310	0	65
46	311	0	65
46	312	0	65
46	313	0	65
46	314	0	65
46	318	0	65
46	321	0	65
46	324	0	65
46	325	0	65
46	327	0	65
46	328	0	65
46	330	0	65
46	332	0	65
46	333	0	65
46	335	0	65
46	337	0	65
46	340	0	65
46	341	0	65
46	342	0	65
46	344	0	65
46	345	0	65
46	347	0	65
46	349	0	65
46	350	0	65
46	351	0	65
46	352	0	65
46	354	0	65
46	355	0	65
46	356	0	65
46	358	0	65
46	360	0	65
46	361	0	65
46	363	0	65
46	364	0	65
46	365	0	65
46	366	0	65
46	367	0	65
46	368	0	65
46	369	0	65
46	370	0	65
46	371	0	65
46	376	0	65
46	377	0	65
46	378	0	65
46	380	0	65
46	381	0	65
46	382	0	65
46	385	0	65
46	389	0	65
46	391	0	65
46	394	0	65
46	395	0	65
46	396	0	65
46	397	0	65
46	399	0	65
46	400	0	65
46	401	0	65
46	402	0	65
46	403	0	65
46	404	0	65
46	407	0	65
46	408	0	65
46	410	0	65
46	411	0	65
46	413	0	65
46	414	0	65
46	416	0	65
46	418	0	65
46	420	0	65
46	422	0	65
46	424	0	65
46	425	0	65
46	428	0	65
46	429	0	65
46	430	0	65
46	432	0	65
46	433	0	65
46	434	0	65
46	435	0	65
46	437	0	65
46	438	0	65
46	440	0	65
46	441	0	65
46	442	0	65
46	443	0	65
46	445	0	65
46	447	0	65
46	448	0	65
46	449	0	65
46	450	0	65
46	451	0	65
46	452	0	65
46	453	0	65
46	454	0	65
46	455	0	65
46	456	0	65
46	458	0	65
46	459	0	65
46	460	0	65
46	462	0	65
46	465	0	65
46	468	0	65
46	470	0	65
46	471	0	65
46	472	0	65
46	473	0	65
46	474	0	65
46	475	0	65
46	476	0	65
46	478	0	65
46	479	0	65
46	480	0	65
46	481	0	65
46	482	0	65
46	483	0	65
46	485	0	65
46	486	0	65
46	487	0	65
46	488	0	65
46	494	0	65
46	495	0	65
46	497	0	65
46	498	0	65
46	500	0	65
46	501	0	65
46	503	0	65
46	508	0	65
46	509	0	65
46	511	0	65
0	7	1	65
0	14	1	65
0	15	1	65
0	20	1	65
0	21	1	65
0	42	1	65
0	43	1	65
0	46	1	65
0	52	1	65
0	58	1	65
0	61	1	65
0	66	1	65
0	67	1	65
0	70	1	65
0	73	1	65
0	77	1	65
0	80	1	65
0	91	1	65
0	92	1	65
0	93	1	65
0	96	1	65
0	97	1	65
0	99	1	65
0	100	1	65
0	111	1	65
0	117	1	65
0	119	1	65
0	123	1	65
0	129	1	65
0	139	1	65
0	147	1	65
0	161	1	65
0	164	1	65
0	174	1	65
0	190	1	65
0	192	1	65
0	196	1	65
0	197	1	65
0	207	1	65
0	215	1	65
0	220	1	65
0	221	1	65
0	222	1	65
0	223	1	65
0	230	1	65
0	235	1	65
0	238	1	65
0	257	1	65
0	264	1	65
0	267	1	65
0	277	1	65
0	280	1	65
0	290	1	65
0	309	1	65
0	317	1	65
0	324	1	65
0	325	1	65
0	327	1	65
0	337	1	65
0	346	1	65
0	352	1	65
0	353	1	65
0	356	1	65
0	362	1	65
0	366	1	65
0	370	1	65
0	377	1	65
0	378	1	65
0	381	1	65
0	383	1	65
0	385	1	65
0	393	1	65
0	398	1	65
0	399	1	65
0	403	1	65
0	406	1	65
0	416	1	65
0	434	1	65
0	439	1	65
0	442	1	65
0	453	1	65
0	458	1	65
0	459	1	65
0	462	1	65
0	463	1	65
0	464	1	65
0	466	1	65
0	471	1	65
0	473	1	65
0	474	1	65
0	479	1	65
0	492	1	65
0	495	1	65
1	13	1	65
1	16	1	65
1	18	1	65
1	20	1	65
1	23	1	65
1	29	1	65
1	40	1	65
1	42	1	65
1	44	1	65
1	50	1	65
1	51	1	65
1	53	1	65
1	54	1	65
1	76	1	65
1	82	1	65
1	85	1	65
1	87	1	65
1	88	1	65
1	93	1	65
1	98	1	65
1	119	1	65
1	123	1	65
1	137	1	65
1	149	1	65
1	154	1	65
1	158	1	65
1	163	1	65
1	178	1	65
1	181	1	65
1	183	1	65
1	191	1	65
1	192	1	65
1	194	1	65
1	203	1	65
1	216	1	65
1	218	1	65
1	229	1	65
1	233	1	65
1	250	1	65
1	264	1	65
1	269	1	65
1	270	1	65
1	273	1	65
1	283	1	65
1	289	1	65
1	291	1	65
1	299	1	65
1	301	1	65
1	310	1	65
1	324	1	65
1	345	1	65
1	351	1	65
1	363	1	65
1	367	1	65
1	373	1	65
1	378	1	65
1	397	1	65
1	405	1	65
1	412	1	65
1	415	1	65
1	426	1	65
1	429	1	65
1	434	1	65
1	435	1	65
1	452	1	65
1	467	1	65
1	487	1	65
1	489	1	65
1	495	1	65
1	509	1	65
2	4	1	65
2	10	1	65
2	26	1	65
2	30	1	65
2	39	1	65
2	42	1	65
2	44	1	65
2	49	1	65
2	51	1	65
2	55	1	65
2	60	1	65
2	63	1	65
2	64	1	65
2	69	1	65
2	73	1	65
2	77	1	65
2	79	1	65
2	81	1	65
2	86	1	65
2	88	1	65
2	89	1	65
2	99	1	65
2	100	1	65
2	101	1	65
2	107	1	65
2	113	1	65
2	127	1	65
2	138	1	65
2	149	1	65
2	156	1	65
2	158	1	65
2	160	1	65
2	177	1	65
2	197	1	65
2	220	1	65
2	224	1	65
2	233	1	65
2	234	1	65
2	235	1	65
2	240	1	65
2	252	1	65
2	256	1	65
2	258	1	65
2	259	1	65
2	272	1	65
2	273	1	65
2	276	1	65
2	280	1	65
2	287	1	65
2	294	1	65
2	307	1	65
2	308	1	65
2	309	1	65
2	316	1	65
2	339	1	65
2	342	1	65
2	348	1	65
2	361	1	65
2	367	1	65
2	371	1	65
2	380	1	65
2	396	1	65
2	399	1	65
2	406	1	65
2	414	1	65
2	416	1	65
2	421	1	65
2	427	1	65
2	444	1	65
2	445	1	65
2	451	1	65
2	470	1	65
2	472	1	65
2	475	1	65
2	484	1	65
2	490	1	65
2	495	1	65
2	505	1	65
3	3	1	65
3	11	1	65
3	13	1	65
3	14	1	65
3	24	1	65
3	26	1	65
3	61	1	65
3	64	1	65
3	78	1	65
3	90	1	65
3	94	1	65
3	127	1	65
3	164	1	65
3	165	1	65
3	177	1	65
3	179	1	65
3	185	1	65
3	193	1	65
3	196	1	65
3	206	1	65
3	212	1	65
3	231	1	65
3	234	1	65
3	240	1	65
3	251	1	65
3	263	1	65
3	267	1	65
3	272	1	65
3	277	1	65
3	279	1	65
3	281	1	65
3	283	1	65
3	289	1	65
3	297	1	65
3	298	1	65
3	306	1	65
3	328	1	65
3	346	1	65
3	362	1	65
3	367	1	65
3	383	1	65
3	384	1	65
3	388	1	65
3	397	1	65
3	416	1	65
3	418	1	65
3	423	1	65
3	424	1	65
3	425	1	65
3	433	1	65
3	436	1	65
3	463	1	65
3	468	1	65
3	475	1	65
3	489	1	65
3	499	1	65
3	510	1	65
4	0	1	65
4	3	1	65
4	14	1	65
4	19	1	65
4	26	1	65
4	28	1	65
4	35	1	65
4	39	1	65
4	41	1	65
4	42	1	65
4	54	1	65
4	55	1	65
4	63	1	65
4	65	1	65
4	66	1	65
4	67	1	65
4	80	1	65
4	91	1	65
4	108	1	65
4	113	1	65
4	116	1	65
4	120	1	65
4	123	1	65
4	139	1	65
4	147	1	65
4	152	1	65
4	156	1	65
4	174	1	65
4	184	1	65
4	209	1	65
4	236	1	65
4	240	1	65
4	241	1	65
4	249	1	65
4	259	1	65
4	266	1	65
4	267	1	65
4	311	1	65
4	314	1	65
4	334	1	65
4	337	1	65
4	338	1	65
4	340	1	65
4	373	1	65
4	382	1	65
4	393	1	65
4	397	1	65
4	405	1	65
4	406	1	65
4	433	1	65
4	445	1	65
4	482	1	65
4	484	1	65
4	485	1	65
4	499	1	65
4	500	1	65
4	505	1	65
5	4	1	65
5	5	1	65
5	11	1	65
5	32	1	65
5	33	1	65
5	36	1	65
5	46	1	65
5	66	1	65
5	67	1	65
5	69	1	65
5	75	1	65
5	89	1	65
5	94	1	65
5	119	1	65
5	141	1	65
5	145	1	65
5	160	1	65
5	172	1	65
5	180	1	65
5	201	1	65
5	210	1	65
5	215	1	65
5	216	1	65
5	228	1	65
5	248	1	65
5	251	1	65
5	253	1	65
5	270	1	65
5	278	1	65
5	280	1	65
5	304	1	65
5	308	1	65
5	318	1	65
5	340	1	65
5	342	1	65
5	347	1	65
5	378	1	65
5	390	1	65
5	391	1	65
5	404	1	65
5	411	1	65
5	413	1	65
5	414	1	65
5	426	1	65
5	458	1	65
5	461	1	65
5	485	1	65
5	493	1	65
5	505	1	65
5	507	1	65
6	0	1	65
6	5	1	65
6	7	1	65
6	21	1	65
6	25	1	65
6	36	1	65
6	84	1	65
6	100	1	65
6	103	1	65
6	115	1	65
6	125	1	65
6	135	1	65
6	149	1	65
6	151	1	65
6	174	1	65
6	175	1	65
6	189	1	65
6	195	1	65
6	196	1	65
6	210	1	65
6	215	1	65
6	245	1	65
6	247	1	65
6	278	1	65
6	301	1	65
6	306	1	65
6	319	1	65
6	325	1	65
6	326	1	65
6	330	1	65
6	335	1	65
6	338	1	65
6	353	1	65
6	358	1	65
6	365	1	65
6	375	1	65
6	388	1	65
6	397	1	65
6	402	1	65
6	403	1	65
6	404	1	65
6	416	1	65
6	423	1	65
6	445	1	65
6	455	1	65
6	456	1	65
6	461	1	65
6	464	1	65
6	498	1	65
6	503	1	65
6	507	1	65
7	2	1	65
7	5	1	65
7	14	1	65
7	18	1	65
7	27	1	65
7	34	1	65
7	43	1	65
7	66	1	65
7	77	1	65
7	78	1	65
7	85	1	65
7	128	1	65
7	140	1	65
7	142	1	65
7	144	1	65
7	156	1	65
7	158	1	65
7	159	1	65
7	163	1	65
7	172	1	65
7	179	1	65
7	183	1	65
7	188	1	65
7	197	1	65
7	202	1	65
7	207	1	65
7	213	1	65
7	223	1	65
7	225	1	65
7	231	1	65
7	237	1	65
7	245	1	65
7	248	1	65
7	252	1	65
7	259	1	65
7	261	1	65
7	275	1	65
7	276	1	65
7	277	1	65
7	285	1	65
7	286	1	65
7	288	1	65
7	294	1	65
7	307	1	65
7	308	1	65
7	309	1	65
7	317	1	65
7	327	1	65
7	339	1	65
7	344	1	65
7	345	1	65
7	348	1	65
7	350	1	65
7	365	1	65
7	368	1	65
7	386	1	65
7	395	1	65
7	397	1	65
7	404	1	65
7	412	1	65
7	426	1	65
7	442	1	65
7	445	1	65
7	470	1	65
7	492	1	65
8	4	1	65
8	20	1	65
8	22	1	65
8	27	1	65
8	34	1	65
8	35	1	65
8	44	1	65
8	61	1	65
8	68	1	65
8	87	1	65
8	116	1	65
8	119	1	65
8	158	1	65
8	163	1	65
8	173	1	65
8	176	1	65
8	206	1	65
8	219	1	65
8	224	1	65
8	227	1	65
8	249	1	65
8	253	1	65
8	263	1	65
8	269	1	65
8	270	1	65
8	277	1	65
8	281	1	65
8	295	1	65
8	301	1	65
8	314	1	65
8	334	1	65
8	354	1	65
8	356	1	65
8	361	1	65
8	367	1	65
8	394	1	65
8	421	1	65
8	423	1	65
8	446	1	65
8	448	1	65
8	457	1	65
8	465	1	65
8	469	1	65
8	476	1	65
8	488	1	65
8	489	1	65
8	492	1	65
8	500	1	65
8	503	1	65
8	505	1	65
8	510	1	65
9	0	1	65
9	3	1	65
9	4	1	65
9	10	1	65
9	28	1	65
9	32	1	65
9	36	1	65
9	46	1	65
9	50	1	65
9	54	1	65
9	70	1	65
9	71	1	65
9	83	1	65
9	94	1	65
9	96	1	65
9	100	1	65
9	106	1	65
9	115	1	65
9	122	1	65
9	130	1	65
9	132	1	65
9	133	1	65
9	135	1	65
9	137	1	65
9	138	1	65
9	145	1	65
9	152	1	65
9	160	1	65
9	184	1	65
9	192	1	65
9	193	1	65
9	194	1	65
9	195	1	65
9	203	1	65
9	223	1	65
9	244	1	65
9	275	1	65
9	320	1	65
9	331	1	65
9	335	1	65
9	363	1	65
9	373	1	65
9	386	1	65
9	407	1	65
9	442	1	65
9	446	1	65
9	460	1	65
9	471	1	65
9	479	1	65
9	495	1	65
9	499	1	65
9	504	1	65
10	6	1	65
10	8	1	65
10	12	1	65
10	17	1	65
10	29	1	65
10	50	1	65
10	53	1	65
10	64	1	65
10	78	1	65
10	84	1	65
10	99	1	65
10	103	1	65
10	125	1	65
10	126	1	65
10	146	1	65
10	148	1	65
10	164	1	65
10	176	1	65
10	194	1	65
10	197	1	65
10	204	1	65
10	206	1	65
10	211	1	65
10	220	1	65
10	234	1	65
10	243	1	65
10	255	1	65
10	256	1	65
10	265	1	65
10	291	1	65
10	300	1	65
10	311	1	65
10	314	1	65
10	321	1	65
10	324	1	65
10	334	1	65
10	336	1	65
10	341	1	65
10	343	1	65
10	348	1	65
10	349	1	65
10	365	1	65
10	366	1	65
10	374	1	65
10	389	1	65
10	390	1	65
10	393	1	65
10	408	1	65
10	417	1	65
10	425	1	65
10	427	1	65
10	448	1	65
10	469	1	65
10	484	1	65
11	29	1	65
11	35	1	65
11	47	1	65
11	63	1	65
11	65	1	65
11	69	1	65
11	71	1	65
11	81	1	65
11	86	1	65
11	95	1	65
11	104	1	65
11	109	1	65
11	128	1	65
11	129	1	65
11	130	1	65
11	141	1	65
11	146	1	65
11	149	1	65
11	152	1	65
11	153	1	65
11	162	1	65
11	172	1	65
11	183	1	65
11	192	1	65
11	195	1	65
11	214	1	65
11	220	1	65
11	221	1	65
11	232	1	65
11	234	1	65
11	285	1	65
11	290	1	65
11	297	1	65
11	308	1	65
11	323	1	65
11	332	1	65
11	356	1	65
11	360	1	65
11	365	1	65
11	366	1	65
11	384	1	65
11	386	1	65
11	407	1	65
11	408	1	65
11	430	1	65
11	464	1	65
11	486	1	65
11	490	1	65
11	495	1	65
12	3	1	65
12	11	1	65
12	18	1	65
12	22	1	65
12	23	1	65
12	32	1	65
12	33	1	65
12	35	1	65
12	52	1	65
12	65	1	65
12	74	1	65
12	96	1	65
12	111	1	65
12	129	1	65
12	130	1	65
12	131	1	65
12	141	1	65
12	154	1	65
12	161	1	65
12	162	1	65
12	167	1	65
12	173	1	65
12	197	1	65
12	199	1	65
12	200	1	65
12	201	1	65
12	216	1	65
12	219	1	65
12	224	1	65
12	225	1	65
12	228	1	65
12	229	1	65
12	233	1	65
12	234	1	65
12	252	1	65
12	261	1	65
12	271	1	65
12	276	1	65
12	284	1	65
12	288	1	65
12	294	1	65
12	310	1	65
12	312	1	65
12	313	1	65
12	325	1	65
12	326	1	65
12	327	1	65
12	329	1	65
12	340	1	65
12	343	1	65
12	345	1	65
12	369	1	65
12	372	1	65
12	377	1	65
12	379	1	65
12	385	1	65
12	388	1	65
12	396	1	65
12	411	1	65
12	425	1	65
12	426	1	65
12	427	1	65
12	441	1	65
12	476	1	65
12	494	1	65
12	498	1	65
13	9	1	65
13	10	1	65
13	22	1	65
13	29	1	65
13	40	1	65
13	42	1	65
13	64	1	65
13	67	1	65
13	68	1	65
13	76	1	65
13	85	1	65
13	86	1	65
13	97	1	65
13	106	1	65
13	124	1	65
13	128	1	65
13	134	1	65
13	160	1	65
13	167	1	65
13	185	1	65
13	187	1	65
13	194	1	65
13	195	1	65
13	205	1	65
13	212	1	65
13	215	1	65
13	227	1	65
13	232	1	65
13	241	1	65
13	243	1	65
13	262	1	65
13	268	1	65
13	280	1	65
13	282	1	65
13	298	1	65
13	303	1	65
13	309	1	65
13	315	1	65
13	316	1	65
13	319	1	65
13	329	1	65
13	344	1	65
13	350	1	65
13	355	1	65
13	361	1	65
13	366	1	65
13	381	1	65
13	388	1	65
13	389	1	65
13	390	1	65
13	396	1	65
13	398	1	65
13	400	1	65
13	427	1	65
13	435	1	65
13	436	1	65
13	453	1	65
13	473	1	65
13	480	1	65
14	5	1	65
14	28	1	65
14	29	1	65
14	33	1	65
14	40	1	65
14	68	1	65
14	74	1	65
14	90	1	65
14	92	1	65
14	98	1	65
14	105	1	65
14	145	1	65
14	148	1	65
14	151	1	65
14	162	1	65
14	171	1	65
14	187	1	65
14	190	1	65
14	206	1	65
14	207	1	65
14	209	1	65
14	226	1	65
14	232	1	65
14	235	1	65
14	241	1	65
14	254	1	65
14	258	1	65
14	259	1	65
14	263	1	65
14	265	1	65
14	284	1	65
14	322	1	65
14	328	1	65
14	340	1	65
14	387	1	65
14	389	1	65
14	395	1	65
14	408	1	65
14	416	1	65
14	418	1	65
14	428	1	65
14	429	1	65
14	441	1	65
14	459	1	65
14	460	1	65
14	470	1	65
14	486	1	65
14	492	1	65
14	495	1	65
14	501	1	65
14	502	1	65
14	509	1	65
15	0	1	65
15	12	1	65
15	15	1	65
15	17	1	65
15	38	1	65
15	61	1	65
15	70	1	65
15	105	1	65
15	130	1	65
15	138	1	65
15	167	1	65
15	183	1	65
15	215	1	65
15	223	1	65
15	224	1	65
15	232	1	65
15	271	1	65
15	280	1	65
15	303	1	65
15	306	1	65
15	321	1	65
15	327	1	65
15	330	1	65
15	342	1	65
15	394	1	65
15	399	1	65
15	425	1	65
15	451	1	65
15	510	1	65
16	11	1	65
16	17	1	65
16	44	1	65
16	84	1	65
16	112	1	65
16	117	1	65
16	134	1	65
16	174	1	65
16	182	1	65
16	197	1	65
16	199	1	65
16	231	1	65
16	234	1	65
16	259	1	65
16	297	1	65
16	299	1	65
16	313	1	65
16	361	1	65
16	366	1	65
16	379	1	65
16	392	1	65
16	394	1	65
16	395	1	65
16	422	1	65
16	428	1	65
16	438	1	65
16	452	1	65
16	473	1	65
16	479	1	65
16	486	1	65
16	493	1	65
16	495	1	65
16	508	1	65
17	15	1	65
17	25	1	65
17	28	1	65
17	54	1	65
17	58	1	65
17	69	1	65
17	79	1	65
17	82	1	65
17	84	1	65
17	113	1	65
17	125	1	65
17	126	1	65
17	132	1	65
17	140	1	65
17	146	1	65
17	150	1	65
17	156	1	65
17	159	1	65
17	164	1	65
17	175	1	65
17	188	1	65
17	204	1	65
17	210	1	65
17	212	1	65
17	225	1	65
17	233	1	65
17	257	1	65
17	261	1	65
17	272	1	65
17	294	1	65
17	308	1	65
17	315	1	65
17	324	1	65
17	330	1	65
17	331	1	65
17	364	1	65
17	403	1	65
17	408	1	65
17	411	1	65
17	426	1	65
17	430	1	65
17	455	1	65
17	470	1	65
17	474	1	65
17	478	1	65
17	488	1	65
17	493	1	65
17	497	1	65
17	510	1	65
18	7	1	65
18	26	1	65
18	28	1	65
18	47	1	65
18	49	1	65
18	50	1	65
18	54	1	65
18	66	1	65
18	76	1	65
18	79	1	65
18	88	1	65
18	92	1	65
18	98	1	65
18	122	1	65
18	124	1	65
18	128	1	65
18	131	1	65
18	135	1	65
18	137	1	65
18	138	1	65
18	147	1	65
18	150	1	65
18	152	1	65
18	173	1	65
18	176	1	65
18	177	1	65
18	179	1	65
18	198	1	65
18	199	1	65
18	219	1	65
18	222	1	65
18	228	1	65
18	238	1	65
18	251	1	65
18	260	1	65
18	266	1	65
18	284	1	65
18	287	1	65
18	294	1	65
18	318	1	65
18	321	1	65
18	331	1	65
18	335	1	65
18	343	1	65
18	353	1	65
18	357	1	65
18	358	1	65
18	361	1	65
18	362	1	65
18	366	1	65
18	373	1	65
18	381	1	65
18	388	1	65
18	389	1	65
18	396	1	65
18	401	1	65
18	403	1	65
18	411	1	65
18	414	1	65
18	416	1	65
18	417	1	65
18	419	1	65
18	420	1	65
18	428	1	65
18	442	1	65
18	445	1	65
18	468	1	65
18	472	1	65
18	476	1	65
18	481	1	65
18	482	1	65
19	4	1	65
19	16	1	65
19	20	1	65
19	30	1	65
19	33	1	65
19	35	1	65
19	46	1	65
19	47	1	65
19	66	1	65
19	76	1	65
19	81	1	65
19	84	1	65
19	118	1	65
19	135	1	65
19	136	1	65
19	140	1	65
19	154	1	65
19	170	1	65
19	174	1	65
19	176	1	65
19	184	1	65
19	188	1	65
19	193	1	65
19	225	1	65
19	239	1	65
19	242	1	65
19	252	1	65
19	253	1	65
19	263	1	65
19	275	1	65
19	282	1	65
19	285	1	65
19	286	1	65
19	290	1	65
19	293	1	65
19	296	1	65
19	308	1	65
19	315	1	65
19	330	1	65
19	340	1	65
19	366	1	65
19	368	1	65
19	369	1	65
19	371	1	65
19	376	1	65
19	380	1	65
19	383	1	65
19	386	1	65
19	389	1	65
19	396	1	65
19	403	1	65
19	406	1	65
19	413	1	65
19	424	1	65
19	426	1	65
19	466	1	65
19	470	1	65
19	482	1	65
19	490	1	65
19	495	1	65
20	7	1	65
20	10	1	65
20	27	1	65
20	47	1	65
20	58	1	65
20	72	1	65
20	81	1	65
20	89	1	65
20	93	1	65
20	121	1	65
20	125	1	65
20	127	1	65
20	147	1	65
20	177	1	65
20	190	1	65
20	191	1	65
20	192	1	65
20	204	1	65
20	212	1	65
20	215	1	65
20	216	1	65
20	218	1	65
20	230	1	65
20	231	1	65
20	249	1	65
20	250	1	65
20	255	1	65
20	258	1	65
20	267	1	65
20	289	1	65
20	296	1	65
20	298	1	65
20	300	1	65
20	315	1	65
20	324	1	65
20	335	1	65
20	341	1	65
20	358	1	65
20	364	1	65
20	383	1	65
20	386	1	65
20	389	1	65
20	391	1	65
20	400	1	65
20	401	1	65
20	412	1	65
20	423	1	65
20	430	1	65
20	433	1	65
20	455	1	65
20	458	1	65
20	479	1	65
20	489	1	65
20	494	1	65
20	503	1	65
20	506	1	65
20	508	1	65
20	511	1	65
21	9	1	65
21	39	1	65
21	62	1	65
21	67	1	65
21	83	1	65
21	113	1	65
21	127	1	65
21	128	1	65
21	134	1	65
21	136	1	65
21	142	1	65
21	152	1	65
21	158	1	65
21	162	1	65
21	168	1	65
21	170	1	65
21	178	1	65
21	180	1	65
21	184	1	65
21	208	1	65
21	215	1	65
21	224	1	65
21	239	1	65
21	247	1	65
21	269	1	65
21	270	1	65
21	277	1	65
21	278	1	65
21	281	1	65
21	287	1	65
21	288	1	65
21	303	1	65
21	307	1	65
21	317	1	65
21	337	1	65
21	350	1	65
21	356	1	65
21	364	1	65
21	365	1	65
21	370	1	65
21	371	1	65
21	384	1	65
21	402	1	65
21	412	1	65
21	433	1	65
21	469	1	65
21	479	1	65
21	499	1	65
21	507	1	65
22	6	1	65
22	14	1	65
22	20	1	65
22	28	1	65
22	33	1	65
22	35	1	65
22	45	1	65
22	46	1	65
22	53	1	65
22	57	1	65
22	60	1	65
22	77	1	65
22	90	1	65
22	91	1	65
22	104	1	65
22	121	1	65
22	126	1	65
22	128	1	65
22	134	1	65
22	135	1	65
22	138	1	65
22	146	1	65
22	163	1	65
22	164	1	65
22	170	1	65
22	180	1	65
22	190	1	65
22	206	1	65
22	224	1	65
22	231	1	65
22	232	1	65
22	239	1	65
22	244	1	65
22	255	1	65
22	259	1	65
22	265	1	65
22	266	1	65
22	267	1	65
22	272	1	65
22	278	1	65
22	284	1	65
22	285	1	65
22	292	1	65
22	299	1	65
22	300	1	65
22	302	1	65
22	307	1	65
22	312	1	65
22	320	1	65
22	322	1	65
22	324	1	65
22	328	1	65
22	339	1	65
22	354	1	65
22	355	1	65
22	356	1	65
22	357	1	65
22	371	1	65
22	372	1	65
22	375	1	65
22	378	1	65
22	386	1	65
22	393	1	65
22	407	1	65
22	408	1	65
22	429	1	65
22	446	1	65
22	448	1	65
22	449	1	65
22	452	1	65
22	458	1	65
22	460	1	65
22	467	1	65
22	469	1	65
22	473	1	65
22	476	1	65
22	479	1	65
22	493	1	65
22	507	1	65
22	511	1	65
23	5	1	65
23	9	1	65
23	27	1	65
23	31	1	65
23	46	1	65
23	73	1	65
23	82	1	65
23	84	1	65
23	87	1	65
23	104	1	65
23	146	1	65
23	155	1	65
23	172	1	65
23	175	1	65
23	195	1	65
23	198	1	65
23	204	1	65
23	219	1	65
23	233	1	65
23	239	1	65
23	248	1	65
23	257	1	65
23	275	1	65
23	289	1	65
23	310	1	65
23	317	1	65
23	321	1	65
23	333	1	65
23	337	1	65
23	363	1	65
23	372	1	65
23	397	1	65
23	401	1	65
23	408	1	65
23	425	1	65
23	449	1	65
23	457	1	65
23	462	1	65
23	467	1	65
23	475	1	65
23	478	1	65
23	481	1	65
23	490	1	65
23	494	1	65
24	3	1	65
24	34	1	65
24	36	1	65
24	44	1	65
24	51	1	65
24	64	1	65
24	68	1	65
24	73	1	65
24	99	1	65
24	113	1	65
24	116	1	65
24	117	1	65
24	134	1	65
24	162	1	65
24	171	1	65
24	181	1	65
24	190	1	65
24	198	1	65
24	203	1	65
24	205	1	65
24	206	1	65
24	219	1	65
24	221	1	65
24	230	1	65
24	245	1	65
24	250	1	65
24	270	1	65
24	307	1	65
24	318	1	65
24	334	1	65
24	354	1	65
24	365	1	65
24	423	1	65
24	457	1	65
24	465	1	65
24	466	1	65
24	468	1	65
24	476	1	65
24	500	1	65
24	501	1	65
24	503	1	65
24	509	1	65
25	4	1	65
25	9	1	65
25	29	1	65
25	37	1	65
25	41	1	65
25	48	1	65
25	63	1	65
25	80	1	65
25	89	1	65
25	95	1	65
25	102	1	65
25	104	1	65
25	115	1	65
25	122	1	65
25	126	1	65
25	132	1	65
25	141	1	65
25	144	1	65
25	145	1	65
25	156	1	65
25	160	1	65
25	161	1	65
25	164	1	65
25	182	1	65
25	194	1	65
25	199	1	65
25	205	1	65
25	209	1	65
25	216	1	65
25	218	1	65
25	223	1	65
25	245	1	65
25	256	1	65
25	258	1	65
25	276	1	65
25	293	1	65
25	306	1	65
25	317	1	65
25	320	1	65
25	321	1	65
25	325	1	65
25	329	1	65
25	345	1	65
25	352	1	65
25	368	1	65
25	389	1	65
25	393	1	65
25	405	1	65
25	407	1	65
25	411	1	65
25	414	1	65
25	417	1	65
25	421	1	65
25	430	1	65
25	449	1	65
25	451	1	65
25	456	1	65
25	469	1	65
25	471	1	65
25	484	1	65
25	491	1	65
25	495	1	65
26	3	1	65
26	6	1	65
26	9	1	65
26	17	1	65
26	31	1	65
26	33	1	65
26	37	1	65
26	50	1	65
26	60	1	65
26	84	1	65
26	91	1	65
26	103	1	65
26	110	1	65
26	111	1	65
26	136	1	65
26	153	1	65
26	157	1	65
26	164	1	65
26	188	1	65
26	194	1	65
26	197	1	65
26	201	1	65
26	228	1	65
26	231	1	65
26	234	1	65
26	250	1	65
26	256	1	65
26	273	1	65
26	280	1	65
26	283	1	65
26	293	1	65
26	308	1	65
26	315	1	65
26	324	1	65
26	334	1	65
26	336	1	65
26	338	1	65
26	341	1	65
26	343	1	65
26	348	1	65
26	349	1	65
26	355	1	65
26	365	1	65
26	366	1	65
26	376	1	65
26	409	1	65
26	417	1	65
26	420	1	65
26	423	1	65
26	425	1	65
26	429	1	65
26	432	1	65
26	438	1	65
26	443	1	65
26	454	1	65
26	456	1	65
26	460	1	65
26	469	1	65
26	490	1	65
27	3	1	65
27	12	1	65
27	14	1	65
27	29	1	65
27	127	1	65
27	131	1	65
27	144	1	65
27	146	1	65
27	166	1	65
27	168	1	65
27	180	1	65
27	181	1	65
27	187	1	65
27	192	1	65
27	203	1	65
27	220	1	65
27	232	1	65
27	233	1	65
27	235	1	65
27	241	1	65
27	251	1	65
27	269	1	65
27	270	1	65
27	277	1	65
27	285	1	65
27	287	1	65
27	290	1	65
27	294	1	65
27	295	1	65
27	308	1	65
27	317	1	65
27	332	1	65
27	350	1	65
27	360	1	65
27	364	1	65
27	366	1	65
27	371	1	65
27	373	1	65
27	377	1	65
27	380	1	65
27	382	1	65
27	394	1	65
27	400	1	65
27	408	1	65
27	412	1	65
27	416	1	65
27	439	1	65
27	444	1	65
27	446	1	65
27	456	1	65
27	464	1	65
27	468	1	65
27	471	1	65
27	480	1	65
27	490	1	65
28	0	1	65
28	6	1	65
28	11	1	65
28	22	1	65
28	30	1	65
28	33	1	65
28	66	1	65
28	73	1	65
28	74	1	65
28	80	1	65
28	91	1	65
28	129	1	65
28	130	1	65
28	131	1	65
28	145	1	65
28	158	1	65
28	162	1	65
28	164	1	65
28	190	1	65
28	199	1	65
28	200	1	65
28	201	1	65
28	213	1	65
28	216	1	65
28	217	1	65
28	219	1	65
28	224	1	65
28	225	1	65
28	231	1	65
28	233	1	65
28	234	1	65
28	252	1	65
28	259	1	65
28	261	1	65
28	264	1	65
28	281	1	65
28	313	1	65
28	327	1	65
28	340	1	65
28	345	1	65
28	355	1	65
28	356	1	65
28	364	1	65
28	369	1	65
28	385	1	65
28	396	1	65
28	411	1	65
28	413	1	65
28	426	1	65
28	435	1	65
28	438	1	65
28	441	1	65
28	448	1	65
28	460	1	65
28	465	1	65
28	471	1	65
28	484	1	65
28	488	1	65
28	493	1	65
28	494	1	65
28	498	1	65
28	502	1	65
28	511	1	65
29	10	1	65
29	19	1	65
29	29	1	65
29	34	1	65
29	40	1	65
29	41	1	65
29	42	1	65
29	52	1	65
29	57	1	65
29	64	1	65
29	66	1	65
29	68	1	65
29	76	1	65
29	89	1	65
29	118	1	65
29	132	1	65
29	138	1	65
29	143	1	65
29	150	1	65
29	162	1	65
29	165	1	65
29	177	1	65
29	184	1	65
29	185	1	65
29	187	1	65
29	202	1	65
29	212	1	65
29	216	1	65
29	282	1	65
29	291	1	65
29	300	1	65
29	303	1	65
29	312	1	65
29	329	1	65
29	338	1	65
29	351	1	65
29	365	1	65
29	377	1	65
29	388	1	65
29	401	1	65
29	402	1	65
29	418	1	65
29	426	1	65
29	428	1	65
29	435	1	65
29	455	1	65
29	458	1	65
29	479	1	65
29	481	1	65
29	485	1	65
29	487	1	65
30	2	1	65
30	5	1	65
30	40	1	65
30	47	1	65
30	68	1	65
30	84	1	65
30	90	1	65
30	92	1	65
30	93	1	65
30	96	1	65
30	105	1	65
30	106	1	65
30	127	1	65
30	129	1	65
30	153	1	65
30	201	1	65
30	206	1	65
30	209	1	65
30	226	1	65
30	231	1	65
30	232	1	65
30	242	1	65
30	254	1	65
30	258	1	65
30	265	1	65
30	269	1	65
30	273	1	65
30	285	1	65
30	293	1	65
30	294	1	65
30	327	1	65
30	330	1	65
30	339	1	65
30	368	1	65
30	374	1	65
30	379	1	65
30	385	1	65
30	392	1	65
30	408	1	65
30	418	1	65
30	426	1	65
30	434	1	65
30	456	1	65
30	459	1	65
30	484	1	65
30	502	1	65
30	509	1	65
31	12	1	65
31	15	1	65
31	38	1	65
31	39	1	65
31	40	1	65
31	49	1	65
31	50	1	65
31	54	1	65
31	70	1	65
31	96	1	65
31	111	1	65
31	113	1	65
31	114	1	65
31	130	1	65
31	135	1	65
31	139	1	65
31	143	1	65
31	174	1	65
31	183	1	65
31	188	1	65
31	192	1	65
31	203	1	65
31	211	1	65
31	226	1	65
31	254	1	65
31	271	1	65
31	302	1	65
31	303	1	65
31	343	1	65
31	388	1	65
31	449	1	65
31	451	1	65
31	454	1	65
31	475	1	65
31	477	1	65
31	488	1	65
32	35	1	65
32	41	1	65
32	43	1	65
32	49	1	65
32	56	1	65
32	115	1	65
32	131	1	65
32	134	1	65
32	141	1	65
32	146	1	65
32	149	1	65
32	156	1	65
32	163	1	65
32	164	1	65
32	174	1	65
32	180	1	65
32	190	1	65
32	197	1	65
32	199	1	65
32	230	1	65
32	233	1	65
32	234	1	65
32	259	1	65
32	264	1	65
32	286	1	65
32	297	1	65
32	299	1	65
32	300	1	65
32	317	1	65
32	321	1	65
32	323	1	65
32	327	1	65
32	328	1	65
32	330	1	65
32	352	1	65
32	369	1	65
32	382	1	65
32	397	1	65
32	399	1	65
32	401	1	65
32	414	1	65
32	422	1	65
32	428	1	65
32	439	1	65
32	446	1	65
32	452	1	65
32	460	1	65
32	471	1	65
32	473	1	65
32	476	1	65
32	486	1	65
32	493	1	65
32	508	1	65
33	15	1	65
33	19	1	65
33	48	1	65
33	54	1	65
33	56	1	65
33	58	1	65
33	68	1	65
33	80	1	65
33	89	1	65
33	106	1	65
33	140	1	65
33	150	1	65
33	155	1	65
33	159	1	65
33	164	1	65
33	166	1	65
33	173	1	65
33	183	1	65
33	193	1	65
33	204	1	65
33	210	1	65
33	212	1	65
33	221	1	65
33	234	1	65
33	250	1	65
33	252	1	65
33	261	1	65
33	265	1	65
33	272	1	65
33	274	1	65
33	285	1	65
33	298	1	65
33	302	1	65
33	324	1	65
33	329	1	65
33	330	1	65
33	331	1	65
33	333	1	65
33	343	1	65
33	347	1	65
33	355	1	65
33	364	1	65
33	413	1	65
33	422	1	65
33	430	1	65
33	435	1	65
33	439	1	65
33	447	1	65
33	453	1	65
33	454	1	65
33	455	1	65
33	460	1	65
33	461	1	65
33	488	1	65
33	493	1	65
34	7	1	65
34	9	1	65
34	41	1	65
34	50	1	65
34	51	1	65
34	66	1	65
34	71	1	65
34	73	1	65
34	81	1	65
34	91	1	65
34	92	1	65
34	96	1	65
34	98	1	65
34	102	1	65
34	122	1	65
34	128	1	65
34	147	1	65
34	150	1	65
34	163	1	65
34	177	1	65
34	198	1	65
34	199	1	65
34	219	1	65
34	222	1	65
34	224	1	65
34	228	1	65
34	246	1	65
34	249	1	65
34	254	1	65
34	262	1	65
34	266	1	65
34	286	1	65
34	300	1	65
34	306	1	65
34	311	1	65
34	313	1	65
34	319	1	65
34	321	1	65
34	325	1	65
34	330	1	65
34	343	1	65
34	350	1	65
34	357	1	65
34	358	1	65
34	366	1	65
34	373	1	65
34	381	1	65
34	391	1	65
34	396	1	65
34	398	1	65
34	401	1	65
34	403	1	65
34	405	1	65
34	411	1	65
34	417	1	65
34	420	1	65
34	433	1	65
34	450	1	65
34	454	1	65
34	456	1	65
34	459	1	65
34	460	1	65
34	467	1	65
34	468	1	65
34	471	1	65
34	474	1	65
34	476	1	65
34	481	1	65
34	489	1	65
34	497	1	65
34	507	1	65
35	1	1	65
35	8	1	65
35	12	1	65
35	15	1	65
35	19	1	65
35	30	1	65
35	45	1	65
35	47	1	65
35	56	1	65
35	66	1	65
35	73	1	65
35	88	1	65
35	100	1	65
35	106	1	65
35	134	1	65
35	139	1	65
35	140	1	65
35	151	1	65
35	165	1	65
35	169	1	65
35	174	1	65
35	188	1	65
35	190	1	65
35	225	1	65
35	226	1	65
35	254	1	65
35	259	1	65
35	268	1	65
35	286	1	65
35	289	1	65
35	293	1	65
35	296	1	65
35	308	1	65
35	330	1	65
35	335	1	65
35	340	1	65
35	355	1	65
35	356	1	65
35	360	1	65
35	362	1	65
35	386	1	65
35	388	1	65
35	399	1	65
35	406	1	65
35	444	1	65
35	458	1	65
35	472	1	65
36	7	1	65
36	13	1	65
36	58	1	65
36	63	1	65
36	65	1	65
36	72	1	65
36	81	1	65
36	89	1	65
36	91	1	65
36	93	1	65
36	96	1	65
36	98	1	65
36	109	1	65
36	114	1	65
36	116	1	65
36	120	1	65
36	122	1	65
36	126	1	65
36	128	1	65
36	144	1	65
36	151	1	65
36	177	1	65
36	180	1	65
36	190	1	65
36	191	1	65
36	192	1	65
36	200	1	65
36	209	1	65
36	211	1	65
36	217	1	65
36	230	1	65
36	249	1	65
36	252	1	65
36	256	1	65
36	258	1	65
36	267	1	65
36	269	1	65
36	274	1	65
36	298	1	65
36	304	1	65
36	307	1	65
36	332	1	65
36	335	1	65
36	341	1	65
36	367	1	65
36	369	1	65
36	375	1	65
36	390	1	65
36	401	1	65
36	442	1	65
36	455	1	65
36	469	1	65
36	470	1	65
36	473	1	65
36	474	1	65
36	479	1	65
36	480	1	65
36	487	1	65
36	488	1	65
36	506	1	65
36	511	1	65
37	12	1	65
37	53	1	65
37	67	1	65
37	71	1	65
37	78	1	65
37	97	1	65
37	113	1	65
37	118	1	65
37	128	1	65
37	129	1	65
37	135	1	65
37	136	1	65
37	144	1	65
37	151	1	65
37	153	1	65
37	157	1	65
37	158	1	65
37	164	1	65
37	168	1	65
37	181	1	65
37	184	1	65
37	189	1	65
37	200	1	65
37	205	1	65
37	224	1	65
37	229	1	65
37	239	1	65
37	247	1	65
37	261	1	65
37	266	1	65
37	270	1	65
37	276	1	65
37	278	1	65
37	281	1	65
37	284	1	65
37	290	1	65
37	296	1	65
37	297	1	65
37	299	1	65
37	311	1	65
37	340	1	65
37	357	1	65
37	364	1	65
37	371	1	65
37	373	1	65
37	392	1	65
37	407	1	65
37	408	1	65
37	412	1	65
37	413	1	65
37	436	1	65
37	448	1	65
37	450	1	65
37	456	1	65
37	458	1	65
37	460	1	65
37	469	1	65
37	473	1	65
37	490	1	65
37	494	1	65
37	505	1	65
38	14	1	65
38	23	1	65
38	33	1	65
38	34	1	65
38	35	1	65
38	36	1	65
38	45	1	65
38	46	1	65
38	53	1	65
38	65	1	65
38	83	1	65
38	90	1	65
38	91	1	65
38	92	1	65
38	107	1	65
38	121	1	65
38	123	1	65
38	126	1	65
38	128	1	65
38	134	1	65
38	135	1	65
38	138	1	65
38	155	1	65
38	159	1	65
38	163	1	65
38	166	1	65
38	174	1	65
38	183	1	65
38	194	1	65
38	196	1	65
38	201	1	65
38	211	1	65
38	218	1	65
38	224	1	65
38	239	1	65
38	242	1	65
38	255	1	65
38	257	1	65
38	258	1	65
38	259	1	65
38	272	1	65
38	273	1	65
38	278	1	65
38	285	1	65
38	289	1	65
38	295	1	65
38	302	1	65
38	305	1	65
38	307	1	65
38	310	1	65
38	318	1	65
38	320	1	65
38	339	1	65
38	356	1	65
38	377	1	65
38	380	1	65
38	386	1	65
38	389	1	65
38	396	1	65
38	400	1	65
38	401	1	65
38	407	1	65
38	408	1	65
38	418	1	65
38	422	1	65
38	423	1	65
38	425	1	65
38	429	1	65
38	448	1	65
38	452	1	65
38	454	1	65
38	467	1	65
38	476	1	65
38	479	1	65
38	501	1	65
38	506	1	65
38	507	1	65
38	511	1	65
39	14	1	65
39	25	1	65
39	31	1	65
39	51	1	65
39	69	1	65
39	81	1	65
39	87	1	65
39	89	1	65
39	93	1	65
39	103	1	65
39	126	1	65
39	129	1	65
39	137	1	65
39	184	1	65
39	189	1	65
39	243	1	65
39	247	1	65
39	269	1	65
39	273	1	65
39	310	1	65
39	331	1	65
39	333	1	65
39	342	1	65
39	352	1	65
39	357	1	65
39	363	1	65
39	379	1	65
39	384	1	65
39	401	1	65
39	407	1	65
39	408	1	65
39	425	1	65
39	446	1	65
39	449	1	65
39	457	1	65
39	461	1	65
39	462	1	65
39	478	1	65
39	480	1	65
39	490	1	65
40	17	1	65
40	22	1	65
40	24	1	65
40	28	1	65
40	33	1	65
40	43	1	65
40	78	1	65
40	86	1	65
40	109	1	65
40	113	1	65
40	121	1	65
40	127	1	65
40	130	1	65
40	141	1	65
40	152	1	65
40	165	1	65
40	179	1	65
40	192	1	65
40	208	1	65
40	212	1	65
40	219	1	65
40	234	1	65
40	262	1	65
40	297	1	65
40	298	1	65
40	304	1	65
40	318	1	65
40	328	1	65
40	330	1	65
40	388	1	65
40	392	1	65
40	398	1	65
40	420	1	65
40	424	1	65
40	428	1	65
40	437	1	65
40	445	1	65
40	453	1	65
40	461	1	65
40	465	1	65
40	472	1	65
40	477	1	65
40	483	1	65
40	486	1	65
40	492	1	65
40	496	1	65
40	498	1	65
40	508	1	65
40	510	1	65
41	12	1	65
41	17	1	65
41	20	1	65
41	21	1	65
41	24	1	65
41	32	1	65
41	34	1	65
41	38	1	65
41	43	1	65
41	47	1	65
41	62	1	65
41	71	1	65
41	83	1	65
41	87	1	65
41	94	1	65
41	105	1	65
41	116	1	65
41	161	1	65
41	164	1	65
41	171	1	65
41	185	1	65
41	192	1	65
41	195	1	65
41	196	1	65
41	208	1	65
41	216	1	65
41	218	1	65
41	228	1	65
41	229	1	65
41	231	1	65
41	233	1	65
41	242	1	65
41	257	1	65
41	302	1	65
41	313	1	65
41	324	1	65
41	332	1	65
41	333	1	65
41	343	1	65
41	344	1	65
41	347	1	65
41	348	1	65
41	352	1	65
41	355	1	65
41	367	1	65
41	378	1	65
41	407	1	65
41	417	1	65
41	421	1	65
41	425	1	65
41	432	1	65
41	441	1	65
41	463	1	65
41	472	1	65
41	480	1	65
41	482	1	65
41	483	1	65
41	496	1	65
41	500	1	65
41	502	1	65
42	3	1	65
42	8	1	65
42	16	1	65
42	19	1	65
42	20	1	65
42	40	1	65
42	48	1	65
42	71	1	65
42	82	1	65
42	86	1	65
42	96	1	65
42	102	1	65
42	104	1	65
42	110	1	65
42	112	1	65
42	113	1	65
42	120	1	65
42	122	1	65
42	130	1	65
42	143	1	65
42	158	1	65
42	161	1	65
42	168	1	65
42	172	1	65
42	181	1	65
42	186	1	65
42	187	1	65
42	191	1	65
42	195	1	65
42	197	1	65
42	200	1	65
42	202	1	65
42	213	1	65
42	233	1	65
42	251	1	65
42	253	1	65
42	260	1	65
42	276	1	65
42	277	1	65
42	280	1	65
42	286	1	65
42	293	1	65
42	295	1	65
42	301	1	65
42	312	1	65
42	321	1	65
42	323	1	65
42	340	1	65
42	342	1	65
42	364	1	65
42	382	1	65
42	385	1	65
42	407	1	65
42	410	1	65
42	415	1	65
42	418	1	65
42	419	1	65
42	422	1	65
42	439	1	65
42	445	1	65
42	452	1	65
42	480	1	65
42	487	1	65
42	508	1	65
43	5	1	65
43	33	1	65
43	37	1	65
43	44	1	65
43	45	1	65
43	54	1	65
43	55	1	65
43	73	1	65
43	84	1	65
43	97	1	65
43	99	1	65
43	119	1	65
43	121	1	65
43	124	1	65
43	125	1	65
43	142	1	65
43	150	1	65
43	160	1	65
43	164	1	65
43	172	1	65
43	184	1	65
43	188	1	65
43	194	1	65
43	200	1	65
43	203	1	65
43	212	1	65
43	214	1	65
43	223	1	65
43	231	1	65
43	237	1	65
43	243	1	65
43	258	1	65
43	264	1	65
43	270	1	65
43	277	1	65
43	290	1	65
43	294	1	65
43	319	1	65
43	337	1	65
43	338	1	65
43	358	1	65
43	365	1	65
43	378	1	65
43	386	1	65
43	401	1	65
43	414	1	65
43	415	1	65
43	428	1	65
43	433	1	65
43	435	1	65
43	438	1	65
43	443	1	65
43	446	1	65
43	451	1	65
43	466	1	65
43	481	1	65
43	490	1	65
43	500	1	65
44	22	1	65
44	39	1	65
44	68	1	65
44	99	1	65
44	107	1	65
44	118	1	65
44	123	1	65
44	126	1	65
44	130	1	65
44	134	1	65
44	140	1	65
44	142	1	65
44	144	1	65
44	169	1	65
44	184	1	65
44	191	1	65
44	193	1	65
44	214	1	65
44	216	1	65
44	217	1	65
44	223	1	65
44	233	1	65
44	246	1	65
44	247	1	65
44	252	1	65
44	254	1	65
44	256	1	65
44	267	1	65
44	287	1	65
44	289	1	65
44	290	1	65
44	296	1	65
44	311	1	65
44	314	1	65
44	317	1	65
44	320	1	65
44	325	1	65
44	331	1	65
44	346	1	65
44	350	1	65
44	355	1	65
44	369	1	65
44	370	1	65
44	376	1	65
44	386	1	65
44	397	1	65
44	402	1	65
44	404	1	65
44	407	1	65
44	422	1	65
44	446	1	65
44	447	1	65
44	452	1	65
44	457	1	65
44	460	1	65
44	465	1	65
44	472	1	65
44	473	1	65
44	484	1	65
44	485	1	65
44	486	1	65
44	494	1	65
44	495	1	65
44	500	1	65
44	502	1	65
44	505	1	65
45	9	1	65
45	18	1	65
45	26	1	65
45	29	1	65
45	46	1	65
45	52	1	65
45	75	1	65
45	76	1	65
45	85	1	65
45	89	1	65
45	110	1	65
45	111	1	65
45	113	1	65
45	114	1	65
45	122	1	65
45	131	1	65
45	135	1	65
45	147	1	65
45	149	1	65
45	160	1	65
45	165	1	65
45	167	1	65
45	184	1	65
45	196	1	65
45	221	1	65
45	226	1	65
45	269	1	65
45	281	1	65
45	288	1	65
45	293	1	65
45	294	1	65
45	302	1	65
45	322	1	65
45	403	1	65
45	407	1	65
45	412	1	65
45	415	1	65
45	430	1	65
45	434	1	65
45	456	1	65
45	477	1	65
45	480	1	65
45	489	1	65
45	508	1	65
46	8	1	65
46	9	1	65
46	27	1	65
46	33	1	65
46	42	1	65
46	45	1	65
46	56	1	65
46	68	1	65
46	71	1	65
46	78	1	65
46	82	1	65
46	96	1	65
46	120	1	65
46	123	1	65
46	132	1	65
46	133	1	65
46	136	1	65
46	147	1	65
46	175	1	65
46	181	1	65
46	191	1	65
46	193	1	65
46	219	1	65
46	220	1	65
46	243	1	65
46	253	1	65
46	259	1	65
46	265	1	65
46	267	1	65
46	280	1	65
46	288	1	65
46	291	1	65
46	294	1	65
46	295	1	65
46	305	1	65
46	315	1	65
46	316	1	65
46	317	1	65
46	319	1	65
46	323	1	65
46	362	1	65
46	372	1	65
46	375	1	65
46	383	1	65
46	384	1	65
46	386	1	65
46	398	1	65
46	415	1	65
46	421	1	65
46	423	1	65
46	426	1	65
46	427	1	65
46	436	1	65
46	439	1	65
46	444	1	65
46	466	1	65
46	467	1	65
46	469	1	65
46	496	1	65
46	506	1	65
0	0	2	65
0	23	2	65
0	32	2	65
0	34	2	65
0	68	2	65
0	71	2	65
0	83	2	65
0	89	2	65
0	106	2	65
0	122	2	65
0	130	2	65
0	131	2	65
0	170	2	65
0	175	2	65
0	178	2	65
0	184	2	65
0	195	2	65
0	203	2	65
0	208	2	65
0	209	2	65
0	213	2	65
0	224	2	65
0	233	2	65
0	239	2	65
0	242	2	65
0	243	2	65
0	247	2	65
0	258	2	65
0	262	2	65
0	270	2	65
0	275	2	65
0	278	2	65
0	305	2	65
0	308	2	65
0	320	2	65
0	326	2	65
0	334	2	65
0	339	2	65
0	340	2	65
0	342	2	65
0	358	2	65
0	359	2	65
0	368	2	65
0	369	2	65
0	373	2	65
0	376	2	65
0	379	2	65
0	386	2	65
0	395	2	65
0	400	2	65
0	404	2	65
0	409	2	65
0	411	2	65
0	414	2	65
0	419	2	65
0	425	2	65
0	427	2	65
0	441	2	65
0	444	2	65
0	446	2	65
0	448	2	65
0	468	2	65
0	483	2	65
0	489	2	65
0	500	2	65
0	501	2	65
0	504	2	65
0	505	2	65
1	9	2	65
1	39	2	65
1	60	2	65
1	67	2	65
1	71	2	65
1	95	2	65
1	100	2	65
1	113	2	65
1	131	2	65
1	134	2	65
1	160	2	65
1	162	2	65
1	172	2	65
1	209	2	65
1	215	2	65
1	226	2	65
1	238	2	65
1	242	2	65
1	243	2	65
1	257	2	65
1	261	2	65
1	265	2	65
1	294	2	65
1	329	2	65
1	334	2	65
1	341	2	65
1	385	2	65
1	402	2	65
1	414	2	65
1	420	2	65
1	446	2	65
1	454	2	65
1	465	2	65
1	476	2	65
1	481	2	65
1	493	2	65
1	498	2	65
1	499	2	65
2	20	2	65
2	22	2	65
2	27	2	65
2	28	2	65
2	37	2	65
2	50	2	65
2	57	2	65
2	87	2	65
2	106	2	65
2	109	2	65
2	134	2	65
2	135	2	65
2	139	2	65
2	154	2	65
2	162	2	65
2	164	2	65
2	169	2	65
2	181	2	65
2	192	2	65
2	226	2	65
2	230	2	65
2	232	2	65
2	250	2	65
2	260	2	65
2	261	2	65
2	264	2	65
2	292	2	65
2	323	2	65
2	325	2	65
2	359	2	65
2	363	2	65
2	430	2	65
2	433	2	65
2	435	2	65
2	443	2	65
2	493	2	65
2	494	2	65
2	502	2	65
3	1	2	65
3	8	2	65
3	132	2	65
3	154	2	65
3	168	2	65
3	175	2	65
3	176	2	65
3	199	2	65
3	207	2	65
3	228	2	65
3	233	2	65
3	255	2	65
3	282	2	65
3	331	2	65
3	333	2	65
3	342	2	65
3	354	2	65
3	357	2	65
3	373	2	65
3	399	2	65
3	403	2	65
3	430	2	65
3	444	2	65
3	476	2	65
3	495	2	65
4	5	2	65
4	27	2	65
4	74	2	65
4	104	2	65
4	115	2	65
4	131	2	65
4	169	2	65
4	175	2	65
4	196	2	65
4	216	2	65
4	222	2	65
4	245	2	65
4	265	2	65
4	295	2	65
4	296	2	65
4	306	2	65
4	307	2	65
4	345	2	65
4	389	2	65
4	399	2	65
4	414	2	65
4	417	2	65
4	423	2	65
4	428	2	65
4	440	2	65
4	449	2	65
4	471	2	65
4	480	2	65
4	495	2	65
4	501	2	65
4	507	2	65
5	7	2	65
5	15	2	65
5	27	2	65
5	29	2	65
5	47	2	65
5	61	2	65
5	79	2	65
5	82	2	65
5	85	2	65
5	96	2	65
5	109	2	65
5	110	2	65
5	115	2	65
5	120	2	65
5	125	2	65
5	134	2	65
5	136	2	65
5	169	2	65
5	204	2	65
5	206	2	65
5	279	2	65
5	311	2	65
5	319	2	65
5	358	2	65
5	373	2	65
5	405	2	65
5	416	2	65
5	424	2	65
5	456	2	65
5	497	2	65
6	1	2	65
6	3	2	65
6	6	2	65
6	39	2	65
6	40	2	65
6	44	2	65
6	45	2	65
6	47	2	65
6	52	2	65
6	59	2	65
6	87	2	65
6	111	2	65
6	120	2	65
6	126	2	65
6	129	2	65
6	142	2	65
6	152	2	65
6	161	2	65
6	164	2	65
6	166	2	65
6	170	2	65
6	180	2	65
6	188	2	65
6	213	2	65
6	226	2	65
6	272	2	65
6	284	2	65
6	292	2	65
6	299	2	65
6	310	2	65
6	356	2	65
6	357	2	65
6	359	2	65
6	371	2	65
6	389	2	65
6	391	2	65
6	394	2	65
6	395	2	65
6	407	2	65
6	431	2	65
6	441	2	65
6	476	2	65
6	486	2	65
6	505	2	65
7	0	2	65
7	10	2	65
7	29	2	65
7	31	2	65
7	37	2	65
7	38	2	65
7	44	2	65
7	52	2	65
7	62	2	65
7	72	2	65
7	92	2	65
7	95	2	65
7	120	2	65
7	139	2	65
7	152	2	65
7	161	2	65
7	164	2	65
7	165	2	65
7	168	2	65
7	195	2	65
7	214	2	65
7	221	2	65
7	239	2	65
7	250	2	65
7	267	2	65
7	268	2	65
7	297	2	65
7	318	2	65
7	351	2	65
7	354	2	65
7	359	2	65
7	374	2	65
7	390	2	65
7	396	2	65
7	457	2	65
7	472	2	65
7	493	2	65
8	3	2	65
8	14	2	65
8	64	2	65
8	73	2	65
8	83	2	65
8	104	2	65
8	111	2	65
8	138	2	65
8	146	2	65
8	148	2	65
8	166	2	65
8	268	2	65
8	304	2	65
8	316	2	65
8	318	2	65
8	331	2	65
8	353	2	65
8	373	2	65
8	383	2	65
8	386	2	65
8	405	2	65
8	419	2	65
8	424	2	65
8	426	2	65
8	427	2	65
8	432	2	65
8	468	2	65
8	470	2	65
8	509	2	65
9	16	2	65
9	34	2	65
9	40	2	65
9	41	2	65
9	82	2	65
9	87	2	65
9	126	2	65
9	157	2	65
9	161	2	65
9	172	2	65
9	187	2	65
9	191	2	65
9	218	2	65
9	229	2	65
9	239	2	65
9	245	2	65
9	252	2	65
9	259	2	65
9	274	2	65
9	291	2	65
9	313	2	65
9	325	2	65
9	332	2	65
9	346	2	65
9	359	2	65
9	368	2	65
9	424	2	65
9	483	2	65
9	502	2	65
10	3	2	65
10	31	2	65
10	32	2	65
10	60	2	65
10	79	2	65
10	97	2	65
10	152	2	65
10	153	2	65
10	218	2	65
10	238	2	65
10	240	2	65
10	280	2	65
10	288	2	65
10	315	2	65
10	330	2	65
10	357	2	65
10	362	2	65
10	376	2	65
10	415	2	65
10	443	2	65
10	473	2	65
11	36	2	65
11	53	2	65
11	62	2	65
11	76	2	65
11	87	2	65
11	103	2	65
11	126	2	65
11	154	2	65
11	180	2	65
11	256	2	65
11	269	2	65
11	335	2	65
11	371	2	65
11	394	2	65
11	395	2	65
11	455	2	65
11	496	2	65
12	6	2	65
12	10	2	65
12	20	2	65
12	27	2	65
12	28	2	65
12	51	2	65
12	91	2	65
12	121	2	65
12	135	2	65
12	136	2	65
12	144	2	65
12	156	2	65
12	160	2	65
12	165	2	65
12	176	2	65
12	192	2	65
12	206	2	65
12	221	2	65
12	231	2	65
12	248	2	65
12	264	2	65
12	287	2	65
12	305	2	65
12	351	2	65
12	352	2	65
12	378	2	65
12	401	2	65
12	406	2	65
12	409	2	65
12	416	2	65
12	429	2	65
12	442	2	65
12	448	2	65
12	460	2	65
12	477	2	65
12	493	2	65
12	495	2	65
12	497	2	65
12	506	2	65
12	511	2	65
13	57	2	65
13	77	2	65
13	81	2	65
13	118	2	65
13	219	2	65
13	222	2	65
13	245	2	65
13	250	2	65
13	276	2	65
13	283	2	65
13	294	2	65
13	360	2	65
13	367	2	65
13	446	2	65
13	466	2	65
13	481	2	65
13	485	2	65
13	487	2	65
13	491	2	65
13	504	2	65
14	1	2	65
14	36	2	65
14	48	2	65
14	87	2	65
14	88	2	65
14	96	2	65
14	126	2	65
14	127	2	65
14	130	2	65
14	183	2	65
14	189	2	65
14	196	2	65
14	275	2	65
14	280	2	65
14	296	2	65
14	320	2	65
14	335	2	65
14	354	2	65
14	365	2	65
14	385	2	65
14	392	2	65
14	430	2	65
14	484	2	65
14	488	2	65
14	496	2	65
14	498	2	65
15	37	2	65
15	103	2	65
15	107	2	65
15	156	2	65
15	174	2	65
15	178	2	65
15	185	2	65
15	255	2	65
15	283	2	65
15	302	2	65
15	325	2	65
15	343	2	65
15	356	2	65
15	362	2	65
15	389	2	65
15	398	2	65
15	449	2	65
15	474	2	65
15	477	2	65
15	505	2	65
16	12	2	65
16	32	2	65
16	41	2	65
16	115	2	65
16	149	2	65
16	180	2	65
16	187	2	65
16	220	2	65
16	255	2	65
16	256	2	65
16	283	2	65
16	330	2	65
16	341	2	65
16	369	2	65
16	382	2	65
16	405	2	65
16	419	2	65
16	424	2	65
16	439	2	65
16	472	2	65
16	501	2	65
17	12	2	65
17	48	2	65
17	50	2	65
17	72	2	65
17	74	2	65
17	81	2	65
17	88	2	65
17	101	2	65
17	102	2	65
17	120	2	65
17	143	2	65
17	152	2	65
17	155	2	65
17	172	2	65
17	193	2	65
17	211	2	65
17	252	2	65
17	290	2	65
17	296	2	65
17	309	2	65
17	329	2	65
17	345	2	65
17	347	2	65
17	349	2	65
17	355	2	65
17	381	2	65
17	410	2	65
17	422	2	65
17	437	2	65
17	440	2	65
17	453	2	65
17	457	2	65
17	482	2	65
18	5	2	65
18	6	2	65
18	21	2	65
18	35	2	65
18	51	2	65
18	69	2	65
18	70	2	65
18	91	2	65
18	96	2	65
18	106	2	65
18	108	2	65
18	116	2	65
18	117	2	65
18	139	2	65
18	154	2	65
18	157	2	65
18	178	2	65
18	180	2	65
18	235	2	65
18	240	2	65
18	246	2	65
18	255	2	65
18	275	2	65
18	286	2	65
18	291	2	65
18	306	2	65
18	314	2	65
18	319	2	65
18	330	2	65
18	395	2	65
18	399	2	65
18	418	2	65
18	449	2	65
18	464	2	65
18	486	2	65
18	487	2	65
18	506	2	65
19	26	2	65
19	34	2	65
19	45	2	65
19	50	2	65
19	63	2	65
19	73	2	65
19	88	2	65
19	96	2	65
19	100	2	65
19	124	2	65
19	145	2	65
19	159	2	65
19	161	2	65
19	197	2	65
19	245	2	65
19	254	2	65
19	259	2	65
19	273	2	65
19	335	2	65
19	338	2	65
19	364	2	65
19	375	2	65
19	388	2	65
19	429	2	65
19	430	2	65
19	436	2	65
19	444	2	65
19	456	2	65
19	483	2	65
19	510	2	65
20	2	2	65
20	8	2	65
20	34	2	65
20	42	2	65
20	82	2	65
20	115	2	65
20	120	2	65
20	122	2	65
20	128	2	65
20	189	2	65
20	226	2	65
20	228	2	65
20	252	2	65
20	272	2	65
20	274	2	65
20	279	2	65
20	297	2	65
20	369	2	65
20	407	2	65
20	429	2	65
20	440	2	65
20	441	2	65
20	444	2	65
20	445	2	65
20	480	2	65
20	495	2	65
21	3	2	65
21	5	2	65
21	12	2	65
21	18	2	65
21	24	2	65
21	43	2	65
21	53	2	65
21	54	2	65
21	154	2	65
21	166	2	65
21	167	2	65
21	176	2	65
21	181	2	65
21	187	2	65
21	211	2	65
21	235	2	65
21	248	2	65
21	261	2	65
21	282	2	65
21	283	2	65
21	286	2	65
21	290	2	65
21	293	2	65
21	296	2	65
21	346	2	65
21	359	2	65
21	387	2	65
21	392	2	65
21	396	2	65
21	454	2	65
21	464	2	65
21	472	2	65
21	508	2	65
22	16	2	65
22	40	2	65
22	50	2	65
22	51	2	65
22	92	2	65
22	102	2	65
22	107	2	65
22	112	2	65
22	115	2	65
22	119	2	65
22	125	2	65
22	162	2	65
22	177	2	65
22	186	2	65
22	194	2	65
22	201	2	65
22	221	2	65
22	222	2	65
22	237	2	65
22	242	2	65
22	257	2	65
22	271	2	65
22	273	2	65
22	275	2	65
22	290	2	65
22	301	2	65
22	305	2	65
22	308	2	65
22	310	2	65
22	321	2	65
22	334	2	65
22	351	2	65
22	383	2	65
22	401	2	65
22	409	2	65
22	415	2	65
22	422	2	65
22	425	2	65
22	426	2	65
22	440	2	65
22	441	2	65
22	444	2	65
22	453	2	65
22	461	2	65
22	465	2	65
22	470	2	65
22	471	2	65
22	495	2	65
22	503	2	65
22	504	2	65
22	506	2	65
23	0	2	65
23	21	2	65
23	23	2	65
23	52	2	65
23	71	2	65
23	81	2	65
23	91	2	65
23	100	2	65
23	164	2	65
23	176	2	65
23	191	2	65
23	256	2	65
23	269	2	65
23	299	2	65
23	302	2	65
23	331	2	65
23	332	2	65
23	366	2	65
23	379	2	65
23	384	2	65
23	390	2	65
23	446	2	65
23	453	2	65
23	465	2	65
23	477	2	65
23	480	2	65
23	486	2	65
24	4	2	65
24	22	2	65
24	35	2	65
24	59	2	65
24	95	2	65
24	104	2	65
24	127	2	65
24	131	2	65
24	138	2	65
24	146	2	65
24	154	2	65
24	170	2	65
24	186	2	65
24	191	2	65
24	208	2	65
24	239	2	65
24	260	2	65
24	263	2	65
24	268	2	65
24	301	2	65
24	304	2	65
24	331	2	65
24	342	2	65
24	349	2	65
24	353	2	65
24	356	2	65
24	373	2	65
24	381	2	65
24	383	2	65
24	419	2	65
24	421	2	65
24	426	2	65
24	432	2	65
24	446	2	65
24	448	2	65
24	470	2	65
24	487	2	65
24	505	2	65
25	11	2	65
25	40	2	65
25	44	2	65
25	45	2	65
25	71	2	65
25	103	2	65
25	106	2	65
25	130	2	65
25	155	2	65
25	229	2	65
25	232	2	65
25	242	2	65
25	274	2	65
25	286	2	65
25	303	2	65
25	308	2	65
25	332	2	65
25	335	2	65
25	363	2	65
25	370	2	65
25	391	2	65
25	424	2	65
25	429	2	65
25	439	2	65
25	460	2	65
25	475	2	65
25	479	2	65
26	14	2	65
26	23	2	65
26	32	2	65
26	79	2	65
26	120	2	65
26	125	2	65
26	126	2	65
26	143	2	65
26	176	2	65
26	178	2	65
26	187	2	65
26	206	2	65
26	211	2	65
26	236	2	65
26	265	2	65
26	291	2	65
26	303	2	65
26	311	2	65
26	330	2	65
26	362	2	65
26	363	2	65
26	389	2	65
26	408	2	65
26	415	2	65
26	419	2	65
27	38	2	65
27	53	2	65
27	65	2	65
27	86	2	65
27	98	2	65
27	104	2	65
27	124	2	65
27	128	2	65
27	132	2	65
27	145	2	65
27	149	2	65
27	153	2	65
27	198	2	65
27	211	2	65
27	221	2	65
27	307	2	65
27	323	2	65
27	325	2	65
27	328	2	65
27	356	2	65
27	387	2	65
27	413	2	65
27	422	2	65
27	455	2	65
28	1	2	65
28	2	2	65
28	23	2	65
28	71	2	65
28	83	2	65
28	94	2	65
28	111	2	65
28	136	2	65
28	141	2	65
28	144	2	65
28	154	2	65
28	161	2	65
28	165	2	65
28	173	2	65
28	176	2	65
28	189	2	65
28	229	2	65
28	246	2	65
28	248	2	65
28	283	2	65
28	294	2	65
28	310	2	65
28	312	2	65
28	318	2	65
28	326	2	65
28	348	2	65
28	351	2	65
28	379	2	65
28	395	2	65
28	401	2	65
28	406	2	65
28	409	2	65
28	418	2	65
28	429	2	65
28	443	2	65
28	453	2	65
28	459	2	65
28	463	2	65
28	490	2	65
28	497	2	65
28	506	2	65
29	2	2	65
29	26	2	65
29	82	2	65
29	86	2	65
29	115	2	65
29	119	2	65
29	145	2	65
29	154	2	65
29	173	2	65
29	194	2	65
29	226	2	65
29	245	2	65
29	253	2	65
29	262	2	65
29	268	2	65
29	315	2	65
29	325	2	65
29	334	2	65
29	344	2	65
29	357	2	65
29	374	2	65
29	389	2	65
29	400	2	65
29	420	2	65
29	427	2	65
29	446	2	65
29	460	2	65
29	466	2	65
29	504	2	65
30	1	2	65
30	6	2	65
30	36	2	65
30	37	2	65
30	69	2	65
30	82	2	65
30	97	2	65
30	122	2	65
30	125	2	65
30	168	2	65
30	176	2	65
30	181	2	65
30	187	2	65
30	196	2	65
30	207	2	65
30	208	2	65
30	224	2	65
30	241	2	65
30	296	2	65
30	312	2	65
30	328	2	65
30	335	2	65
30	344	2	65
30	354	2	65
30	360	2	65
30	387	2	65
30	411	2	65
30	420	2	65
30	424	2	65
30	441	2	65
30	476	2	65
30	489	2	65
30	490	2	65
30	501	2	65
31	55	2	65
31	61	2	65
31	89	2	65
31	107	2	65
31	136	2	65
31	245	2	65
31	283	2	65
31	315	2	65
31	389	2	65
31	424	2	65
31	472	2	65
32	12	2	65
32	17	2	65
32	71	2	65
32	84	2	65
32	91	2	65
32	117	2	65
32	187	2	65
32	283	2	65
32	377	2	65
32	391	2	65
32	479	2	65
33	25	2	65
33	40	2	65
33	42	2	65
33	69	2	65
33	90	2	65
33	95	2	65
33	102	2	65
33	113	2	65
33	118	2	65
33	120	2	65
33	121	2	65
33	126	2	65
33	130	2	65
33	172	2	65
33	187	2	65
33	303	2	65
33	328	2	65
33	337	2	65
33	349	2	65
33	371	2	65
33	387	2	65
33	388	2	65
33	432	2	65
33	440	2	65
33	457	2	65
33	482	2	65
33	492	2	65
33	497	2	65
33	510	2	65
34	6	2	65
34	62	2	65
34	70	2	65
34	76	2	65
34	93	2	65
34	106	2	65
34	127	2	65
34	139	2	65
34	140	2	65
34	152	2	65
34	165	2	65
34	180	2	65
34	189	2	65
34	213	2	65
34	216	2	65
34	234	2	65
34	235	2	65
34	240	2	65
34	250	2	65
34	255	2	65
34	258	2	65
34	275	2	65
34	337	2	65
34	349	2	65
34	353	2	65
34	388	2	65
34	390	2	65
34	395	2	65
34	407	2	65
34	418	2	65
34	419	2	65
34	436	2	65
34	437	2	65
34	445	2	65
34	464	2	65
34	486	2	65
34	506	2	65
34	510	2	65
35	20	2	65
35	22	2	65
35	26	2	65
35	34	2	65
35	61	2	65
35	81	2	65
35	84	2	65
35	103	2	65
35	124	2	65
35	138	2	65
35	142	2	65
35	145	2	65
35	157	2	65
35	176	2	65
35	197	2	65
35	208	2	65
35	221	2	65
35	223	2	65
35	232	2	65
35	239	2	65
35	246	2	65
35	253	2	65
35	277	2	65
35	282	2	65
35	307	2	65
35	316	2	65
35	329	2	65
35	364	2	65
35	366	2	65
35	368	2	65
35	383	2	65
35	403	2	65
35	413	2	65
35	453	2	65
35	466	2	65
35	482	2	65
35	483	2	65
35	489	2	65
35	510	2	65
36	18	2	65
36	39	2	65
36	104	2	65
36	107	2	65
36	125	2	65
36	147	2	65
36	202	2	65
36	215	2	65
36	225	2	65
36	243	2	65
36	272	2	65
36	291	2	65
36	327	2	65
36	336	2	65
36	348	2	65
36	407	2	65
36	412	2	65
36	413	2	65
36	429	2	65
36	440	2	65
36	441	2	65
36	444	2	65
36	451	2	65
36	468	2	65
36	497	2	65
36	508	2	65
37	3	2	65
37	5	2	65
37	9	2	65
37	11	2	65
37	43	2	65
37	54	2	65
37	56	2	65
37	79	2	65
37	81	2	65
37	107	2	65
37	120	2	65
37	121	2	65
37	142	2	65
37	162	2	65
37	167	2	65
37	208	2	65
37	226	2	65
37	271	2	65
37	286	2	65
37	287	2	65
37	288	2	65
37	298	2	65
37	300	2	65
37	303	2	65
37	306	2	65
37	307	2	65
37	315	2	65
37	384	2	65
37	394	2	65
37	396	2	65
37	425	2	65
37	454	2	65
37	479	2	65
38	6	2	65
38	16	2	65
38	50	2	65
38	51	2	65
38	57	2	65
38	74	2	65
38	102	2	65
38	104	2	65
38	112	2	65
38	115	2	65
38	122	2	65
38	125	2	65
38	142	2	65
38	145	2	65
38	170	2	65
38	180	2	65
38	186	2	65
38	222	2	65
38	234	2	65
38	237	2	65
38	243	2	65
38	266	2	65
38	276	2	65
38	290	2	65
38	292	2	65
38	300	2	65
38	301	2	65
38	308	2	65
38	342	2	65
38	351	2	65
38	355	2	65
38	357	2	65
38	372	2	65
38	375	2	65
38	378	2	65
38	406	2	65
38	409	2	65
38	419	2	65
38	424	2	65
38	426	2	65
38	431	2	65
38	440	2	65
38	446	2	65
38	453	2	65
38	458	2	65
38	461	2	65
38	465	2	65
38	470	2	65
38	471	2	65
38	495	2	65
38	499	2	65
38	504	2	65
39	19	2	65
39	21	2	65
39	24	2	65
39	36	2	65
39	45	2	65
39	54	2	65
39	71	2	65
39	73	2	65
39	82	2	65
39	104	2	65
39	132	2	65
39	155	2	65
39	171	2	65
39	194	2	65
39	237	2	65
39	299	2	65
39	332	2	65
39	389	2	65
39	390	2	65
39	404	2	65
39	430	2	65
39	443	2	65
39	454	2	65
39	465	2	65
39	470	2	65
39	486	2	65
40	4	2	65
40	44	2	65
40	51	2	65
40	102	2	65
40	158	2	65
40	186	2	65
40	229	2	65
40	239	2	65
40	244	2	65
40	253	2	65
40	266	2	65
40	282	2	65
40	311	2	65
40	314	2	65
40	315	2	65
40	332	2	65
40	335	2	65
40	340	2	65
40	356	2	65
40	358	2	65
40	365	2	65
40	382	2	65
40	421	2	65
40	425	2	65
40	470	2	65
41	10	2	65
41	40	2	65
41	49	2	65
41	50	2	65
41	54	2	65
41	100	2	65
41	125	2	65
41	151	2	65
41	157	2	65
41	162	2	65
41	175	2	65
41	243	2	65
41	252	2	65
41	253	2	65
41	256	2	65
41	260	2	65
41	261	2	65
41	264	2	65
41	283	2	65
41	331	2	65
41	363	2	65
41	385	2	65
41	426	2	65
41	430	2	65
41	475	2	65
41	481	2	65
41	485	2	65
41	501	2	65
41	507	2	65
42	6	2	65
42	15	2	65
42	21	2	65
42	33	2	65
42	44	2	65
42	55	2	65
42	56	2	65
42	68	2	65
42	74	2	65
42	79	2	65
42	119	2	65
42	132	2	65
42	137	2	65
42	141	2	65
42	185	2	65
42	211	2	65
42	214	2	65
42	220	2	65
42	225	2	65
42	232	2	65
42	234	2	65
42	235	2	65
42	248	2	65
42	268	2	65
42	278	2	65
42	283	2	65
42	294	2	65
42	296	2	65
42	300	2	65
42	303	2	65
42	306	2	65
42	341	2	65
42	351	2	65
42	365	2	65
42	379	2	65
42	392	2	65
42	403	2	65
42	426	2	65
42	435	2	65
42	457	2	65
43	2	2	65
43	14	2	65
43	15	2	65
43	30	2	65
43	79	2	65
43	156	2	65
43	161	2	65
43	192	2	65
43	236	2	65
43	297	2	65
43	331	2	65
43	332	2	65
43	346	2	65
43	366	2	65
43	377	2	65
43	380	2	65
43	391	2	65
43	449	2	65
43	455	2	65
43	458	2	65
43	475	2	65
43	483	2	65
43	499	2	65
44	27	2	65
44	30	2	65
44	34	2	65
44	73	2	65
44	77	2	65
44	85	2	65
44	90	2	65
44	111	2	65
44	136	2	65
44	141	2	65
44	145	2	65
44	162	2	65
44	172	2	65
44	190	2	65
44	194	2	65
44	225	2	65
44	234	2	65
44	241	2	65
44	262	2	65
44	269	2	65
44	283	2	65
44	293	2	65
44	300	2	65
44	301	2	65
44	337	2	65
44	339	2	65
44	344	2	65
44	366	2	65
44	387	2	65
44	395	2	65
44	454	2	65
44	489	2	65
44	491	2	65
44	492	2	65
45	7	2	65
45	12	2	65
45	63	2	65
45	66	2	65
45	103	2	65
45	126	2	65
45	145	2	65
45	162	2	65
45	172	2	65
45	186	2	65
45	188	2	65
45	199	2	65
45	207	2	65
45	235	2	65
45	253	2	65
45	264	2	65
45	313	2	65
45	354	2	65
45	405	2	65
45	442	2	65
45	452	2	65
45	454	2	65
45	473	2	65
45	479	2	65
46	36	2	65
46	53	2	65
46	54	2	65
46	67	2	65
46	110	2	65
46	112	2	65
46	115	2	65
46	124	2	65
46	161	2	65
46	195	2	65
46	196	2	65
46	221	2	65
46	245	2	65
46	248	2	65
46	256	2	65
46	266	2	65
46	268	2	65
46	303	2	65
46	331	2	65
46	334	2	65
46	387	2	65
46	405	2	65
46	406	2	65
46	431	2	65
46	446	2	65
46	461	2	65
46	484	2	65
46	490	2	65
46	491	2	65
46	492	2	65
46	493	2	65
46	505	2	65
0	2	3	65
0	9	3	65
0	24	3	65
0	36	3	65
0	37	3	65
0	49	3	65
0	54	3	65
0	64	3	65
0	88	3	65
0	120	3	65
0	132	3	65
0	138	3	65
0	142	3	65
0	148	3	65
0	149	3	65
0	150	3	65
0	156	3	65
0	160	3	65
0	168	3	65
0	171	3	65
0	186	3	65
0	187	3	65
0	205	3	65
0	219	3	65
0	261	3	65
0	282	3	65
0	293	3	65
0	301	3	65
0	304	3	65
0	319	3	65
0	321	3	65
0	330	3	65
0	360	3	65
0	367	3	65
0	371	3	65
0	380	3	65
0	412	3	65
0	435	3	65
0	481	3	65
1	3	3	65
1	6	3	65
1	32	3	65
1	57	3	65
1	59	3	65
1	61	3	65
1	68	3	65
1	80	3	65
1	112	3	65
1	115	3	65
1	125	3	65
1	132	3	65
1	143	3	65
1	164	3	65
1	184	3	65
1	274	3	65
1	302	3	65
1	352	3	65
1	370	3	65
1	389	3	65
1	427	3	65
1	431	3	65
1	440	3	65
1	471	3	65
1	505	3	65
2	83	3	65
2	97	3	65
2	130	3	65
2	142	3	65
2	168	3	65
2	198	3	65
2	207	3	65
2	213	3	65
2	237	3	65
2	238	3	65
2	249	3	65
2	286	3	65
2	303	3	65
2	312	3	65
2	315	3	65
2	351	3	65
2	364	3	65
2	437	3	65
2	496	3	65
2	500	3	65
3	82	3	65
3	87	3	65
3	103	3	65
3	108	3	65
3	216	3	65
3	264	3	65
3	268	3	65
3	269	3	65
3	385	3	65
3	455	3	65
3	465	3	65
3	469	3	65
4	130	3	65
4	153	3	65
4	161	3	65
4	233	3	65
4	310	3	65
4	316	3	65
4	359	3	65
4	386	3	65
5	2	3	65
5	14	3	65
5	21	3	65
5	52	3	65
5	56	3	65
5	68	3	65
5	74	3	65
5	107	3	65
5	158	3	65
5	185	3	65
5	202	3	65
5	241	3	65
5	258	3	65
5	263	3	65
5	273	3	65
5	284	3	65
5	286	3	65
5	292	3	65
5	324	3	65
5	357	3	65
5	476	3	65
6	26	3	65
6	77	3	65
6	79	3	65
6	108	3	65
6	114	3	65
6	121	3	65
6	145	3	65
6	147	3	65
6	150	3	65
6	168	3	65
6	201	3	65
6	207	3	65
6	212	3	65
6	237	3	65
6	253	3	65
6	254	3	65
6	259	3	65
6	264	3	65
6	267	3	65
6	280	3	65
6	290	3	65
6	296	3	65
6	313	3	65
6	318	3	65
6	331	3	65
6	342	3	65
6	372	3	65
6	378	3	65
6	382	3	65
6	383	3	65
6	384	3	65
6	409	3	65
6	417	3	65
6	419	3	65
6	435	3	65
6	452	3	65
6	468	3	65
6	471	3	65
6	481	3	65
7	20	3	65
7	33	3	65
7	41	3	65
7	51	3	65
7	61	3	65
7	71	3	65
7	75	3	65
7	86	3	65
7	116	3	65
7	132	3	65
7	143	3	65
7	148	3	65
7	160	3	65
7	166	3	65
7	170	3	65
7	174	3	65
7	255	3	65
7	269	3	65
7	274	3	65
7	302	3	65
7	325	3	65
7	418	3	65
7	423	3	65
7	437	3	65
7	449	3	65
7	467	3	65
7	494	3	65
8	13	3	65
8	32	3	65
8	113	3	65
8	132	3	65
8	151	3	65
8	170	3	65
8	186	3	65
8	189	3	65
8	275	3	65
8	284	3	65
8	399	3	65
8	422	3	65
9	45	3	65
9	48	3	65
9	209	3	65
9	214	3	65
9	321	3	65
9	391	3	65
9	416	3	65
9	439	3	65
9	443	3	65
9	498	3	65
10	33	3	65
10	112	3	65
10	119	3	65
10	143	3	65
10	223	3	65
10	231	3	65
10	248	3	65
10	251	3	65
10	252	3	65
10	253	3	65
10	310	3	65
10	370	3	65
10	380	3	65
10	405	3	65
10	424	3	65
10	432	3	65
10	442	3	65
10	446	3	65
10	457	3	65
10	487	3	65
11	73	3	65
11	137	3	65
11	148	3	65
11	177	3	65
11	197	3	65
11	235	3	65
11	287	3	65
11	361	3	65
11	364	3	65
11	387	3	65
11	389	3	65
11	392	3	65
11	429	3	65
11	442	3	65
11	474	3	65
12	29	3	65
12	98	3	65
12	120	3	65
12	127	3	65
12	151	3	65
12	189	3	65
12	243	3	65
12	246	3	65
12	265	3	65
12	298	3	65
12	300	3	65
12	301	3	65
12	307	3	65
12	318	3	65
12	355	3	65
12	395	3	65
12	408	3	65
12	443	3	65
12	463	3	65
13	26	3	65
13	30	3	65
13	92	3	65
13	157	3	65
13	233	3	65
13	274	3	65
13	277	3	65
13	304	3	65
13	312	3	65
13	321	3	65
13	348	3	65
13	384	3	65
14	69	3	65
14	80	3	65
14	84	3	65
14	95	3	65
14	208	3	65
14	231	3	65
14	285	3	65
14	311	3	65
14	314	3	65
14	321	3	65
14	344	3	65
14	351	3	65
14	360	3	65
14	383	3	65
14	390	3	65
14	420	3	65
14	424	3	65
14	472	3	65
14	476	3	65
14	489	3	65
15	51	3	65
15	169	3	65
15	188	3	65
15	200	3	65
15	218	3	65
16	52	3	65
16	91	3	65
16	132	3	65
16	146	3	65
16	189	3	65
16	223	3	65
16	254	3	65
16	277	3	65
16	286	3	65
16	470	3	65
17	0	3	65
17	187	3	65
17	246	3	65
17	285	3	65
17	299	3	65
17	302	3	65
17	328	3	65
17	337	3	65
17	425	3	65
17	460	3	65
17	462	3	65
17	463	3	65
18	11	3	65
18	29	3	65
18	62	3	65
18	63	3	65
18	82	3	65
18	93	3	65
18	127	3	65
18	140	3	65
18	165	3	65
18	170	3	65
18	188	3	65
18	213	3	65
18	216	3	65
18	227	3	65
18	258	3	65
18	282	3	65
18	302	3	65
18	390	3	65
18	434	3	65
18	436	3	65
18	437	3	65
18	443	3	65
18	466	3	65
18	475	3	65
18	483	3	65
18	503	3	65
18	510	3	65
19	7	3	65
19	14	3	65
19	15	3	65
19	49	3	65
19	61	3	65
19	62	3	65
19	92	3	65
19	134	3	65
19	138	3	65
19	223	3	65
19	246	3	65
19	281	3	65
19	291	3	65
19	313	3	65
19	385	3	65
19	468	3	65
19	503	3	65
19	507	3	65
20	20	3	65
20	26	3	65
20	39	3	65
20	53	3	65
20	63	3	65
20	78	3	65
20	86	3	65
20	90	3	65
20	104	3	65
20	109	3	65
20	136	3	65
20	138	3	65
20	162	3	65
20	202	3	65
20	217	3	65
20	219	3	65
20	251	3	65
20	284	3	65
20	291	3	65
20	336	3	65
20	394	3	65
20	413	3	65
20	439	3	65
20	451	3	65
20	454	3	65
20	467	3	65
20	468	3	65
20	474	3	65
20	487	3	65
20	497	3	65
20	507	3	65
21	10	3	65
21	33	3	65
21	41	3	65
21	46	3	65
21	88	3	65
21	97	3	65
21	118	3	65
21	140	3	65
21	164	3	65
21	189	3	65
21	223	3	65
21	229	3	65
21	266	3	65
21	271	3	65
21	297	3	65
21	311	3	65
21	407	3	65
21	417	3	65
21	436	3	65
21	458	3	65
21	465	3	65
21	470	3	65
21	474	3	65
21	505	3	65
22	10	3	65
22	43	3	65
22	74	3	65
22	96	3	65
22	122	3	65
22	136	3	65
22	145	3	65
22	150	3	65
22	160	3	65
22	165	3	65
22	192	3	65
22	276	3	65
22	279	3	65
22	283	3	65
22	303	3	65
22	377	3	65
22	390	3	65
22	394	3	65
22	400	3	65
22	406	3	65
22	414	3	65
22	424	3	65
22	434	3	65
22	457	3	65
22	489	3	65
22	501	3	65
23	78	3	65
23	89	3	65
23	106	3	65
23	185	3	65
23	235	3	65
23	262	3	65
23	270	3	65
23	325	3	65
23	336	3	65
23	354	3	65
23	393	3	65
24	60	3	65
24	61	3	65
24	126	3	65
24	217	3	65
24	269	3	65
24	275	3	65
24	279	3	65
24	322	3	65
24	361	3	65
24	386	3	65
24	424	3	65
24	440	3	65
25	32	3	65
25	73	3	65
25	135	3	65
25	172	3	65
25	239	3	65
25	322	3	65
25	398	3	65
25	443	3	65
25	466	3	65
25	483	3	65
26	117	3	65
26	119	3	65
26	146	3	65
26	167	3	65
26	204	3	65
26	252	3	65
26	278	3	65
26	300	3	65
26	310	3	65
26	370	3	65
26	378	3	65
26	402	3	65
26	433	3	65
26	442	3	65
26	444	3	65
26	446	3	65
26	471	3	65
26	473	3	65
26	494	3	65
27	17	3	65
27	72	3	65
27	73	3	65
27	110	3	65
27	126	3	65
27	130	3	65
27	141	3	65
27	188	3	65
27	344	3	65
27	370	3	65
27	392	3	65
27	425	3	65
27	429	3	65
27	474	3	65
28	10	3	65
28	20	3	65
28	27	3	65
28	35	3	65
28	76	3	65
28	98	3	65
28	101	3	65
28	134	3	65
28	206	3	65
28	221	3	65
28	243	3	65
28	265	3	65
28	287	3	65
28	307	3	65
28	378	3	65
28	397	3	65
28	400	3	65
28	404	3	65
28	408	3	65
28	410	3	65
28	416	3	65
28	457	3	65
28	477	3	65
28	495	3	65
29	30	3	65
29	35	3	65
29	77	3	65
29	85	3	65
29	92	3	65
29	113	3	65
29	134	3	65
29	170	3	65
29	175	3	65
29	209	3	65
29	215	3	65
29	233	3	65
29	248	3	65
29	250	3	65
29	294	3	65
29	304	3	65
29	321	3	65
29	327	3	65
29	355	3	65
29	381	3	65
29	384	3	65
29	392	3	65
29	417	3	65
29	488	3	65
29	491	3	65
29	496	3	65
30	17	3	65
30	29	3	65
30	48	3	65
30	49	3	65
30	183	3	65
30	236	3	65
30	257	3	65
30	266	3	65
30	283	3	65
30	351	3	65
30	383	3	65
30	390	3	65
30	416	3	65
30	425	3	65
30	430	3	65
30	437	3	65
30	451	3	65
30	472	3	65
30	495	3	65
30	496	3	65
30	498	3	65
30	510	3	65
31	68	3	65
31	73	3	65
31	169	3	65
31	173	3	65
31	218	3	65
31	232	3	65
31	262	3	65
31	306	3	65
31	394	3	65
31	448	3	65
31	486	3	65
31	508	3	65
32	44	3	65
32	175	3	65
32	277	3	65
32	341	3	65
32	393	3	65
32	405	3	65
33	28	3	65
33	53	3	65
33	70	3	65
33	88	3	65
33	101	3	65
33	152	3	65
33	184	3	65
33	199	3	65
33	211	3	65
33	214	3	65
33	296	3	65
33	345	3	65
33	419	3	65
33	426	3	65
33	443	3	65
33	463	3	65
34	5	3	65
34	21	3	65
34	26	3	65
34	34	3	65
34	117	3	65
34	131	3	65
34	151	3	65
34	170	3	65
34	178	3	65
34	179	3	65
34	282	3	65
34	298	3	65
34	299	3	65
34	314	3	65
34	326	3	65
34	333	3	65
34	434	3	65
34	449	3	65
34	483	3	65
34	503	3	65
35	7	3	65
35	62	3	65
35	118	3	65
35	147	3	65
35	160	3	65
35	183	3	65
35	227	3	65
35	228	3	65
35	291	3	65
35	292	3	65
35	345	3	65
35	385	3	65
35	414	3	65
35	422	3	65
35	424	3	65
35	436	3	65
35	456	3	65
35	469	3	65
35	507	3	65
36	16	3	65
36	26	3	65
36	34	3	65
36	45	3	65
36	47	3	65
36	95	3	65
36	179	3	65
36	228	3	65
36	247	3	65
36	251	3	65
36	255	3	65
36	265	3	65
36	284	3	65
36	296	3	65
36	300	3	65
36	313	3	65
36	423	3	65
36	467	3	65
36	495	3	65
36	507	3	65
37	18	3	65
37	22	3	65
37	25	3	65
37	46	3	65
37	88	3	65
37	104	3	65
37	148	3	65
37	152	3	65
37	154	3	65
37	166	3	65
37	187	3	65
37	199	3	65
37	282	3	65
37	387	3	65
37	398	3	65
37	440	3	65
37	464	3	65
37	465	3	65
37	474	3	65
38	43	3	65
38	136	3	65
38	150	3	65
38	160	3	65
38	165	3	65
38	179	3	65
38	192	3	65
38	215	3	65
38	221	3	65
38	225	3	65
38	271	3	65
38	279	3	65
38	281	3	65
38	283	3	65
38	293	3	65
38	303	3	65
38	321	3	65
38	334	3	65
38	341	3	65
38	374	3	65
38	383	3	65
38	399	3	65
38	413	3	65
38	414	3	65
38	434	3	65
38	444	3	65
38	457	3	65
38	498	3	65
38	503	3	65
39	120	3	65
39	192	3	65
39	234	3	65
39	235	3	65
39	275	3	65
39	290	3	65
39	338	3	65
39	388	3	65
39	414	3	65
40	25	3	65
40	61	3	65
40	115	3	65
40	122	3	65
40	153	3	65
40	164	3	65
40	183	3	65
40	201	3	65
40	250	3	65
40	300	3	65
40	308	3	65
40	341	3	65
40	463	3	65
41	9	3	65
41	46	3	65
41	51	3	65
41	77	3	65
41	104	3	65
41	163	3	65
41	170	3	65
41	217	3	65
41	245	3	65
41	259	3	65
41	304	3	65
41	369	3	65
41	404	3	65
41	494	3	65
42	4	3	65
42	17	3	65
42	22	3	65
42	47	3	65
42	75	3	65
42	77	3	65
42	87	3	65
42	95	3	65
42	108	3	65
42	194	3	65
42	205	3	65
42	237	3	65
42	261	3	65
42	272	3	65
42	287	3	65
42	322	3	65
42	369	3	65
42	396	3	65
42	425	3	65
42	428	3	65
42	430	3	65
42	432	3	65
42	448	3	65
42	499	3	65
43	71	3	65
43	110	3	65
43	149	3	65
43	181	3	65
43	207	3	65
43	234	3	65
43	244	3	65
43	256	3	65
43	310	3	65
43	340	3	65
43	431	3	65
43	476	3	65
43	491	3	65
43	498	3	65
44	33	3	65
44	79	3	65
44	105	3	65
44	106	3	65
44	148	3	65
44	196	3	65
44	207	3	65
44	248	3	65
44	307	3	65
44	364	3	65
44	394	3	65
44	441	3	65
45	49	3	65
45	90	3	65
45	200	3	65
45	201	3	65
45	210	3	65
45	231	3	65
45	241	3	65
45	270	3	65
45	282	3	65
45	299	3	65
45	316	3	65
45	365	3	65
45	373	3	65
45	429	3	65
45	450	3	65
45	488	3	65
45	498	3	65
45	500	3	65
46	11	3	65
46	30	3	65
46	70	3	65
46	80	3	65
46	90	3	65
46	104	3	65
46	162	3	65
46	192	3	65
46	230	3	65
46	239	3	65
46	290	3	65
46	293	3	65
46	299	3	65
46	300	3	65
46	322	3	65
46	357	3	65
46	393	3	65
46	409	3	65
46	412	3	65
46	457	3	65
46	502	3	65
0	10	4	65
0	44	4	65
0	90	4	65
0	136	4	65
0	162	4	65
0	211	4	65
0	214	4	65
0	228	4	65
0	249	4	65
0	265	4	65
0	289	4	65
0	294	4	65
0	312	4	65
0	338	4	65
0	384	4	65
0	392	4	65
0	415	4	65
0	430	4	65
0	470	4	65
0	485	4	65
1	48	4	65
1	128	4	65
1	135	4	65
1	176	4	65
1	189	4	65
1	206	4	65
1	211	4	65
1	287	4	65
1	305	4	65
1	306	4	65
1	316	4	65
1	319	4	65
1	342	4	65
1	368	4	65
1	403	4	65
1	447	4	65
1	475	4	65
1	477	4	65
1	484	4	65
2	71	4	65
2	96	4	65
2	105	4	65
2	112	4	65
2	137	4	65
2	196	4	65
2	251	4	65
2	295	4	65
2	317	4	65
2	322	4	65
2	393	4	65
2	417	4	65
2	497	4	65
2	511	4	65
3	188	4	65
3	220	4	65
3	235	4	65
3	363	4	65
3	450	4	65
3	490	4	65
4	85	4	65
4	96	4	65
4	329	4	65
4	357	4	65
4	358	4	65
4	377	4	65
4	409	4	65
5	34	4	65
5	54	4	65
5	80	4	65
5	118	4	65
5	146	4	65
5	187	4	65
5	190	4	65
5	247	4	65
5	283	4	65
5	293	4	65
5	294	4	65
5	322	4	65
5	326	4	65
5	382	4	65
5	415	4	65
5	420	4	65
5	475	4	65
6	24	4	65
6	50	4	65
6	63	4	65
6	138	4	65
6	179	4	65
6	224	4	65
6	234	4	65
6	243	4	65
6	248	4	65
6	256	4	65
6	258	4	65
6	349	4	65
6	385	4	65
6	495	4	65
7	8	4	65
7	21	4	65
7	60	4	65
7	94	4	65
7	135	4	65
7	167	4	65
7	169	4	65
7	171	4	65
7	187	4	65
7	190	4	65
7	199	4	65
7	206	4	65
7	228	4	65
7	235	4	65
7	283	4	65
7	322	4	65
7	323	4	65
7	334	4	65
7	363	4	65
7	422	4	65
7	424	4	65
7	427	4	65
7	432	4	65
8	59	4	65
8	86	4	65
8	105	4	65
8	112	4	65
8	126	4	65
8	127	4	65
8	169	4	65
8	181	4	65
8	191	4	65
8	207	4	65
8	239	4	65
8	272	4	65
8	307	4	65
8	322	4	65
8	351	4	65
8	355	4	65
8	369	4	65
9	11	4	65
9	44	4	65
9	302	4	65
9	337	4	65
10	82	4	65
10	87	4	65
10	278	4	65
10	317	4	65
10	332	4	65
10	345	4	65
10	355	4	65
10	378	4	65
10	402	4	65
10	475	4	65
10	490	4	65
11	17	4	65
11	166	4	65
11	168	4	65
11	187	4	65
11	277	4	65
11	312	4	65
11	382	4	65
11	383	4	65
11	424	4	65
11	438	4	65
11	446	4	65
11	500	4	65
12	38	4	65
12	76	4	65
12	155	4	65
12	242	4	65
12	267	4	65
12	278	4	65
12	363	4	65
12	400	4	65
12	404	4	65
12	410	4	65
12	413	4	65
12	505	4	65
13	119	4	65
13	248	4	65
13	338	4	65
13	455	4	65
13	458	4	65
13	486	4	65
14	17	4	65
14	34	4	65
14	65	4	65
14	142	4	65
14	288	4	65
14	300	4	65
14	439	4	65
14	451	4	65
15	34	4	65
15	71	4	65
15	100	4	65
15	211	4	65
15	216	4	65
15	324	4	65
15	486	4	65
15	508	4	65
16	175	4	65
16	333	4	65
16	391	4	65
16	440	4	65
17	47	4	65
17	173	4	65
17	199	4	65
17	208	4	65
17	215	4	65
17	238	4	65
17	266	4	65
17	303	4	65
17	386	4	65
17	432	4	65
17	454	4	65
18	0	4	65
18	43	4	65
18	103	4	65
18	151	4	65
18	156	4	65
18	183	4	65
18	185	4	65
18	212	4	65
18	220	4	65
18	283	4	65
18	293	4	65
18	347	4	65
19	1	4	65
19	31	4	65
19	82	4	65
19	101	4	65
19	103	4	65
19	147	4	65
19	160	4	65
19	221	4	65
19	226	4	65
19	227	4	65
19	262	4	65
19	314	4	65
19	316	4	65
19	327	4	65
19	360	4	65
19	373	4	65
19	407	4	65
19	408	4	65
19	414	4	65
19	435	4	65
19	469	4	65
19	489	4	65
20	56	4	65
20	95	4	65
20	99	4	65
20	170	4	65
20	179	4	65
20	244	4	65
20	265	4	65
20	488	4	65
21	22	4	65
21	25	4	65
21	81	4	65
21	104	4	65
21	107	4	65
21	111	4	65
21	155	4	65
21	199	4	65
21	242	4	65
21	298	4	65
21	299	4	65
21	394	4	65
21	398	4	65
21	409	4	65
21	420	4	65
21	456	4	65
21	502	4	65
21	504	4	65
22	56	4	65
22	83	4	65
22	86	4	65
22	178	4	65
22	188	4	65
22	195	4	65
22	243	4	65
22	281	4	65
22	293	4	65
22	297	4	65
22	341	4	65
22	368	4	65
22	374	4	65
22	381	4	65
22	402	4	65
22	416	4	65
22	419	4	65
22	428	4	65
22	431	4	65
22	498	4	65
22	499	4	65
22	509	4	65
23	114	4	65
23	127	4	65
23	215	4	65
23	227	4	65
23	237	4	65
23	245	4	65
23	329	4	65
23	338	4	65
23	341	4	65
23	498	4	65
24	32	4	65
24	86	4	65
24	109	4	65
24	199	4	65
24	244	4	65
24	249	4	65
24	283	4	65
24	316	4	65
24	351	4	65
24	427	4	65
24	463	4	65
24	490	4	65
24	492	4	65
25	150	4	65
25	184	4	65
25	214	4	65
25	284	4	65
25	291	4	65
25	313	4	65
25	314	4	65
25	337	4	65
25	340	4	65
25	359	4	65
25	445	4	65
26	71	4	65
26	78	4	65
26	82	4	65
26	87	4	65
26	213	4	65
26	251	4	65
26	253	4	65
26	307	4	65
26	317	4	65
26	326	4	65
26	332	4	65
26	424	4	65
26	441	4	65
26	448	4	65
27	48	4	65
27	95	4	65
27	148	4	65
27	154	4	65
27	177	4	65
27	189	4	65
27	195	4	65
27	214	4	65
27	312	4	65
27	339	4	65
27	361	4	65
27	383	4	65
27	424	4	65
27	458	4	65
27	496	4	65
28	37	4	65
28	51	4	65
28	87	4	65
28	120	4	65
28	135	4	65
28	150	4	65
28	300	4	65
28	305	4	65
28	331	4	65
28	363	4	65
28	392	4	65
28	399	4	65
28	421	4	65
29	4	4	65
29	97	4	65
29	160	4	65
29	352	4	65
29	423	4	65
30	32	4	65
30	65	4	65
30	110	4	65
30	151	4	65
30	250	4	65
30	284	4	65
30	300	4	65
30	302	4	65
30	320	4	65
31	34	4	65
31	37	4	65
31	185	4	65
31	200	4	65
31	255	4	65
31	350	4	65
31	356	4	65
32	132	4	65
32	182	4	65
32	191	4	65
32	424	4	65
33	81	4	65
33	168	4	65
33	208	4	65
33	238	4	65
33	246	4	65
33	257	4	65
33	266	4	65
33	359	4	65
33	386	4	65
33	474	4	65
34	29	4	65
34	58	4	65
34	67	4	65
34	108	4	65
34	156	4	65
34	183	4	65
34	207	4	65
34	220	4	65
34	229	4	65
34	291	4	65
34	293	4	65
34	327	4	65
34	341	4	65
34	443	4	65
34	444	4	65
35	24	4	65
35	63	4	65
35	64	4	65
35	80	4	65
35	82	4	65
35	92	4	65
35	159	4	65
35	262	4	65
35	281	4	65
35	327	4	65
35	375	4	65
35	408	4	65
35	412	4	65
35	429	4	65
36	8	4	65
36	115	4	65
36	117	4	65
36	136	4	65
36	138	4	65
36	154	4	65
36	218	4	65
36	226	4	65
36	244	4	65
36	339	4	65
36	358	4	65
36	394	4	65
36	437	4	65
36	457	4	65
36	477	4	65
37	24	4	65
37	183	4	65
37	201	4	65
37	211	4	65
37	253	4	65
37	314	4	65
37	324	4	65
37	400	4	65
37	442	4	65
38	40	4	65
38	56	4	65
38	86	4	65
38	146	4	65
38	162	4	65
38	172	4	65
38	235	4	65
38	261	4	65
38	297	4	65
38	368	4	65
38	369	4	65
38	381	4	65
38	415	4	65
38	416	4	65
38	428	4	65
38	441	4	65
38	472	4	65
38	497	4	65
39	48	4	65
39	78	4	65
39	95	4	65
39	146	4	65
39	157	4	65
39	177	4	65
39	185	4	65
39	215	4	65
39	217	4	65
39	248	4	65
39	341	4	65
39	406	4	65
39	463	4	65
40	77	4	65
40	106	4	65
40	351	4	65
40	362	4	65
40	434	4	65
40	482	4	65
41	96	4	65
41	129	4	65
41	132	4	65
41	168	4	65
41	206	4	65
41	214	4	65
41	289	4	65
41	361	4	65
41	364	4	65
41	380	4	65
41	439	4	65
41	505	4	65
42	5	4	65
42	50	4	65
42	53	4	65
42	62	4	65
42	85	4	65
42	105	4	65
42	165	4	65
42	177	4	65
42	231	4	65
42	257	4	65
42	263	4	65
42	304	4	65
42	349	4	65
42	389	4	65
42	417	4	65
42	466	4	65
42	489	4	65
42	490	4	65
43	93	4	65
43	94	4	65
43	106	4	65
43	107	4	65
43	166	4	65
43	255	4	65
43	412	4	65
44	51	4	65
44	87	4	65
44	158	4	65
44	160	4	65
44	174	4	65
44	204	4	65
44	213	4	65
44	421	4	65
44	459	4	65
44	479	4	65
45	31	4	65
45	48	4	65
45	150	4	65
45	215	4	65
45	290	4	65
46	57	4	65
46	138	4	65
46	151	4	65
46	164	4	65
46	171	4	65
46	218	4	65
46	226	4	65
46	252	4	65
46	271	4	65
46	320	4	65
46	326	4	65
46	338	4	65
46	339	4	65
46	343	4	65
46	353	4	65
46	359	4	65
46	374	4	65
46	419	4	65
46	489	4	65
0	4	5	65
0	79	5	65
0	95	5	65
0	126	5	65
0	144	5	65
0	173	5	65
0	180	5	65
0	218	5	65
0	274	5	65
0	316	5	65
0	333	5	65
0	347	5	65
0	348	5	65
0	475	5	65
1	0	5	65
1	15	5	65
1	62	5	65
1	86	5	65
1	97	5	65
1	152	5	65
1	165	5	65
1	179	5	65
1	195	5	65
1	225	5	65
1	230	5	65
1	235	5	65
1	240	5	65
1	244	5	65
1	259	5	65
1	366	5	65
1	391	5	65
1	451	5	65
1	456	5	65
1	482	5	65
2	72	5	65
2	215	5	65
2	236	5	65
2	263	5	65
2	268	5	65
2	313	5	65
2	341	5	65
2	346	5	65
2	382	5	65
2	391	5	65
2	432	5	65
2	439	5	65
2	481	5	65
2	483	5	65
3	29	5	65
3	85	5	65
3	113	5	65
3	150	5	65
3	174	5	65
3	310	5	65
3	336	5	65
3	402	5	65
3	437	5	65
4	9	5	65
4	59	5	65
4	60	5	65
4	82	5	65
4	223	5	65
4	432	5	65
5	37	5	65
5	93	5	65
5	131	5	65
5	255	5	65
5	314	5	65
5	366	5	65
5	370	5	65
5	374	5	65
5	402	5	65
5	501	5	65
6	13	5	65
6	102	5	65
6	110	5	65
6	185	5	65
6	214	5	65
6	485	5	65
7	47	5	65
7	65	5	65
7	113	5	65
7	118	5	65
7	134	5	65
7	281	5	65
7	316	5	65
7	324	5	65
7	357	5	65
7	372	5	65
7	392	5	65
7	464	5	65
7	496	5	65
7	498	5	65
7	503	5	65
8	60	5	65
8	110	5	65
8	162	5	65
8	199	5	65
8	305	5	65
8	308	5	65
8	349	5	65
8	357	5	65
8	458	5	65
8	490	5	65
9	26	5	65
9	58	5	65
9	73	5	65
9	89	5	65
9	306	5	65
9	398	5	65
9	466	5	65
9	508	5	65
10	27	5	65
10	106	5	65
10	117	5	65
10	307	5	65
10	409	5	65
10	419	5	65
10	441	5	65
11	30	5	65
11	110	5	65
11	120	5	65
11	127	5	65
11	189	5	65
11	243	5	65
11	325	5	65
11	350	5	65
11	469	5	65
11	470	5	65
12	9	5	65
12	87	5	65
12	266	5	65
12	297	5	65
12	306	5	65
12	331	5	65
12	412	5	65
12	421	5	65
12	468	5	65
13	71	5	65
13	113	5	65
13	155	5	65
13	265	5	65
13	352	5	65
13	391	5	65
13	411	5	65
13	423	5	65
14	82	5	65
14	154	5	65
14	250	5	65
14	283	5	65
14	353	5	65
14	411	5	65
14	448	5	65
15	73	5	65
15	136	5	65
16	58	5	65
16	233	5	65
16	370	5	65
16	393	5	65
16	401	5	65
16	433	5	65
16	467	5	65
17	53	5	65
17	145	5	65
17	151	5	65
17	207	5	65
17	359	5	65
17	371	5	65
18	34	5	65
18	67	5	65
18	111	5	65
18	159	5	65
18	164	5	65
18	207	5	65
18	244	5	65
18	298	5	65
18	327	5	65
18	341	5	65
18	408	5	65
18	435	5	65
18	485	5	65
18	500	5	65
19	6	5	65
19	24	5	65
19	198	5	65
19	422	5	65
20	16	5	65
20	45	5	65
20	57	5	65
20	117	5	65
20	151	5	65
20	154	5	65
20	210	5	65
20	344	5	65
20	416	5	65
20	457	5	65
20	469	5	65
21	0	5	65
21	40	5	65
21	56	5	65
21	183	5	65
21	214	5	65
21	253	5	65
21	302	5	65
21	305	5	65
21	312	5	65
21	331	5	65
21	388	5	65
21	414	5	65
21	419	5	65
21	440	5	65
21	442	5	65
21	447	5	65
21	461	5	65
21	511	5	65
22	30	5	65
22	48	5	65
22	66	5	65
22	97	5	65
22	111	5	65
22	179	5	65
22	199	5	65
22	215	5	65
22	223	5	65
22	261	5	65
22	295	5	65
22	306	5	65
22	316	5	65
22	343	5	65
22	345	5	65
22	349	5	65
22	384	5	65
22	404	5	65
22	472	5	65
22	500	5	65
23	33	5	65
23	45	5	65
23	162	5	65
23	217	5	65
23	263	5	65
24	111	5	65
24	112	5	65
24	151	5	65
24	160	5	65
24	166	5	65
24	169	5	65
24	207	5	65
24	277	5	65
24	284	5	65
24	355	5	65
24	378	5	65
24	458	5	65
25	139	5	65
25	187	5	65
25	213	5	65
25	252	5	65
25	346	5	65
25	416	5	65
25	508	5	65
26	53	5	65
26	223	5	65
26	235	5	65
26	238	5	65
26	288	5	65
26	345	5	65
26	395	5	65
26	405	5	65
26	457	5	65
26	484	5	65
26	495	5	65
27	30	5	65
27	89	5	65
27	163	5	65
27	178	5	65
27	197	5	65
27	243	5	65
27	261	5	65
27	279	5	65
27	438	5	65
27	460	5	65
27	469	5	65
28	9	5	65
28	52	5	65
28	75	5	65
28	127	5	65
28	155	5	65
28	160	5	65
28	198	5	65
28	223	5	65
28	262	5	65
28	266	5	65
28	267	5	65
28	278	5	65
28	299	5	65
28	301	5	65
28	303	5	65
28	306	5	65
28	433	5	65
29	7	5	65
29	22	5	65
29	71	5	65
29	155	5	65
29	157	5	65
29	276	5	65
29	277	5	65
29	311	5	65
29	316	5	65
29	385	5	65
30	11	5	65
30	136	5	65
30	280	5	65
30	311	5	65
30	341	5	65
30	448	5	65
31	51	5	65
31	71	5	65
31	215	5	65
31	362	5	65
31	398	5	65
32	74	5	65
32	223	5	65
32	263	5	65
32	333	5	65
32	365	5	65
32	467	5	65
32	470	5	65
32	505	5	65
33	0	5	65
33	207	5	65
33	299	5	65
33	311	5	65
33	401	5	65
33	462	5	65
34	0	5	65
34	13	5	65
34	43	5	65
34	63	5	65
34	82	5	65
34	116	5	65
34	119	5	65
34	212	5	65
34	265	5	65
34	283	5	65
34	399	5	65
34	408	5	65
34	461	5	65
34	475	5	65
34	485	5	65
34	500	5	65
35	3	5	65
35	49	5	65
35	96	5	65
35	184	5	65
35	198	5	65
35	314	5	65
35	435	5	65
35	503	5	65
36	5	5	65
36	29	5	65
36	78	5	65
36	86	5	65
36	210	5	65
36	416	5	65
36	430	5	65
36	445	5	65
37	0	5	65
37	94	5	65
37	111	5	65
37	116	5	65
37	155	5	65
37	302	5	65
37	331	5	65
37	345	5	65
37	409	5	65
37	417	5	65
37	419	5	65
37	420	5	65
37	447	5	65
37	470	5	65
37	502	5	65
37	504	5	65
37	511	5	65
38	8	5	65
38	10	5	65
38	48	5	65
38	66	5	65
38	178	5	65
38	188	5	65
38	230	5	65
38	287	5	65
38	306	5	65
38	316	5	65
38	343	5	65
38	349	5	65
38	379	5	65
38	384	5	65
38	390	5	65
38	489	5	65
38	500	5	65
38	509	5	65
39	33	5	65
39	245	5	65
39	267	5	65
39	285	5	65
39	336	5	65
40	9	5	65
40	40	5	65
40	173	5	65
40	268	5	65
40	278	5	65
40	471	5	65
41	59	5	65
41	198	5	65
41	335	5	65
41	435	5	65
41	438	5	65
41	449	5	65
42	80	5	65
42	114	5	65
42	139	5	65
42	163	5	65
42	171	5	65
42	207	5	65
42	267	5	65
42	273	5	65
42	387	5	65
42	391	5	65
42	436	5	65
42	438	5	65
42	476	5	65
42	482	5	65
43	127	5	65
43	167	5	65
43	217	5	65
43	360	5	65
43	413	5	65
44	21	5	65
44	47	5	65
44	55	5	65
44	76	5	65
44	164	5	65
44	276	5	65
44	297	5	65
44	468	5	65
45	34	5	65
45	44	5	65
45	132	5	65
45	168	5	65
45	220	5	65
45	330	5	65
45	346	5	65
45	367	5	65
45	411	5	65
45	435	5	65
45	447	5	65
46	199	5	65
46	292	5	65
46	392	5	65
46	463	5	65
46	477	5	65
46	499	5	65
46	507	5	65
0	65	6	65
0	165	6	65
0	169	6	65
0	226	6	65
0	331	6	65
1	4	6	65
1	70	6	65
1	157	6	65
1	237	6	65
1	293	6	65
1	394	6	65
1	445	6	65
1	491	6	65
2	5	6	65
2	9	6	65
2	36	6	65
2	210	6	65
2	270	6	65
2	319	6	65
2	360	6	65
2	449	6	65
2	479	6	65
2	503	6	65
3	66	6	65
3	182	6	65
3	265	6	65
3	339	6	65
3	381	6	65
3	408	6	65
3	505	6	65
4	34	6	65
4	77	6	65
4	114	6	65
4	257	6	65
4	436	6	65
4	453	6	65
5	49	6	65
5	106	6	65
5	224	6	65
5	336	6	65
5	346	6	65
5	350	6	65
5	484	6	65
6	46	6	65
6	97	6	65
6	159	6	65
6	208	6	65
6	249	6	65
6	285	6	65
6	329	6	65
6	354	6	65
6	444	6	65
6	459	6	65
6	480	6	65
6	496	6	65
7	84	6	65
7	103	6	65
7	154	6	65
7	191	6	65
7	282	6	65
7	353	6	65
7	367	6	65
7	410	6	65
7	461	6	65
8	41	6	65
8	378	6	65
8	442	6	65
8	507	6	65
9	77	6	65
9	141	6	65
9	144	6	65
9	183	6	65
9	213	6	65
9	232	6	65
9	262	6	65
9	288	6	65
9	399	6	65
9	429	6	65
9	497	6	65
10	177	6	65
10	236	6	65
10	263	6	65
10	301	6	65
10	326	6	65
10	379	6	65
10	381	6	65
10	494	6	65
10	495	6	65
10	501	6	65
11	3	6	65
11	11	6	65
11	28	6	65
11	48	6	65
11	178	6	65
11	339	6	65
11	477	6	65
12	39	6	65
12	60	6	65
12	66	6	65
12	75	6	65
12	175	6	65
12	198	6	65
12	223	6	65
12	299	6	65
12	303	6	65
12	392	6	65
12	399	6	65
12	419	6	65
12	457	6	65
13	169	6	65
13	293	6	65
13	311	6	65
13	419	6	65
13	422	6	65
13	488	6	65
14	70	6	65
14	136	6	65
14	236	6	65
14	292	6	65
14	341	6	65
15	27	6	65
15	208	6	65
15	410	6	65
16	62	6	65
16	153	6	65
16	368	6	65
16	505	6	65
17	34	6	65
17	61	6	65
17	63	6	65
17	68	6	65
17	222	6	65
17	275	6	65
17	442	6	65
17	452	6	65
18	13	6	65
18	58	6	65
18	84	6	65
18	119	6	65
18	299	6	65
18	336	6	65
18	385	6	65
18	461	6	65
18	471	6	65
19	9	6	65
19	183	6	65
20	40	6	65
20	94	6	65
20	313	6	65
20	318	6	65
20	442	6	65
21	11	6	65
21	21	6	65
21	70	6	65
21	292	6	65
21	301	6	65
21	400	6	65
21	490	6	65
22	8	6	65
22	17	6	65
22	54	6	65
22	173	6	65
22	193	6	65
22	218	6	65
22	225	6	65
22	235	6	65
22	369	6	65
22	413	6	65
23	20	6	65
23	107	6	65
23	171	6	65
23	244	6	65
23	260	6	65
23	340	6	65
24	13	6	65
24	27	6	65
24	110	6	65
24	305	6	65
24	357	6	65
24	461	6	65
25	30	6	65
25	58	6	65
25	192	6	65
26	1	6	65
26	27	6	65
26	48	6	65
26	208	6	65
26	322	6	65
26	501	6	65
27	28	6	65
27	81	6	65
27	129	6	65
27	470	6	65
27	492	6	65
27	500	6	65
27	503	6	65
27	508	6	65
28	60	6	65
28	78	6	65
28	175	6	65
28	412	6	65
28	419	6	65
28	432	6	65
29	288	6	65
29	419	6	65
29	476	6	65
30	18	6	65
30	95	6	65
30	160	6	65
30	165	6	65
30	212	6	65
30	288	6	65
30	292	6	65
31	184	6	65
31	212	6	65
31	222	6	65
31	296	6	65
32	32	6	65
32	75	6	65
32	153	6	65
32	252	6	65
32	366	6	65
33	63	6	65
33	85	6	65
33	215	6	65
33	327	6	65
33	425	6	65
34	84	6	65
34	103	6	65
34	159	6	65
34	164	6	65
34	168	6	65
34	185	6	65
34	244	6	65
34	308	6	65
34	310	6	65
34	385	6	65
35	6	6	65
35	101	6	65
35	245	6	65
35	269	6	65
35	313	6	65
35	349	6	65
35	407	6	65
36	57	6	65
36	494	6	65
37	21	6	65
37	40	6	65
37	44	6	65
37	69	6	65
37	70	6	65
37	214	6	65
37	242	6	65
37	292	6	65
37	301	6	65
37	305	6	65
37	312	6	65
37	414	6	65
37	468	6	65
38	17	6	65
38	30	6	65
38	42	6	65
38	52	6	65
38	193	6	65
38	223	6	65
38	253	6	65
38	299	6	65
38	404	6	65
39	134	6	65
39	164	6	65
39	244	6	65
39	262	6	65
39	263	6	65
40	178	6	65
40	187	6	65
40	353	6	65
40	363	6	65
40	397	6	65
40	407	6	65
41	5	6	65
41	23	6	65
41	29	6	65
41	55	6	65
41	65	6	65
41	68	6	65
41	213	6	65
41	306	6	65
41	427	6	65
41	434	6	65
41	499	6	65
42	24	6	65
42	78	6	65
42	83	6	65
42	216	6	65
42	245	6	65
42	291	6	65
42	325	6	65
42	362	6	65
42	386	6	65
43	42	6	65
43	47	6	65
43	64	6	65
43	91	6	65
43	162	6	65
43	329	6	65
43	427	6	65
44	28	6	65
44	122	6	65
44	173	6	65
44	175	6	65
44	179	6	65
44	189	6	65
44	220	6	65
44	250	6	65
44	263	6	65
44	270	6	65
44	273	6	65
44	277	6	65
44	294	6	65
45	72	6	65
45	141	6	65
45	189	6	65
45	224	6	65
45	381	6	65
45	470	6	65
46	12	6	65
46	73	6	65
46	76	6	65
46	77	6	65
46	88	6	65
46	214	6	65
46	244	6	65
46	336	6	65
46	388	6	65
46	464	6	65
46	510	6	65
0	98	7	65
0	176	7	65
0	200	7	65
0	251	7	65
1	74	7	65
1	108	7	65
1	156	7	65
1	212	7	65
1	224	7	65
1	251	7	65
1	304	7	65
1	483	7	65
2	74	7	65
2	185	7	65
2	209	7	65
2	452	7	65
3	18	7	65
3	141	7	65
3	274	7	65
3	340	7	65
3	503	7	65
4	64	7	65
4	149	7	65
4	294	7	65
4	323	7	65
4	346	7	65
4	410	7	65
4	465	7	65
5	1	7	65
5	90	7	65
5	153	7	65
5	161	7	65
5	233	7	65
5	275	7	65
5	302	7	65
5	312	7	65
5	317	7	65
5	421	7	65
5	468	7	65
5	483	7	65
6	27	7	65
6	37	7	65
6	42	7	65
6	68	7	65
6	118	7	65
6	140	7	65
6	144	7	65
6	176	7	65
6	288	7	65
6	472	7	65
7	123	7	65
7	155	7	65
7	200	7	65
7	258	7	65
7	401	7	65
7	413	7	65
8	50	7	65
8	231	7	65
8	242	7	65
9	30	7	65
9	361	7	65
9	395	7	65
10	48	7	65
10	208	7	65
10	235	7	65
10	264	7	65
10	322	7	65
11	250	7	65
11	279	7	65
11	492	7	65
11	503	7	65
12	37	7	65
12	78	7	65
12	180	7	65
12	432	7	65
12	459	7	65
13	91	7	65
13	302	7	65
13	392	7	65
14	46	7	65
14	94	7	65
14	201	7	65
15	81	7	65
15	89	7	65
15	506	7	65
16	23	7	65
16	140	7	65
16	324	7	65
16	498	7	65
17	214	7	65
17	327	7	65
17	389	7	65
17	401	7	65
18	168	7	65
18	265	7	65
18	310	7	65
18	394	7	65
18	444	7	65
19	271	7	65
19	292	7	65
19	307	7	65
20	5	7	65
20	310	7	65
20	349	7	65
20	396	7	65
20	437	7	65
20	456	7	65
20	459	7	65
21	94	7	65
21	119	7	65
21	150	7	65
21	163	7	65
21	216	7	65
21	268	7	65
21	314	7	65
21	324	7	65
21	345	7	65
22	42	7	65
22	52	7	65
22	142	7	65
22	230	7	65
22	253	7	65
22	287	7	65
22	387	7	65
23	24	7	65
23	120	7	65
23	134	7	65
23	389	7	65
24	30	7	65
24	41	7	65
24	50	7	65
24	210	7	65
24	231	7	65
24	242	7	65
24	339	7	65
24	369	7	65
24	442	7	65
24	507	7	65
25	46	7	65
25	77	7	65
25	262	7	65
25	288	7	65
25	302	7	65
25	395	7	65
25	442	7	65
25	497	7	65
25	502	7	65
26	301	7	65
26	487	7	65
26	506	7	65
27	9	7	65
27	49	7	65
27	62	7	65
27	120	7	65
28	29	7	65
28	38	7	65
28	151	7	65
28	242	7	65
28	286	7	65
28	352	7	65
28	389	7	65
29	16	7	65
29	91	7	65
29	169	7	65
29	293	7	65
29	302	7	65
29	306	7	65
30	130	7	65
30	138	7	65
30	215	7	65
30	233	7	65
30	234	7	65
30	314	7	65
30	439	7	65
31	81	7	65
31	241	7	65
31	291	7	65
32	123	7	65
32	224	7	65
32	278	7	65
32	498	7	65
33	12	7	65
33	34	7	65
33	50	7	65
33	145	7	65
33	209	7	65
33	222	7	65
33	253	7	65
33	275	7	65
33	309	7	65
33	378	7	65
34	11	7	65
34	336	7	65
34	347	7	65
34	394	7	65
34	435	7	65
35	31	7	65
35	161	7	65
35	333	7	65
36	75	7	65
36	94	7	65
36	123	7	65
36	131	7	65
36	219	7	65
36	310	7	65
36	396	7	65
36	499	7	65
37	10	7	65
37	17	7	65
37	59	7	65
37	163	7	65
37	216	7	65
37	268	7	65
37	461	7	65
38	18	7	65
38	81	7	65
38	111	7	65
38	195	7	65
38	325	7	65
38	387	7	65
38	394	7	65
40	138	7	65
40	162	7	65
40	195	7	65
40	294	7	65
41	159	7	65
41	226	7	65
41	237	7	65
41	266	7	65
41	424	7	65
41	440	7	65
42	45	7	65
42	91	7	65
42	97	7	65
42	375	7	65
42	479	7	65
43	60	7	65
43	120	7	65
43	220	7	65
43	280	7	65
43	471	7	65
44	24	7	65
44	50	7	65
44	181	7	65
44	212	7	65
44	224	7	65
44	338	7	65
44	359	7	65
44	474	7	65
45	22	7	65
45	47	7	65
45	119	7	65
45	166	7	65
45	265	7	65
45	341	7	65
45	406	7	65
45	472	7	65
45	509	7	65
46	165	7	65
0	62	8	65
0	302	8	65
0	401	8	65
1	34	8	65
1	423	8	65
1	442	8	65
1	504	8	65
2	338	8	65
2	418	8	65
3	474	8	65
4	168	8	65
4	221	8	65
5	57	8	65
5	98	8	65
5	355	8	65
5	436	8	65
5	487	8	65
5	510	8	65
6	73	8	65
6	80	8	65
6	198	8	65
6	347	8	65
6	379	8	65
7	458	8	65
8	30	8	65
8	155	8	65
8	244	8	65
8	262	8	65
8	319	8	65
10	1	8	65
10	28	8	65
10	180	8	65
11	188	8	65
11	502	8	65
12	50	8	65
12	283	8	65
12	389	8	65
13	240	8	65
13	326	8	65
14	215	8	65
15	163	8	65
15	212	8	65
15	220	8	65
15	222	8	65
15	241	8	65
15	296	8	65
16	39	8	65
16	123	8	65
16	221	8	65
16	252	8	65
16	480	8	65
17	16	8	65
17	85	8	65
17	372	8	65
18	229	8	65
18	370	8	65
19	3	8	65
19	80	8	65
19	269	8	65
19	333	8	65
19	412	8	65
20	29	8	65
20	123	8	65
20	131	8	65
20	140	8	65
20	321	8	65
20	477	8	65
20	499	8	65
21	17	8	65
21	44	8	65
21	69	8	65
21	131	8	65
21	201	8	65
22	18	8	65
22	81	8	65
22	379	8	65
22	468	8	65
23	58	8	65
23	238	8	65
23	334	8	65
23	387	8	65
23	414	8	65
24	37	8	65
24	155	8	65
24	262	8	65
24	319	8	65
24	366	8	65
25	8	8	65
25	26	8	65
25	183	8	65
25	376	8	65
26	180	8	65
26	507	8	65
27	11	8	65
27	58	8	65
27	258	8	65
27	502	8	65
28	28	8	65
28	50	8	65
28	180	8	65
29	224	8	65
30	154	8	65
30	169	8	65
30	305	8	65
30	321	8	65
31	156	8	65
31	163	8	65
31	190	8	65
31	288	8	65
31	289	8	65
32	39	8	65
32	487	8	65
33	16	8	65
33	389	8	65
33	442	8	65
34	111	8	65
34	184	8	65
34	370	8	65
35	367	8	65
36	56	8	65
36	140	8	65
36	170	8	65
36	344	8	65
36	347	8	65
36	349	8	65
36	456	8	65
37	119	8	65
38	97	8	65
38	402	8	65
39	393	8	65
40	85	8	65
40	91	8	65
40	145	8	65
40	323	8	65
40	360	8	65
41	258	8	65
41	414	8	65
41	445	8	65
41	484	8	65
41	491	8	65
42	39	8	65
42	133	8	65
42	250	8	65
42	393	8	65
42	424	8	65
42	455	8	65
42	491	8	65
43	76	8	65
43	293	8	65
43	345	8	65
43	350	8	65
44	49	8	65
44	127	8	65
44	167	8	65
44	510	8	65
45	33	8	65
45	51	8	65
45	181	8	65
45	227	8	65
45	238	8	65
45	297	8	65
45	401	8	65
45	496	8	65
46	44	8	65
46	329	8	65
46	373	8	65
46	504	8	65
0	19	9	65
0	167	9	65
0	349	9	65
1	349	9	65
3	262	9	65
3	293	9	65
5	354	9	65
6	136	9	65
6	137	9	65
7	101	9	65
7	382	9	65
7	438	9	65
8	208	9	65
8	283	9	65
8	339	9	65
8	425	9	65
8	456	9	65
8	461	9	65
9	8	9	65
9	340	9	65
11	9	9	65
11	75	9	65
11	508	9	65
12	286	9	65
14	137	9	65
14	425	9	65
15	291	9	65
15	346	9	65
16	278	9	65
16	365	9	65
16	482	9	65
17	311	9	65
17	504	9	65
18	132	9	65
18	308	9	65
18	376	9	65
19	64	9	65
19	192	9	65
19	288	9	65
19	374	9	65
19	487	9	65
20	75	9	65
21	6	9	65
21	59	9	65
21	100	9	65
21	418	9	65
22	41	9	65
22	205	9	65
22	325	9	65
23	102	9	65
23	103	9	65
23	267	9	65
23	382	9	65
23	450	9	65
24	308	9	65
24	422	9	65
24	425	9	65
24	456	9	65
25	399	9	65
26	26	9	65
26	28	9	65
26	156	9	65
26	177	9	65
26	263	9	65
26	264	9	65
26	381	9	65
26	475	9	65
27	108	9	65
27	477	9	65
28	90	9	65
28	269	9	65
28	290	9	65
28	360	9	65
29	240	9	65
29	457	9	65
30	70	9	65
30	94	9	65
30	461	9	65
31	100	9	65
31	101	9	65
31	220	9	65
32	58	9	65
32	140	9	65
32	221	9	65
32	324	9	65
32	370	9	65
33	363	9	65
33	505	9	65
34	87	9	65
35	162	9	65
35	252	9	65
35	454	9	65
37	100	9	65
37	346	9	65
38	205	9	65
38	345	9	65
38	456	9	65
38	468	9	65
39	58	9	65
39	107	9	65
39	387	9	65
40	233	9	65
40	263	9	65
40	352	9	65
40	355	9	65
40	456	9	65
41	2	9	65
41	42	9	65
41	236	9	65
41	448	9	65
42	23	9	65
42	140	9	65
42	215	9	65
43	25	9	65
43	95	9	65
43	118	9	65
43	299	9	65
43	387	9	65
44	74	9	65
44	103	9	65
44	372	9	65
44	433	9	65
45	64	9	65
45	233	9	65
45	475	9	65
46	31	9	65
46	128	9	65
0	109	10	65
0	198	10	65
1	58	10	65
1	175	10	65
1	410	10	65
2	75	10	65
2	114	10	65
2	186	10	65
2	310	10	65
3	120	10	65
3	214	10	65
4	102	10	65
4	325	10	65
5	142	10	65
6	279	10	65
7	117	10	65
9	129	10	65
10	156	10	65
10	188	10	65
10	354	10	65
11	84	10	65
11	138	10	65
11	165	10	65
11	261	10	65
11	344	10	65
12	90	10	65
12	360	10	65
13	7	10	65
13	357	10	65
13	385	10	65
14	160	10	65
14	234	10	65
14	437	10	65
15	166	10	65
16	224	10	65
16	263	10	65
16	353	10	65
17	363	10	65
17	378	10	65
17	443	10	65
18	87	10	65
18	184	10	65
18	211	10	65
19	162	10	65
19	341	10	65
19	349	10	65
19	367	10	65
19	453	10	65
20	339	10	65
20	347	10	65
21	28	10	65
21	116	10	65
22	456	10	65
23	247	10	65
23	285	10	65
23	316	10	65
24	496	10	65
25	168	10	65
25	457	10	65
26	269	10	65
26	296	10	65
27	165	10	65
27	397	10	65
27	430	10	65
28	297	10	65
29	50	10	65
29	339	10	65
29	422	10	65
30	137	10	65
30	417	10	65
32	23	10	65
32	256	10	65
32	368	10	65
32	480	10	65
33	127	10	65
33	151	10	65
33	372	10	65
34	132	10	65
34	188	10	65
34	211	10	65
34	376	10	65
35	377	10	65
37	19	10	65
37	28	10	65
37	388	10	65
37	418	10	65
38	41	10	65
38	54	10	65
38	373	10	65
39	57	10	65
40	172	10	65
40	222	10	65
40	252	10	65
41	358	10	65
41	415	10	65
43	13	10	65
43	306	10	65
43	420	10	65
44	186	10	65
44	237	10	65
45	60	10	65
45	158	10	65
45	230	10	65
45	397	10	65
45	466	10	65
46	41	10	65
46	121	10	65
46	261	10	65
46	297	10	65
2	61	11	65
3	379	11	65
4	106	11	65
4	166	11	65
4	508	11	65
5	71	11	65
5	229	11	65
7	326	11	65
8	210	11	65
8	366	11	65
10	269	11	65
10	506	11	65
10	507	11	65
11	268	11	65
11	370	11	65
11	422	11	65
12	269	11	65
13	286	11	65
13	306	11	65
13	330	11	65
14	56	11	65
14	398	11	65
14	456	11	65
14	474	11	65
15	65	11	65
15	288	11	65
15	350	11	65
17	284	11	65
17	305	11	65
18	142	11	65
18	194	11	65
18	201	11	65
20	345	11	65
20	363	11	65
21	338	11	65
22	373	11	65
23	42	11	65
23	192	11	65
23	193	11	65
25	140	11	65
25	361	11	65
25	506	11	65
26	203	11	65
26	354	11	65
27	90	11	65
28	63	11	65
29	326	11	65
29	411	11	65
30	473	11	65
30	506	11	65
31	65	11	65
31	426	11	65
33	365	11	65
33	504	11	65
34	484	11	65
35	374	11	65
35	426	11	65
36	318	11	65
36	321	11	65
36	485	11	65
37	131	11	65
37	338	11	65
39	27	11	65
39	42	11	65
39	334	11	65
39	453	11	65
40	357	11	65
41	240	11	65
41	272	11	65
42	212	11	65
42	366	11	65
42	367	11	65
43	87	11	65
44	56	11	65
44	427	11	65
45	134	11	65
46	346	11	65
0	426	12	65
1	400	12	65
3	217	12	65
4	287	12	65
7	452	12	65
8	325	12	65
9	142	12	65
9	376	12	65
10	26	12	65
11	397	12	65
12	277	12	65
12	290	12	65
13	35	12	65
13	93	12	65
13	339	12	65
13	457	12	65
14	18	12	65
14	305	12	65
14	417	12	65
15	184	12	65
16	75	12	65
17	136	12	65
17	209	12	65
19	144	12	65
19	454	12	65
24	9	12	65
24	325	12	65
25	129	12	65
25	462	12	65
26	51	12	65
26	92	12	65
26	106	12	65
26	279	12	65
26	325	12	65
26	393	12	65
27	84	12	65
27	185	12	65
27	250	12	65
28	39	12	65
28	96	12	65
28	251	12	65
29	93	12	65
30	80	12	65
30	117	12	65
31	166	12	65
31	216	12	65
31	325	12	65
35	173	12	65
35	192	12	65
35	288	12	65
36	363	12	65
36	454	12	65
39	102	12	65
39	329	12	65
42	390	12	65
43	92	12	65
43	180	12	65
44	280	12	65
46	417	12	65
0	272	13	65
2	12	13	65
2	372	13	65
3	49	13	65
4	2	13	65
4	506	13	65
5	26	13	65
5	446	13	65
6	113	13	65
6	283	13	65
8	9	13	65
8	37	13	65
8	482	13	65
11	258	13	65
12	390	13	65
13	121	13	65
14	243	13	65
15	101	13	65
17	160	13	65
17	505	13	65
18	46	13	65
19	342	13	65
20	15	13	65
20	30	13	65
20	248	13	65
20	388	13	65
20	485	13	65
21	243	13	65
21	379	13	65
22	113	13	65
24	477	13	65
26	488	13	65
28	390	13	65
29	121	13	65
31	351	13	65
31	495	13	65
31	506	13	65
32	243	13	65
32	272	13	65
33	160	13	65
33	452	13	65
33	469	13	65
33	486	13	65
34	194	13	65
34	201	13	65
35	222	13	65
35	309	13	65
35	357	13	65
36	15	13	65
36	76	13	65
36	248	13	65
36	388	13	65
37	243	13	65
38	173	13	65
39	167	13	65
39	199	13	65
41	268	13	65
42	217	13	65
43	86	13	65
43	133	13	65
45	70	13	65
45	232	13	65
3	374	14	65
4	117	14	65
5	191	14	65
5	435	14	65
7	26	14	65
7	108	14	65
7	242	14	65
7	346	14	65
8	477	14	65
9	462	14	65
10	296	14	65
10	508	14	65
13	50	14	65
13	463	14	65
15	22	14	65
15	426	14	65
16	243	14	65
16	250	14	65
18	496	14	65
19	309	14	65
19	377	14	65
19	434	14	65
19	509	14	65
20	55	14	65
25	142	14	65
28	277	14	65
29	330	14	65
29	463	14	65
32	482	14	65
33	61	14	65
33	284	14	65
34	46	14	65
36	345	14	65
37	150	14	65
39	382	14	65
39	450	14	65
40	501	14	65
42	394	14	65
43	34	14	65
43	185	14	65
43	459	14	65
43	486	14	65
44	209	14	65
44	319	14	65
45	193	14	65
45	383	14	65
2	222	15	65
3	338	15	65
3	470	15	65
4	110	15	65
5	163	15	65
6	223	15	65
8	395	15	65
9	506	15	65
10	279	15	65
14	119	15	65
14	138	15	65
14	169	15	65
14	409	15	65
14	461	15	65
14	473	15	65
14	506	15	65
15	190	15	65
15	289	15	65
16	272	15	65
17	127	15	65
17	253	15	65
17	469	15	65
21	255	15	65
27	137	15	65
27	138	15	65
30	398	15	65
30	409	15	65
31	375	15	65
33	136	15	65
33	147	15	65
34	142	15	65
36	55	15	65
37	6	15	65
37	379	15	65
42	151	15	65
43	506	15	65
45	104	15	65
46	22	15	65
46	283	15	65
46	348	15	65
3	219	16	65
3	253	16	65
4	493	16	65
5	220	16	65
8	175	16	65
11	90	16	65
11	108	16	65
11	185	16	65
12	251	16	65
14	6	16	65
14	64	16	65
16	74	16	65
18	264	16	65
19	505	16	65
20	157	16	65
23	323	16	65
25	68	16	65
26	299	16	65
26	508	16	65
30	46	16	65
30	56	16	65
32	92	16	65
32	142	16	65
32	250	16	65
32	353	16	65
34	264	16	65
34	501	16	65
37	453	16	65
40	500	16	65
41	186	16	65
42	61	16	65
46	60	16	65
1	383	17	65
2	257	17	65
3	405	17	65
6	422	17	65
8	46	17	65
9	111	17	65
10	51	17	65
10	325	17	65
15	375	17	65
17	486	17	65
18	501	17	65
21	453	17	65
24	395	17	65
24	439	17	65
24	482	17	65
25	111	17	65
30	474	17	65
31	22	17	65
31	208	17	65
33	305	17	65
34	496	17	65
35	341	17	65
35	434	17	65
36	434	17	65
42	484	17	65
1	19	18	65
3	394	18	65
4	299	18	65
4	308	18	65
6	112	18	65
9	168	18	65
9	360	18	65
12	48	18	65
13	221	18	65
14	212	18	65
15	495	18	65
16	325	18	65
17	147	18	65
17	499	18	65
20	76	18	65
20	434	18	65
27	78	18	65
28	139	18	65
32	26	18	65
33	499	18	65
35	487	18	65
35	509	18	65
37	255	18	65
39	260	18	65
40	223	18	65
40	280	18	65
41	107	18	65
41	391	18	65
45	324	18	65
3	335	19	65
5	236	19	65
8	201	19	65
8	370	19	65
8	496	19	65
10	92	19	65
11	511	19	65
12	433	19	65
14	14	19	65
19	173	19	65
19	222	19	65
20	173	19	65
26	107	19	65
26	379	19	65
27	398	19	65
29	221	19	65
30	14	19	65
30	119	19	65
30	243	19	65
31	318	19	65
32	62	19	65
32	120	19	65
32	325	19	65
39	496	19	65
40	48	19	65
41	354	19	65
44	405	19	65
45	443	19	65
3	237	20	65
3	249	20	65
4	496	20	65
5	159	20	65
5	491	20	65
7	35	20	65
8	439	20	65
9	139	20	65
9	140	20	65
9	301	20	65
9	420	20	65
9	457	20	65
10	107	20	65
13	211	20	65
13	224	20	65
13	395	20	65
14	117	20	65
15	318	20	65
16	28	20	65
16	92	20	65
16	120	20	65
17	467	20	65
18	484	20	65
24	46	20	65
24	201	20	65
24	370	20	65
25	420	20	65
27	75	20	65
27	511	20	65
29	211	20	65
32	28	20	65
34	19	20	65
39	238	20	65
40	450	20	65
41	443	20	65
11	398	21	65
16	26	21	65
16	142	21	65
16	429	21	65
19	357	21	65
23	398	21	65
24	175	21	65
27	87	21	65
32	441	21	65
35	144	21	65
35	505	21	65
36	157	21	65
38	113	21	65
44	54	21	65
46	186	21	65
3	205	22	65
6	33	22	65
10	203	22	65
11	406	22	65
12	139	22	65
23	167	22	65
29	395	22	65
30	64	22	65
33	467	22	65
35	342	22	65
36	30	22	65
39	193	22	65
41	19	22	65
45	303	22	65
2	84	23	65
7	303	23	65
10	299	23	65
24	11	23	65
28	48	23	65
31	209	23	65
33	105	23	65
36	214	23	65
44	156	23	65
2	211	24	65
2	403	24	65
13	148	24	65
15	209	24	65
20	214	24	65
25	301	24	65
32	130	24	65
41	508	24	65
44	291	24	65
45	280	24	65
3	88	25	65
9	68	25	65
14	396	25	65
16	228	25	65
16	487	25	65
46	379	25	65
2	370	26	65
11	78	26	65
23	199	26	65
27	273	26	65
28	386	26	65
29	148	26	65
29	290	26	65
40	309	26	65
45	237	26	65
16	432	27	65
17	365	27	65
29	387	27	65
39	316	27	65
4	309	28	65
10	461	28	65
16	130	28	65
16	441	28	65
17	105	28	65
9	349	29	65
13	273	29	65
25	349	29	65
30	396	29	65
44	119	29	65
46	390	29	65
4	272	30	65
13	290	30	65
15	351	30	65
23	57	30	65
23	206	30	65
23	242	30	65
25	360	30	65
29	273	30	65
32	429	30	65
40	230	30	65
43	300	30	65
43	388	30	65
46	25	30	65
1	320	31	65
3	45	31	65
3	507	31	65
12	386	31	65
18	19	31	65
21	478	31	65
26	461	31	65
32	432	31	65
10	488	32	65
13	387	32	65
17	243	32	65
19	372	32	65
23	356	32	65
29	181	32	65
36	173	32	65
39	398	32	65
40	449	32	65
11	163	33	65
13	181	33	65
15	193	33	65
25	49	33	65
27	406	33	65
35	372	33	65
11	273	34	65
12	63	34	65
9	49	35	65
23	496	35	65
31	346	35	65
33	243	35	65
39	242	35	65
8	11	36	65
39	323	36	65
41	145	36	65
43	278	36	65
31	193	37	65
32	228	37	65
40	503	37	65
40	87	38	65
37	478	39	65
43	49	39	65
31	6	41	65
4	252	42	65
25	154	43	65
9	154	44	65
31	199	44	65
31	494	46	65
15	6	48	65
39	356	48	65
15	199	51	65
15	494	52	65
4	488	56	65
