mtp	tensor	die	first_row	rows	bytes
false	output.weight	0	0	41386	59595840
false	output.weight	1	41386	41387	59597280
false	output.weight	3	82773	41387	59597280
false	output.weight	4	124160	41386	59595840
false	output.weight	5	165546	41387	59597280
false	output.weight	7	206933	41387	59597280
false	output_hc_down.weight	0	0	53	576640
false	output_hc_down.weight	1	53	53	576640
false	output_hc_down.weight	3	106	54	587520
false	output_hc_down.weight	4	160	53	576640
false	output_hc_down.weight	5	213	53	576640
false	output_hc_down.weight	7	266	54	587520
false	output_hc_up.weight	0	0	1706	580040
false	output_hc_up.weight	1	1706	1707	580380
false	output_hc_up.weight	3	3413	1707	580380
false	output_hc_up.weight	4	5120	1706	580040
false	output_hc_up.weight	5	6826	1707	580380
false	output_hc_up.weight	7	8533	1707	580380
false	blk.0.attn_gate.weight	0	0	1024	1802240
false	blk.0.attn_gate.weight	1	1024	1024	1802240
false	blk.0.attn_gate.weight	3	2048	1024	1802240
false	blk.0.attn_gate.weight	4	3072	1024	1802240
false	blk.0.attn_gate.weight	5	4096	1024	1802240
false	blk.0.attn_gate.weight	7	5120	1024	1802240
false	blk.0.attn_qkv.weight	0	0	1706	3002560
false	blk.0.attn_qkv.weight	1	1706	1707	3004320
false	blk.0.attn_qkv.weight	3	3413	1707	3004320
false	blk.0.attn_qkv.weight	4	5120	1706	3002560
false	blk.0.attn_qkv.weight	5	6826	1707	3004320
false	blk.0.attn_qkv.weight	7	8533	1707	3004320
false	blk.0.ffn_down_shexp.weight	0	0	426	289680
false	blk.0.ffn_down_shexp.weight	1	426	427	290360
false	blk.0.ffn_down_shexp.weight	3	853	427	290360
false	blk.0.ffn_down_shexp.weight	4	1280	426	289680
false	blk.0.ffn_down_shexp.weight	5	1706	427	290360
false	blk.0.ffn_down_shexp.weight	7	2133	427	290360
false	blk.0.ffn_gate_inp.weight	0	0	85	870400
false	blk.0.ffn_gate_inp.weight	1	85	85	870400
false	blk.0.ffn_gate_inp.weight	3	170	86	880640
false	blk.0.ffn_gate_inp.weight	4	256	85	870400
false	blk.0.ffn_gate_inp.weight	5	341	85	870400
false	blk.0.ffn_gate_inp.weight	7	426	86	880640
false	blk.0.ffn_gate_shexp.weight	0	0	106	186560
false	blk.0.ffn_gate_shexp.weight	1	106	107	188320
false	blk.0.ffn_gate_shexp.weight	3	213	107	188320
false	blk.0.ffn_gate_shexp.weight	4	320	106	186560
false	blk.0.ffn_gate_shexp.weight	5	426	107	188320
false	blk.0.ffn_gate_shexp.weight	7	533	107	188320
false	blk.0.ffn_up_shexp.weight	0	0	106	186560
false	blk.0.ffn_up_shexp.weight	1	106	107	188320
false	blk.0.ffn_up_shexp.weight	3	213	107	188320
false	blk.0.ffn_up_shexp.weight	4	320	106	186560
false	blk.0.ffn_up_shexp.weight	5	426	107	188320
false	blk.0.ffn_up_shexp.weight	7	533	107	188320
false	blk.0.hc_attn_down.weight	0	0	53	576640
false	blk.0.hc_attn_down.weight	1	53	53	576640
false	blk.0.hc_attn_down.weight	3	106	54	587520
false	blk.0.hc_attn_down.weight	4	160	53	576640
false	blk.0.hc_attn_down.weight	5	213	53	576640
false	blk.0.hc_attn_down.weight	7	266	54	587520
false	blk.0.hc_attn_inject.weight	1	0	1	40960
false	blk.0.hc_attn_inject.weight	3	1	1	40960
false	blk.0.hc_attn_inject.weight	5	2	1	40960
false	blk.0.hc_attn_inject.weight	7	3	1	40960
false	blk.0.hc_attn_up.weight	0	0	1706	580040
false	blk.0.hc_attn_up.weight	1	1706	1707	580380
false	blk.0.hc_attn_up.weight	3	3413	1707	580380
false	blk.0.hc_attn_up.weight	4	5120	1706	580040
false	blk.0.hc_attn_up.weight	5	6826	1707	580380
false	blk.0.hc_attn_up.weight	7	8533	1707	580380
false	blk.0.hc_ffn_down.weight	0	0	53	576640
false	blk.0.hc_ffn_down.weight	1	53	53	576640
false	blk.0.hc_ffn_down.weight	3	106	54	587520
false	blk.0.hc_ffn_down.weight	4	160	53	576640
false	blk.0.hc_ffn_down.weight	5	213	53	576640
false	blk.0.hc_ffn_down.weight	7	266	54	587520
false	blk.0.hc_ffn_inject.weight	1	0	1	40960
false	blk.0.hc_ffn_inject.weight	3	1	1	40960
false	blk.0.hc_ffn_inject.weight	5	2	1	40960
false	blk.0.hc_ffn_inject.weight	7	3	1	40960
false	blk.0.hc_ffn_up.weight	0	0	1706	580040
false	blk.0.hc_ffn_up.weight	1	1706	1707	580380
false	blk.0.hc_ffn_up.weight	3	3413	1707	580380
false	blk.0.hc_ffn_up.weight	4	5120	1706	580040
false	blk.0.hc_ffn_up.weight	5	6826	1707	580380
false	blk.0.hc_ffn_up.weight	7	8533	1707	580380
false	blk.0.ssm_out.weight	0	0	426	2147040
false	blk.0.ssm_out.weight	1	426	427	2152080
false	blk.0.ssm_out.weight	3	853	427	2152080
false	blk.0.ssm_out.weight	4	1280	426	2147040
false	blk.0.ssm_out.weight	5	1706	427	2152080
false	blk.0.ssm_out.weight	7	2133	427	2152080
false	blk.1.attn_gate.weight	0	0	1024	1802240
false	blk.1.attn_gate.weight	1	1024	1024	1802240
false	blk.1.attn_gate.weight	3	2048	1024	1802240
false	blk.1.attn_gate.weight	4	3072	1024	1802240
false	blk.1.attn_gate.weight	5	4096	1024	1802240
false	blk.1.attn_gate.weight	7	5120	1024	1802240
false	blk.1.attn_qkv.weight	0	0	1706	3002560
false	blk.1.attn_qkv.weight	1	1706	1707	3004320
false	blk.1.attn_qkv.weight	3	3413	1707	3004320
false	blk.1.attn_qkv.weight	4	5120	1706	3002560
false	blk.1.attn_qkv.weight	5	6826	1707	3004320
false	blk.1.attn_qkv.weight	7	8533	1707	3004320
false	blk.1.ffn_down_shexp.weight	0	0	426	289680
false	blk.1.ffn_down_shexp.weight	1	426	427	290360
false	blk.1.ffn_down_shexp.weight	3	853	427	290360
false	blk.1.ffn_down_shexp.weight	4	1280	426	289680
false	blk.1.ffn_down_shexp.weight	5	1706	427	290360
false	blk.1.ffn_down_shexp.weight	7	2133	427	290360
false	blk.1.ffn_gate_inp.weight	0	0	85	870400
false	blk.1.ffn_gate_inp.weight	1	85	85	870400
false	blk.1.ffn_gate_inp.weight	3	170	86	880640
false	blk.1.ffn_gate_inp.weight	4	256	85	870400
false	blk.1.ffn_gate_inp.weight	5	341	85	870400
false	blk.1.ffn_gate_inp.weight	7	426	86	880640
false	blk.1.ffn_gate_shexp.weight	0	0	106	186560
false	blk.1.ffn_gate_shexp.weight	1	106	107	188320
false	blk.1.ffn_gate_shexp.weight	3	213	107	188320
false	blk.1.ffn_gate_shexp.weight	4	320	106	186560
false	blk.1.ffn_gate_shexp.weight	5	426	107	188320
false	blk.1.ffn_gate_shexp.weight	7	533	107	188320
false	blk.1.ffn_up_shexp.weight	0	0	106	186560
false	blk.1.ffn_up_shexp.weight	1	106	107	188320
false	blk.1.ffn_up_shexp.weight	3	213	107	188320
false	blk.1.ffn_up_shexp.weight	4	320	106	186560
false	blk.1.ffn_up_shexp.weight	5	426	107	188320
false	blk.1.ffn_up_shexp.weight	7	533	107	188320
false	blk.1.hc_attn_down.weight	0	0	53	576640
false	blk.1.hc_attn_down.weight	1	53	53	576640
false	blk.1.hc_attn_down.weight	3	106	54	587520
false	blk.1.hc_attn_down.weight	4	160	53	576640
false	blk.1.hc_attn_down.weight	5	213	53	576640
false	blk.1.hc_attn_down.weight	7	266	54	587520
false	blk.1.hc_attn_inject.weight	1	0	1	40960
false	blk.1.hc_attn_inject.weight	3	1	1	40960
false	blk.1.hc_attn_inject.weight	5	2	1	40960
false	blk.1.hc_attn_inject.weight	7	3	1	40960
false	blk.1.hc_attn_up.weight	0	0	1706	580040
false	blk.1.hc_attn_up.weight	1	1706	1707	580380
false	blk.1.hc_attn_up.weight	3	3413	1707	580380
false	blk.1.hc_attn_up.weight	4	5120	1706	580040
false	blk.1.hc_attn_up.weight	5	6826	1707	580380
false	blk.1.hc_attn_up.weight	7	8533	1707	580380
false	blk.1.hc_ffn_down.weight	0	0	53	576640
false	blk.1.hc_ffn_down.weight	1	53	53	576640
false	blk.1.hc_ffn_down.weight	3	106	54	587520
false	blk.1.hc_ffn_down.weight	4	160	53	576640
false	blk.1.hc_ffn_down.weight	5	213	53	576640
false	blk.1.hc_ffn_down.weight	7	266	54	587520
false	blk.1.hc_ffn_inject.weight	1	0	1	40960
false	blk.1.hc_ffn_inject.weight	3	1	1	40960
false	blk.1.hc_ffn_inject.weight	5	2	1	40960
false	blk.1.hc_ffn_inject.weight	7	3	1	40960
false	blk.1.hc_ffn_up.weight	0	0	1706	580040
false	blk.1.hc_ffn_up.weight	1	1706	1707	580380
false	blk.1.hc_ffn_up.weight	3	3413	1707	580380
false	blk.1.hc_ffn_up.weight	4	5120	1706	580040
false	blk.1.hc_ffn_up.weight	5	6826	1707	580380
false	blk.1.hc_ffn_up.weight	7	8533	1707	580380
false	blk.1.ple_key.weight	0	0	1706	4640320
false	blk.1.ple_key.weight	1	1706	1707	4643040
false	blk.1.ple_key.weight	3	3413	1707	4643040
false	blk.1.ple_key.weight	4	5120	1706	4640320
false	blk.1.ple_key.weight	5	6826	1707	4643040
false	blk.1.ple_key.weight	7	8533	1707	4643040
false	blk.1.ple_value.weight	0	0	426	1158720
false	blk.1.ple_value.weight	1	426	427	1161440
false	blk.1.ple_value.weight	3	853	427	1161440
false	blk.1.ple_value.weight	4	1280	426	1158720
false	blk.1.ple_value.weight	5	1706	427	1161440
false	blk.1.ple_value.weight	7	2133	427	1161440
false	blk.1.ssm_out.weight	0	0	426	2147040
false	blk.1.ssm_out.weight	1	426	427	2152080
false	blk.1.ssm_out.weight	3	853	427	2152080
false	blk.1.ssm_out.weight	4	1280	426	2147040
false	blk.1.ssm_out.weight	5	1706	427	2152080
false	blk.1.ssm_out.weight	7	2133	427	2152080
false	blk.2.attn_gate.weight	0	0	1024	2150400
false	blk.2.attn_gate.weight	1	1024	1024	2150400
false	blk.2.attn_gate.weight	3	2048	1024	2150400
false	blk.2.attn_gate.weight	4	3072	1024	2150400
false	blk.2.attn_gate.weight	5	4096	1024	2150400
false	blk.2.attn_gate.weight	7	5120	1024	2150400
false	blk.2.attn_qkv.weight	0	0	1706	3582600
false	blk.2.attn_qkv.weight	1	1706	1707	3584700
false	blk.2.attn_qkv.weight	3	3413	1707	3584700
false	blk.2.attn_qkv.weight	4	5120	1706	3582600
false	blk.2.attn_qkv.weight	5	6826	1707	3584700
false	blk.2.attn_qkv.weight	7	8533	1707	3584700
false	blk.2.ffn_down_shexp.weight	0	0	426	289680
false	blk.2.ffn_down_shexp.weight	1	426	427	290360
false	blk.2.ffn_down_shexp.weight	3	853	427	290360
false	blk.2.ffn_down_shexp.weight	4	1280	426	289680
false	blk.2.ffn_down_shexp.weight	5	1706	427	290360
false	blk.2.ffn_down_shexp.weight	7	2133	427	290360
false	blk.2.ffn_gate_inp.weight	0	0	85	870400
false	blk.2.ffn_gate_inp.weight	1	85	85	870400
false	blk.2.ffn_gate_inp.weight	3	170	86	880640
false	blk.2.ffn_gate_inp.weight	4	256	85	870400
false	blk.2.ffn_gate_inp.weight	5	341	85	870400
false	blk.2.ffn_gate_inp.weight	7	426	86	880640
false	blk.2.ffn_gate_shexp.weight	0	0	106	222600
false	blk.2.ffn_gate_shexp.weight	1	106	107	224700
false	blk.2.ffn_gate_shexp.weight	3	213	107	224700
false	blk.2.ffn_gate_shexp.weight	4	320	106	222600
false	blk.2.ffn_gate_shexp.weight	5	426	107	224700
false	blk.2.ffn_gate_shexp.weight	7	533	107	224700
false	blk.2.ffn_up_shexp.weight	0	0	106	222600
false	blk.2.ffn_up_shexp.weight	1	106	107	224700
false	blk.2.ffn_up_shexp.weight	3	213	107	224700
false	blk.2.ffn_up_shexp.weight	4	320	106	222600
false	blk.2.ffn_up_shexp.weight	5	426	107	224700
false	blk.2.ffn_up_shexp.weight	7	533	107	224700
false	blk.2.hc_attn_down.weight	0	0	53	576640
false	blk.2.hc_attn_down.weight	1	53	53	576640
false	blk.2.hc_attn_down.weight	3	106	54	587520
false	blk.2.hc_attn_down.weight	4	160	53	576640
false	blk.2.hc_attn_down.weight	5	213	53	576640
false	blk.2.hc_attn_down.weight	7	266	54	587520
false	blk.2.hc_attn_inject.weight	1	0	1	40960
false	blk.2.hc_attn_inject.weight	3	1	1	40960
false	blk.2.hc_attn_inject.weight	5	2	1	40960
false	blk.2.hc_attn_inject.weight	7	3	1	40960
false	blk.2.hc_attn_up.weight	0	0	1706	580040
false	blk.2.hc_attn_up.weight	1	1706	1707	580380
false	blk.2.hc_attn_up.weight	3	3413	1707	580380
false	blk.2.hc_attn_up.weight	4	5120	1706	580040
false	blk.2.hc_attn_up.weight	5	6826	1707	580380
false	blk.2.hc_attn_up.weight	7	8533	1707	580380
false	blk.2.hc_ffn_down.weight	0	0	53	576640
false	blk.2.hc_ffn_down.weight	1	53	53	576640
false	blk.2.hc_ffn_down.weight	3	106	54	587520
false	blk.2.hc_ffn_down.weight	4	160	53	576640
false	blk.2.hc_ffn_down.weight	5	213	53	576640
false	blk.2.hc_ffn_down.weight	7	266	54	587520
false	blk.2.hc_ffn_inject.weight	1	0	1	40960
false	blk.2.hc_ffn_inject.weight	3	1	1	40960
false	blk.2.hc_ffn_inject.weight	5	2	1	40960
false	blk.2.hc_ffn_inject.weight	7	3	1	40960
false	blk.2.hc_ffn_up.weight	0	0	1706	580040
false	blk.2.hc_ffn_up.weight	1	1706	1707	580380
false	blk.2.hc_ffn_up.weight	3	3413	1707	580380
false	blk.2.hc_ffn_up.weight	4	5120	1706	580040
false	blk.2.hc_ffn_up.weight	5	6826	1707	580380
false	blk.2.hc_ffn_up.weight	7	8533	1707	580380
false	blk.2.ssm_out.weight	0	0	426	2147040
false	blk.2.ssm_out.weight	1	426	427	2152080
false	blk.2.ssm_out.weight	3	853	427	2152080
false	blk.2.ssm_out.weight	4	1280	426	2147040
false	blk.2.ssm_out.weight	5	1706	427	2152080
false	blk.2.ssm_out.weight	7	2133	427	2152080
false	blk.3.attn_k.weight	0	0	85	178500
false	blk.3.attn_k.weight	1	85	85	178500
false	blk.3.attn_k.weight	3	170	86	180600
false	blk.3.attn_k.weight	4	256	85	178500
false	blk.3.attn_k.weight	5	341	85	178500
false	blk.3.attn_k.weight	7	426	86	180600
false	blk.3.attn_output.weight	0	0	426	1799424
false	blk.3.attn_output.weight	1	426	427	1803648
false	blk.3.attn_output.weight	3	853	427	1803648
false	blk.3.attn_output.weight	4	1280	426	1799424
false	blk.3.attn_output.weight	5	1706	427	1803648
false	blk.3.attn_output.weight	7	2133	427	1803648
false	blk.3.attn_q.weight	0	0	2048	3604480
false	blk.3.attn_q.weight	1	2048	2048	3604480
false	blk.3.attn_q.weight	3	4096	2048	3604480
false	blk.3.attn_q.weight	4	6144	2048	3604480
false	blk.3.attn_q.weight	5	8192	2048	3604480
false	blk.3.attn_q.weight	7	10240	2048	3604480
false	blk.3.attn_v.weight	0	0	85	178500
false	blk.3.attn_v.weight	1	85	85	178500
false	blk.3.attn_v.weight	3	170	86	180600
false	blk.3.attn_v.weight	4	256	85	178500
false	blk.3.attn_v.weight	5	341	85	178500
false	blk.3.attn_v.weight	7	426	86	180600
false	blk.3.ffn_down_shexp.weight	0	0	426	289680
false	blk.3.ffn_down_shexp.weight	1	426	427	290360
false	blk.3.ffn_down_shexp.weight	3	853	427	290360
false	blk.3.ffn_down_shexp.weight	4	1280	426	289680
false	blk.3.ffn_down_shexp.weight	5	1706	427	290360
false	blk.3.ffn_down_shexp.weight	7	2133	427	290360
false	blk.3.ffn_gate_inp.weight	0	0	85	870400
false	blk.3.ffn_gate_inp.weight	1	85	85	870400
false	blk.3.ffn_gate_inp.weight	3	170	86	880640
false	blk.3.ffn_gate_inp.weight	4	256	85	870400
false	blk.3.ffn_gate_inp.weight	5	341	85	870400
false	blk.3.ffn_gate_inp.weight	7	426	86	880640
false	blk.3.ffn_gate_shexp.weight	0	0	106	186560
false	blk.3.ffn_gate_shexp.weight	1	106	107	188320
false	blk.3.ffn_gate_shexp.weight	3	213	107	188320
false	blk.3.ffn_gate_shexp.weight	4	320	106	186560
false	blk.3.ffn_gate_shexp.weight	5	426	107	188320
false	blk.3.ffn_gate_shexp.weight	7	533	107	188320
false	blk.3.ffn_up_shexp.weight	0	0	106	186560
false	blk.3.ffn_up_shexp.weight	1	106	107	188320
false	blk.3.ffn_up_shexp.weight	3	213	107	188320
false	blk.3.ffn_up_shexp.weight	4	320	106	186560
false	blk.3.ffn_up_shexp.weight	5	426	107	188320
false	blk.3.ffn_up_shexp.weight	7	533	107	188320
false	blk.3.hc_attn_down.weight	0	0	53	576640
false	blk.3.hc_attn_down.weight	1	53	53	576640
false	blk.3.hc_attn_down.weight	3	106	54	587520
false	blk.3.hc_attn_down.weight	4	160	53	576640
false	blk.3.hc_attn_down.weight	5	213	53	576640
false	blk.3.hc_attn_down.weight	7	266	54	587520
false	blk.3.hc_attn_inject.weight	1	0	1	40960
false	blk.3.hc_attn_inject.weight	3	1	1	40960
false	blk.3.hc_attn_inject.weight	5	2	1	40960
false	blk.3.hc_attn_inject.weight	7	3	1	40960
false	blk.3.hc_attn_up.weight	0	0	1706	580040
false	blk.3.hc_attn_up.weight	1	1706	1707	580380
false	blk.3.hc_attn_up.weight	3	3413	1707	580380
false	blk.3.hc_attn_up.weight	4	5120	1706	580040
false	blk.3.hc_attn_up.weight	5	6826	1707	580380
false	blk.3.hc_attn_up.weight	7	8533	1707	580380
false	blk.3.hc_ffn_down.weight	0	0	53	576640
false	blk.3.hc_ffn_down.weight	1	53	53	576640
false	blk.3.hc_ffn_down.weight	3	106	54	587520
false	blk.3.hc_ffn_down.weight	4	160	53	576640
false	blk.3.hc_ffn_down.weight	5	213	53	576640
false	blk.3.hc_ffn_down.weight	7	266	54	587520
false	blk.3.hc_ffn_inject.weight	1	0	1	40960
false	blk.3.hc_ffn_inject.weight	3	1	1	40960
false	blk.3.hc_ffn_inject.weight	5	2	1	40960
false	blk.3.hc_ffn_inject.weight	7	3	1	40960
false	blk.3.hc_ffn_up.weight	0	0	1706	580040
false	blk.3.hc_ffn_up.weight	1	1706	1707	580380
false	blk.3.hc_ffn_up.weight	3	3413	1707	580380
false	blk.3.hc_ffn_up.weight	4	5120	1706	580040
false	blk.3.hc_ffn_up.weight	5	6826	1707	580380
false	blk.3.hc_ffn_up.weight	7	8533	1707	580380
false	blk.3.indexer.k_proj.weight	0	0	21	107520
false	blk.3.indexer.k_proj.weight	1	21	21	107520
false	blk.3.indexer.k_proj.weight	3	42	22	112640
false	blk.3.indexer.k_proj.weight	4	64	21	107520
false	blk.3.indexer.k_proj.weight	5	85	21	107520
false	blk.3.indexer.k_proj.weight	7	106	22	112640
false	blk.3.indexer.q_proj.weight	0	0	85	435200
false	blk.3.indexer.q_proj.weight	1	85	85	435200
false	blk.3.indexer.q_proj.weight	3	170	86	440320
false	blk.3.indexer.q_proj.weight	4	256	85	435200
false	blk.3.indexer.q_proj.weight	5	341	85	435200
false	blk.3.indexer.q_proj.weight	7	426	86	440320
false	blk.4.attn_gate.weight	0	0	1024	1802240
false	blk.4.attn_gate.weight	1	1024	1024	1802240
false	blk.4.attn_gate.weight	3	2048	1024	1802240
false	blk.4.attn_gate.weight	4	3072	1024	1802240
false	blk.4.attn_gate.weight	5	4096	1024	1802240
false	blk.4.attn_gate.weight	7	5120	1024	1802240
false	blk.4.attn_qkv.weight	0	0	1706	3002560
false	blk.4.attn_qkv.weight	1	1706	1707	3004320
false	blk.4.attn_qkv.weight	3	3413	1707	3004320
false	blk.4.attn_qkv.weight	4	5120	1706	3002560
false	blk.4.attn_qkv.weight	5	6826	1707	3004320
false	blk.4.attn_qkv.weight	7	8533	1707	3004320
false	blk.4.ffn_down_shexp.weight	0	0	426	289680
false	blk.4.ffn_down_shexp.weight	1	426	427	290360
false	blk.4.ffn_down_shexp.weight	3	853	427	290360
false	blk.4.ffn_down_shexp.weight	4	1280	426	289680
false	blk.4.ffn_down_shexp.weight	5	1706	427	290360
false	blk.4.ffn_down_shexp.weight	7	2133	427	290360
false	blk.4.ffn_gate_inp.weight	0	0	85	870400
false	blk.4.ffn_gate_inp.weight	1	85	85	870400
false	blk.4.ffn_gate_inp.weight	3	170	86	880640
false	blk.4.ffn_gate_inp.weight	4	256	85	870400
false	blk.4.ffn_gate_inp.weight	5	341	85	870400
false	blk.4.ffn_gate_inp.weight	7	426	86	880640
false	blk.4.ffn_gate_shexp.weight	0	0	106	186560
false	blk.4.ffn_gate_shexp.weight	1	106	107	188320
false	blk.4.ffn_gate_shexp.weight	3	213	107	188320
false	blk.4.ffn_gate_shexp.weight	4	320	106	186560
false	blk.4.ffn_gate_shexp.weight	5	426	107	188320
false	blk.4.ffn_gate_shexp.weight	7	533	107	188320
false	blk.4.ffn_up_shexp.weight	0	0	106	186560
false	blk.4.ffn_up_shexp.weight	1	106	107	188320
false	blk.4.ffn_up_shexp.weight	3	213	107	188320
false	blk.4.ffn_up_shexp.weight	4	320	106	186560
false	blk.4.ffn_up_shexp.weight	5	426	107	188320
false	blk.4.ffn_up_shexp.weight	7	533	107	188320
false	blk.4.hc_attn_down.weight	0	0	53	576640
false	blk.4.hc_attn_down.weight	1	53	53	576640
false	blk.4.hc_attn_down.weight	3	106	54	587520
false	blk.4.hc_attn_down.weight	4	160	53	576640
false	blk.4.hc_attn_down.weight	5	213	53	576640
false	blk.4.hc_attn_down.weight	7	266	54	587520
false	blk.4.hc_attn_inject.weight	1	0	1	40960
false	blk.4.hc_attn_inject.weight	3	1	1	40960
false	blk.4.hc_attn_inject.weight	5	2	1	40960
false	blk.4.hc_attn_inject.weight	7	3	1	40960
false	blk.4.hc_attn_up.weight	0	0	1706	580040
false	blk.4.hc_attn_up.weight	1	1706	1707	580380
false	blk.4.hc_attn_up.weight	3	3413	1707	580380
false	blk.4.hc_attn_up.weight	4	5120	1706	580040
false	blk.4.hc_attn_up.weight	5	6826	1707	580380
false	blk.4.hc_attn_up.weight	7	8533	1707	580380
false	blk.4.hc_ffn_down.weight	0	0	53	576640
false	blk.4.hc_ffn_down.weight	1	53	53	576640
false	blk.4.hc_ffn_down.weight	3	106	54	587520
false	blk.4.hc_ffn_down.weight	4	160	53	576640
false	blk.4.hc_ffn_down.weight	5	213	53	576640
false	blk.4.hc_ffn_down.weight	7	266	54	587520
false	blk.4.hc_ffn_inject.weight	1	0	1	40960
false	blk.4.hc_ffn_inject.weight	3	1	1	40960
false	blk.4.hc_ffn_inject.weight	5	2	1	40960
false	blk.4.hc_ffn_inject.weight	7	3	1	40960
false	blk.4.hc_ffn_up.weight	0	0	1706	580040
false	blk.4.hc_ffn_up.weight	1	1706	1707	580380
false	blk.4.hc_ffn_up.weight	3	3413	1707	580380
false	blk.4.hc_ffn_up.weight	4	5120	1706	580040
false	blk.4.hc_ffn_up.weight	5	6826	1707	580380
false	blk.4.hc_ffn_up.weight	7	8533	1707	580380
false	blk.4.ssm_out.weight	0	0	426	2147040
false	blk.4.ssm_out.weight	1	426	427	2152080
false	blk.4.ssm_out.weight	3	853	427	2152080
false	blk.4.ssm_out.weight	4	1280	426	2147040
false	blk.4.ssm_out.weight	5	1706	427	2152080
false	blk.4.ssm_out.weight	7	2133	427	2152080
false	blk.5.attn_gate.weight	0	0	1024	1802240
false	blk.5.attn_gate.weight	1	1024	1024	1802240
false	blk.5.attn_gate.weight	3	2048	1024	1802240
false	blk.5.attn_gate.weight	4	3072	1024	1802240
false	blk.5.attn_gate.weight	5	4096	1024	1802240
false	blk.5.attn_gate.weight	7	5120	1024	1802240
false	blk.5.attn_qkv.weight	0	0	1706	3002560
false	blk.5.attn_qkv.weight	1	1706	1707	3004320
false	blk.5.attn_qkv.weight	3	3413	1707	3004320
false	blk.5.attn_qkv.weight	4	5120	1706	3002560
false	blk.5.attn_qkv.weight	5	6826	1707	3004320
false	blk.5.attn_qkv.weight	7	8533	1707	3004320
false	blk.5.ffn_down_shexp.weight	0	0	426	289680
false	blk.5.ffn_down_shexp.weight	1	426	427	290360
false	blk.5.ffn_down_shexp.weight	3	853	427	290360
false	blk.5.ffn_down_shexp.weight	4	1280	426	289680
false	blk.5.ffn_down_shexp.weight	5	1706	427	290360
false	blk.5.ffn_down_shexp.weight	7	2133	427	290360
false	blk.5.ffn_gate_inp.weight	0	0	85	870400
false	blk.5.ffn_gate_inp.weight	1	85	85	870400
false	blk.5.ffn_gate_inp.weight	3	170	86	880640
false	blk.5.ffn_gate_inp.weight	4	256	85	870400
false	blk.5.ffn_gate_inp.weight	5	341	85	870400
false	blk.5.ffn_gate_inp.weight	7	426	86	880640
false	blk.5.ffn_gate_shexp.weight	0	0	106	186560
false	blk.5.ffn_gate_shexp.weight	1	106	107	188320
false	blk.5.ffn_gate_shexp.weight	3	213	107	188320
false	blk.5.ffn_gate_shexp.weight	4	320	106	186560
false	blk.5.ffn_gate_shexp.weight	5	426	107	188320
false	blk.5.ffn_gate_shexp.weight	7	533	107	188320
false	blk.5.ffn_up_shexp.weight	0	0	106	186560
false	blk.5.ffn_up_shexp.weight	1	106	107	188320
false	blk.5.ffn_up_shexp.weight	3	213	107	188320
false	blk.5.ffn_up_shexp.weight	4	320	106	186560
false	blk.5.ffn_up_shexp.weight	5	426	107	188320
false	blk.5.ffn_up_shexp.weight	7	533	107	188320
false	blk.5.hc_attn_down.weight	0	0	53	576640
false	blk.5.hc_attn_down.weight	1	53	53	576640
false	blk.5.hc_attn_down.weight	3	106	54	587520
false	blk.5.hc_attn_down.weight	4	160	53	576640
false	blk.5.hc_attn_down.weight	5	213	53	576640
false	blk.5.hc_attn_down.weight	7	266	54	587520
false	blk.5.hc_attn_inject.weight	1	0	1	40960
false	blk.5.hc_attn_inject.weight	3	1	1	40960
false	blk.5.hc_attn_inject.weight	5	2	1	40960
false	blk.5.hc_attn_inject.weight	7	3	1	40960
false	blk.5.hc_attn_up.weight	0	0	1706	580040
false	blk.5.hc_attn_up.weight	1	1706	1707	580380
false	blk.5.hc_attn_up.weight	3	3413	1707	580380
false	blk.5.hc_attn_up.weight	4	5120	1706	580040
false	blk.5.hc_attn_up.weight	5	6826	1707	580380
false	blk.5.hc_attn_up.weight	7	8533	1707	580380
false	blk.5.hc_ffn_down.weight	0	0	53	576640
false	blk.5.hc_ffn_down.weight	1	53	53	576640
false	blk.5.hc_ffn_down.weight	3	106	54	587520
false	blk.5.hc_ffn_down.weight	4	160	53	576640
false	blk.5.hc_ffn_down.weight	5	213	53	576640
false	blk.5.hc_ffn_down.weight	7	266	54	587520
false	blk.5.hc_ffn_inject.weight	1	0	1	40960
false	blk.5.hc_ffn_inject.weight	3	1	1	40960
false	blk.5.hc_ffn_inject.weight	5	2	1	40960
false	blk.5.hc_ffn_inject.weight	7	3	1	40960
false	blk.5.hc_ffn_up.weight	0	0	1706	580040
false	blk.5.hc_ffn_up.weight	1	1706	1707	580380
false	blk.5.hc_ffn_up.weight	3	3413	1707	580380
false	blk.5.hc_ffn_up.weight	4	5120	1706	580040
false	blk.5.hc_ffn_up.weight	5	6826	1707	580380
false	blk.5.hc_ffn_up.weight	7	8533	1707	580380
false	blk.5.ssm_out.weight	0	0	426	2147040
false	blk.5.ssm_out.weight	1	426	427	2152080
false	blk.5.ssm_out.weight	3	853	427	2152080
false	blk.5.ssm_out.weight	4	1280	426	2147040
false	blk.5.ssm_out.weight	5	1706	427	2152080
false	blk.5.ssm_out.weight	7	2133	427	2152080
false	blk.6.attn_gate.weight	0	0	1024	1802240
false	blk.6.attn_gate.weight	1	1024	1024	1802240
false	blk.6.attn_gate.weight	3	2048	1024	1802240
false	blk.6.attn_gate.weight	4	3072	1024	1802240
false	blk.6.attn_gate.weight	5	4096	1024	1802240
false	blk.6.attn_gate.weight	7	5120	1024	1802240
false	blk.6.attn_qkv.weight	0	0	1706	3002560
false	blk.6.attn_qkv.weight	1	1706	1707	3004320
false	blk.6.attn_qkv.weight	3	3413	1707	3004320
false	blk.6.attn_qkv.weight	4	5120	1706	3002560
false	blk.6.attn_qkv.weight	5	6826	1707	3004320
false	blk.6.attn_qkv.weight	7	8533	1707	3004320
false	blk.6.ffn_down_shexp.weight	0	0	426	289680
false	blk.6.ffn_down_shexp.weight	1	426	427	290360
false	blk.6.ffn_down_shexp.weight	3	853	427	290360
false	blk.6.ffn_down_shexp.weight	4	1280	426	289680
false	blk.6.ffn_down_shexp.weight	5	1706	427	290360
false	blk.6.ffn_down_shexp.weight	7	2133	427	290360
false	blk.6.ffn_gate_inp.weight	0	0	85	870400
false	blk.6.ffn_gate_inp.weight	1	85	85	870400
false	blk.6.ffn_gate_inp.weight	3	170	86	880640
false	blk.6.ffn_gate_inp.weight	4	256	85	870400
false	blk.6.ffn_gate_inp.weight	5	341	85	870400
false	blk.6.ffn_gate_inp.weight	7	426	86	880640
false	blk.6.ffn_gate_shexp.weight	0	0	106	186560
false	blk.6.ffn_gate_shexp.weight	1	106	107	188320
false	blk.6.ffn_gate_shexp.weight	3	213	107	188320
false	blk.6.ffn_gate_shexp.weight	4	320	106	186560
false	blk.6.ffn_gate_shexp.weight	5	426	107	188320
false	blk.6.ffn_gate_shexp.weight	7	533	107	188320
false	blk.6.ffn_up_shexp.weight	0	0	106	186560
false	blk.6.ffn_up_shexp.weight	1	106	107	188320
false	blk.6.ffn_up_shexp.weight	3	213	107	188320
false	blk.6.ffn_up_shexp.weight	4	320	106	186560
false	blk.6.ffn_up_shexp.weight	5	426	107	188320
false	blk.6.ffn_up_shexp.weight	7	533	107	188320
false	blk.6.hc_attn_down.weight	0	0	53	576640
false	blk.6.hc_attn_down.weight	1	53	53	576640
false	blk.6.hc_attn_down.weight	3	106	54	587520
false	blk.6.hc_attn_down.weight	4	160	53	576640
false	blk.6.hc_attn_down.weight	5	213	53	576640
false	blk.6.hc_attn_down.weight	7	266	54	587520
false	blk.6.hc_attn_inject.weight	1	0	1	40960
false	blk.6.hc_attn_inject.weight	3	1	1	40960
false	blk.6.hc_attn_inject.weight	5	2	1	40960
false	blk.6.hc_attn_inject.weight	7	3	1	40960
false	blk.6.hc_attn_up.weight	0	0	1706	580040
false	blk.6.hc_attn_up.weight	1	1706	1707	580380
false	blk.6.hc_attn_up.weight	3	3413	1707	580380
false	blk.6.hc_attn_up.weight	4	5120	1706	580040
false	blk.6.hc_attn_up.weight	5	6826	1707	580380
false	blk.6.hc_attn_up.weight	7	8533	1707	580380
false	blk.6.hc_ffn_down.weight	0	0	53	576640
false	blk.6.hc_ffn_down.weight	1	53	53	576640
false	blk.6.hc_ffn_down.weight	3	106	54	587520
false	blk.6.hc_ffn_down.weight	4	160	53	576640
false	blk.6.hc_ffn_down.weight	5	213	53	576640
false	blk.6.hc_ffn_down.weight	7	266	54	587520
false	blk.6.hc_ffn_inject.weight	1	0	1	40960
false	blk.6.hc_ffn_inject.weight	3	1	1	40960
false	blk.6.hc_ffn_inject.weight	5	2	1	40960
false	blk.6.hc_ffn_inject.weight	7	3	1	40960
false	blk.6.hc_ffn_up.weight	0	0	1706	580040
false	blk.6.hc_ffn_up.weight	1	1706	1707	580380
false	blk.6.hc_ffn_up.weight	3	3413	1707	580380
false	blk.6.hc_ffn_up.weight	4	5120	1706	580040
false	blk.6.hc_ffn_up.weight	5	6826	1707	580380
false	blk.6.hc_ffn_up.weight	7	8533	1707	580380
false	blk.6.ssm_out.weight	0	0	426	2147040
false	blk.6.ssm_out.weight	1	426	427	2152080
false	blk.6.ssm_out.weight	3	853	427	2152080
false	blk.6.ssm_out.weight	4	1280	426	2147040
false	blk.6.ssm_out.weight	5	1706	427	2152080
false	blk.6.ssm_out.weight	7	2133	427	2152080
false	blk.7.attn_k.weight	0	0	85	178500
false	blk.7.attn_k.weight	1	85	85	178500
false	blk.7.attn_k.weight	3	170	86	180600
false	blk.7.attn_k.weight	4	256	85	178500
false	blk.7.attn_k.weight	5	341	85	178500
false	blk.7.attn_k.weight	7	426	86	180600
false	blk.7.attn_output.weight	0	0	426	1799424
false	blk.7.attn_output.weight	1	426	427	1803648
false	blk.7.attn_output.weight	3	853	427	1803648
false	blk.7.attn_output.weight	4	1280	426	1799424
false	blk.7.attn_output.weight	5	1706	427	1803648
false	blk.7.attn_output.weight	7	2133	427	1803648
false	blk.7.attn_q.weight	0	0	2048	3604480
false	blk.7.attn_q.weight	1	2048	2048	3604480
false	blk.7.attn_q.weight	3	4096	2048	3604480
false	blk.7.attn_q.weight	4	6144	2048	3604480
false	blk.7.attn_q.weight	5	8192	2048	3604480
false	blk.7.attn_q.weight	7	10240	2048	3604480
false	blk.7.attn_v.weight	0	0	85	178500
false	blk.7.attn_v.weight	1	85	85	178500
false	blk.7.attn_v.weight	3	170	86	180600
false	blk.7.attn_v.weight	4	256	85	178500
false	blk.7.attn_v.weight	5	341	85	178500
false	blk.7.attn_v.weight	7	426	86	180600
false	blk.7.ffn_down_shexp.weight	0	0	426	289680
false	blk.7.ffn_down_shexp.weight	1	426	427	290360
false	blk.7.ffn_down_shexp.weight	3	853	427	290360
false	blk.7.ffn_down_shexp.weight	4	1280	426	289680
false	blk.7.ffn_down_shexp.weight	5	1706	427	290360
false	blk.7.ffn_down_shexp.weight	7	2133	427	290360
false	blk.7.ffn_gate_inp.weight	0	0	85	870400
false	blk.7.ffn_gate_inp.weight	1	85	85	870400
false	blk.7.ffn_gate_inp.weight	3	170	86	880640
false	blk.7.ffn_gate_inp.weight	4	256	85	870400
false	blk.7.ffn_gate_inp.weight	5	341	85	870400
false	blk.7.ffn_gate_inp.weight	7	426	86	880640
false	blk.7.ffn_gate_shexp.weight	0	0	106	186560
false	blk.7.ffn_gate_shexp.weight	1	106	107	188320
false	blk.7.ffn_gate_shexp.weight	3	213	107	188320
false	blk.7.ffn_gate_shexp.weight	4	320	106	186560
false	blk.7.ffn_gate_shexp.weight	5	426	107	188320
false	blk.7.ffn_gate_shexp.weight	7	533	107	188320
false	blk.7.ffn_up_shexp.weight	0	0	106	186560
false	blk.7.ffn_up_shexp.weight	1	106	107	188320
false	blk.7.ffn_up_shexp.weight	3	213	107	188320
false	blk.7.ffn_up_shexp.weight	4	320	106	186560
false	blk.7.ffn_up_shexp.weight	5	426	107	188320
false	blk.7.ffn_up_shexp.weight	7	533	107	188320
false	blk.7.hc_attn_down.weight	0	0	53	576640
false	blk.7.hc_attn_down.weight	1	53	53	576640
false	blk.7.hc_attn_down.weight	3	106	54	587520
false	blk.7.hc_attn_down.weight	4	160	53	576640
false	blk.7.hc_attn_down.weight	5	213	53	576640
false	blk.7.hc_attn_down.weight	7	266	54	587520
false	blk.7.hc_attn_inject.weight	1	0	1	40960
false	blk.7.hc_attn_inject.weight	3	1	1	40960
false	blk.7.hc_attn_inject.weight	5	2	1	40960
false	blk.7.hc_attn_inject.weight	7	3	1	40960
false	blk.7.hc_attn_up.weight	0	0	1706	580040
false	blk.7.hc_attn_up.weight	1	1706	1707	580380
false	blk.7.hc_attn_up.weight	3	3413	1707	580380
false	blk.7.hc_attn_up.weight	4	5120	1706	580040
false	blk.7.hc_attn_up.weight	5	6826	1707	580380
false	blk.7.hc_attn_up.weight	7	8533	1707	580380
false	blk.7.hc_ffn_down.weight	0	0	53	576640
false	blk.7.hc_ffn_down.weight	1	53	53	576640
false	blk.7.hc_ffn_down.weight	3	106	54	587520
false	blk.7.hc_ffn_down.weight	4	160	53	576640
false	blk.7.hc_ffn_down.weight	5	213	53	576640
false	blk.7.hc_ffn_down.weight	7	266	54	587520
false	blk.7.hc_ffn_inject.weight	1	0	1	40960
false	blk.7.hc_ffn_inject.weight	3	1	1	40960
false	blk.7.hc_ffn_inject.weight	5	2	1	40960
false	blk.7.hc_ffn_inject.weight	7	3	1	40960
false	blk.7.hc_ffn_up.weight	0	0	1706	580040
false	blk.7.hc_ffn_up.weight	1	1706	1707	580380
false	blk.7.hc_ffn_up.weight	3	3413	1707	580380
false	blk.7.hc_ffn_up.weight	4	5120	1706	580040
false	blk.7.hc_ffn_up.weight	5	6826	1707	580380
false	blk.7.hc_ffn_up.weight	7	8533	1707	580380
false	blk.7.indexer.k_proj.weight	0	0	21	107520
false	blk.7.indexer.k_proj.weight	1	21	21	107520
false	blk.7.indexer.k_proj.weight	3	42	22	112640
false	blk.7.indexer.k_proj.weight	4	64	21	107520
false	blk.7.indexer.k_proj.weight	5	85	21	107520
false	blk.7.indexer.k_proj.weight	7	106	22	112640
false	blk.7.indexer.q_proj.weight	0	0	85	435200
false	blk.7.indexer.q_proj.weight	1	85	85	435200
false	blk.7.indexer.q_proj.weight	3	170	86	440320
false	blk.7.indexer.q_proj.weight	4	256	85	435200
false	blk.7.indexer.q_proj.weight	5	341	85	435200
false	blk.7.indexer.q_proj.weight	7	426	86	440320
false	blk.8.attn_gate.weight	0	0	1024	1802240
false	blk.8.attn_gate.weight	1	1024	1024	1802240
false	blk.8.attn_gate.weight	3	2048	1024	1802240
false	blk.8.attn_gate.weight	4	3072	1024	1802240
false	blk.8.attn_gate.weight	5	4096	1024	1802240
false	blk.8.attn_gate.weight	7	5120	1024	1802240
false	blk.8.attn_qkv.weight	0	0	1706	3002560
false	blk.8.attn_qkv.weight	1	1706	1707	3004320
false	blk.8.attn_qkv.weight	3	3413	1707	3004320
false	blk.8.attn_qkv.weight	4	5120	1706	3002560
false	blk.8.attn_qkv.weight	5	6826	1707	3004320
false	blk.8.attn_qkv.weight	7	8533	1707	3004320
false	blk.8.ffn_down_shexp.weight	0	0	426	289680
false	blk.8.ffn_down_shexp.weight	1	426	427	290360
false	blk.8.ffn_down_shexp.weight	3	853	427	290360
false	blk.8.ffn_down_shexp.weight	4	1280	426	289680
false	blk.8.ffn_down_shexp.weight	5	1706	427	290360
false	blk.8.ffn_down_shexp.weight	7	2133	427	290360
false	blk.8.ffn_gate_inp.weight	0	0	85	870400
false	blk.8.ffn_gate_inp.weight	1	85	85	870400
false	blk.8.ffn_gate_inp.weight	3	170	86	880640
false	blk.8.ffn_gate_inp.weight	4	256	85	870400
false	blk.8.ffn_gate_inp.weight	5	341	85	870400
false	blk.8.ffn_gate_inp.weight	7	426	86	880640
false	blk.8.ffn_gate_shexp.weight	0	0	106	186560
false	blk.8.ffn_gate_shexp.weight	1	106	107	188320
false	blk.8.ffn_gate_shexp.weight	3	213	107	188320
false	blk.8.ffn_gate_shexp.weight	4	320	106	186560
false	blk.8.ffn_gate_shexp.weight	5	426	107	188320
false	blk.8.ffn_gate_shexp.weight	7	533	107	188320
false	blk.8.ffn_up_shexp.weight	0	0	106	186560
false	blk.8.ffn_up_shexp.weight	1	106	107	188320
false	blk.8.ffn_up_shexp.weight	3	213	107	188320
false	blk.8.ffn_up_shexp.weight	4	320	106	186560
false	blk.8.ffn_up_shexp.weight	5	426	107	188320
false	blk.8.ffn_up_shexp.weight	7	533	107	188320
false	blk.8.hc_attn_down.weight	0	0	53	576640
false	blk.8.hc_attn_down.weight	1	53	53	576640
false	blk.8.hc_attn_down.weight	3	106	54	587520
false	blk.8.hc_attn_down.weight	4	160	53	576640
false	blk.8.hc_attn_down.weight	5	213	53	576640
false	blk.8.hc_attn_down.weight	7	266	54	587520
false	blk.8.hc_attn_inject.weight	1	0	1	40960
false	blk.8.hc_attn_inject.weight	3	1	1	40960
false	blk.8.hc_attn_inject.weight	5	2	1	40960
false	blk.8.hc_attn_inject.weight	7	3	1	40960
false	blk.8.hc_attn_up.weight	0	0	1706	580040
false	blk.8.hc_attn_up.weight	1	1706	1707	580380
false	blk.8.hc_attn_up.weight	3	3413	1707	580380
false	blk.8.hc_attn_up.weight	4	5120	1706	580040
false	blk.8.hc_attn_up.weight	5	6826	1707	580380
false	blk.8.hc_attn_up.weight	7	8533	1707	580380
false	blk.8.hc_ffn_down.weight	0	0	53	576640
false	blk.8.hc_ffn_down.weight	1	53	53	576640
false	blk.8.hc_ffn_down.weight	3	106	54	587520
false	blk.8.hc_ffn_down.weight	4	160	53	576640
false	blk.8.hc_ffn_down.weight	5	213	53	576640
false	blk.8.hc_ffn_down.weight	7	266	54	587520
false	blk.8.hc_ffn_inject.weight	1	0	1	40960
false	blk.8.hc_ffn_inject.weight	3	1	1	40960
false	blk.8.hc_ffn_inject.weight	5	2	1	40960
false	blk.8.hc_ffn_inject.weight	7	3	1	40960
false	blk.8.hc_ffn_up.weight	0	0	1706	580040
false	blk.8.hc_ffn_up.weight	1	1706	1707	580380
false	blk.8.hc_ffn_up.weight	3	3413	1707	580380
false	blk.8.hc_ffn_up.weight	4	5120	1706	580040
false	blk.8.hc_ffn_up.weight	5	6826	1707	580380
false	blk.8.hc_ffn_up.weight	7	8533	1707	580380
false	blk.8.ssm_out.weight	0	0	426	2147040
false	blk.8.ssm_out.weight	1	426	427	2152080
false	blk.8.ssm_out.weight	3	853	427	2152080
false	blk.8.ssm_out.weight	4	1280	426	2147040
false	blk.8.ssm_out.weight	5	1706	427	2152080
false	blk.8.ssm_out.weight	7	2133	427	2152080
false	blk.9.attn_gate.weight	0	0	1024	1802240
false	blk.9.attn_gate.weight	1	1024	1024	1802240
false	blk.9.attn_gate.weight	3	2048	1024	1802240
false	blk.9.attn_gate.weight	4	3072	1024	1802240
false	blk.9.attn_gate.weight	5	4096	1024	1802240
false	blk.9.attn_gate.weight	7	5120	1024	1802240
false	blk.9.attn_qkv.weight	0	0	1706	3002560
false	blk.9.attn_qkv.weight	1	1706	1707	3004320
false	blk.9.attn_qkv.weight	3	3413	1707	3004320
false	blk.9.attn_qkv.weight	4	5120	1706	3002560
false	blk.9.attn_qkv.weight	5	6826	1707	3004320
false	blk.9.attn_qkv.weight	7	8533	1707	3004320
false	blk.9.ffn_down_shexp.weight	0	0	426	289680
false	blk.9.ffn_down_shexp.weight	1	426	427	290360
false	blk.9.ffn_down_shexp.weight	3	853	427	290360
false	blk.9.ffn_down_shexp.weight	4	1280	426	289680
false	blk.9.ffn_down_shexp.weight	5	1706	427	290360
false	blk.9.ffn_down_shexp.weight	7	2133	427	290360
false	blk.9.ffn_gate_inp.weight	0	0	85	870400
false	blk.9.ffn_gate_inp.weight	1	85	85	870400
false	blk.9.ffn_gate_inp.weight	3	170	86	880640
false	blk.9.ffn_gate_inp.weight	4	256	85	870400
false	blk.9.ffn_gate_inp.weight	5	341	85	870400
false	blk.9.ffn_gate_inp.weight	7	426	86	880640
false	blk.9.ffn_gate_shexp.weight	0	0	106	186560
false	blk.9.ffn_gate_shexp.weight	1	106	107	188320
false	blk.9.ffn_gate_shexp.weight	3	213	107	188320
false	blk.9.ffn_gate_shexp.weight	4	320	106	186560
false	blk.9.ffn_gate_shexp.weight	5	426	107	188320
false	blk.9.ffn_gate_shexp.weight	7	533	107	188320
false	blk.9.ffn_up_shexp.weight	0	0	106	186560
false	blk.9.ffn_up_shexp.weight	1	106	107	188320
false	blk.9.ffn_up_shexp.weight	3	213	107	188320
false	blk.9.ffn_up_shexp.weight	4	320	106	186560
false	blk.9.ffn_up_shexp.weight	5	426	107	188320
false	blk.9.ffn_up_shexp.weight	7	533	107	188320
false	blk.9.hc_attn_down.weight	0	0	53	576640
false	blk.9.hc_attn_down.weight	1	53	53	576640
false	blk.9.hc_attn_down.weight	3	106	54	587520
false	blk.9.hc_attn_down.weight	4	160	53	576640
false	blk.9.hc_attn_down.weight	5	213	53	576640
false	blk.9.hc_attn_down.weight	7	266	54	587520
false	blk.9.hc_attn_inject.weight	1	0	1	40960
false	blk.9.hc_attn_inject.weight	3	1	1	40960
false	blk.9.hc_attn_inject.weight	5	2	1	40960
false	blk.9.hc_attn_inject.weight	7	3	1	40960
false	blk.9.hc_attn_up.weight	0	0	1706	580040
false	blk.9.hc_attn_up.weight	1	1706	1707	580380
false	blk.9.hc_attn_up.weight	3	3413	1707	580380
false	blk.9.hc_attn_up.weight	4	5120	1706	580040
false	blk.9.hc_attn_up.weight	5	6826	1707	580380
false	blk.9.hc_attn_up.weight	7	8533	1707	580380
false	blk.9.hc_ffn_down.weight	0	0	53	576640
false	blk.9.hc_ffn_down.weight	1	53	53	576640
false	blk.9.hc_ffn_down.weight	3	106	54	587520
false	blk.9.hc_ffn_down.weight	4	160	53	576640
false	blk.9.hc_ffn_down.weight	5	213	53	576640
false	blk.9.hc_ffn_down.weight	7	266	54	587520
false	blk.9.hc_ffn_inject.weight	1	0	1	40960
false	blk.9.hc_ffn_inject.weight	3	1	1	40960
false	blk.9.hc_ffn_inject.weight	5	2	1	40960
false	blk.9.hc_ffn_inject.weight	7	3	1	40960
false	blk.9.hc_ffn_up.weight	0	0	1706	580040
false	blk.9.hc_ffn_up.weight	1	1706	1707	580380
false	blk.9.hc_ffn_up.weight	3	3413	1707	580380
false	blk.9.hc_ffn_up.weight	4	5120	1706	580040
false	blk.9.hc_ffn_up.weight	5	6826	1707	580380
false	blk.9.hc_ffn_up.weight	7	8533	1707	580380
false	blk.9.ssm_out.weight	0	0	426	2147040
false	blk.9.ssm_out.weight	1	426	427	2152080
false	blk.9.ssm_out.weight	3	853	427	2152080
false	blk.9.ssm_out.weight	4	1280	426	2147040
false	blk.9.ssm_out.weight	5	1706	427	2152080
false	blk.9.ssm_out.weight	7	2133	427	2152080
false	blk.10.attn_gate.weight	0	0	1024	1802240
false	blk.10.attn_gate.weight	1	1024	1024	1802240
false	blk.10.attn_gate.weight	3	2048	1024	1802240
false	blk.10.attn_gate.weight	4	3072	1024	1802240
false	blk.10.attn_gate.weight	5	4096	1024	1802240
false	blk.10.attn_gate.weight	7	5120	1024	1802240
false	blk.10.attn_qkv.weight	0	0	1706	3002560
false	blk.10.attn_qkv.weight	1	1706	1707	3004320
false	blk.10.attn_qkv.weight	3	3413	1707	3004320
false	blk.10.attn_qkv.weight	4	5120	1706	3002560
false	blk.10.attn_qkv.weight	5	6826	1707	3004320
false	blk.10.attn_qkv.weight	7	8533	1707	3004320
false	blk.10.ffn_down_shexp.weight	0	0	426	289680
false	blk.10.ffn_down_shexp.weight	1	426	427	290360
false	blk.10.ffn_down_shexp.weight	3	853	427	290360
false	blk.10.ffn_down_shexp.weight	4	1280	426	289680
false	blk.10.ffn_down_shexp.weight	5	1706	427	290360
false	blk.10.ffn_down_shexp.weight	7	2133	427	290360
false	blk.10.ffn_gate_inp.weight	0	0	85	870400
false	blk.10.ffn_gate_inp.weight	1	85	85	870400
false	blk.10.ffn_gate_inp.weight	3	170	86	880640
false	blk.10.ffn_gate_inp.weight	4	256	85	870400
false	blk.10.ffn_gate_inp.weight	5	341	85	870400
false	blk.10.ffn_gate_inp.weight	7	426	86	880640
false	blk.10.ffn_gate_shexp.weight	0	0	106	186560
false	blk.10.ffn_gate_shexp.weight	1	106	107	188320
false	blk.10.ffn_gate_shexp.weight	3	213	107	188320
false	blk.10.ffn_gate_shexp.weight	4	320	106	186560
false	blk.10.ffn_gate_shexp.weight	5	426	107	188320
false	blk.10.ffn_gate_shexp.weight	7	533	107	188320
false	blk.10.ffn_up_shexp.weight	0	0	106	186560
false	blk.10.ffn_up_shexp.weight	1	106	107	188320
false	blk.10.ffn_up_shexp.weight	3	213	107	188320
false	blk.10.ffn_up_shexp.weight	4	320	106	186560
false	blk.10.ffn_up_shexp.weight	5	426	107	188320
false	blk.10.ffn_up_shexp.weight	7	533	107	188320
false	blk.10.hc_attn_down.weight	0	0	53	576640
false	blk.10.hc_attn_down.weight	1	53	53	576640
false	blk.10.hc_attn_down.weight	3	106	54	587520
false	blk.10.hc_attn_down.weight	4	160	53	576640
false	blk.10.hc_attn_down.weight	5	213	53	576640
false	blk.10.hc_attn_down.weight	7	266	54	587520
false	blk.10.hc_attn_inject.weight	1	0	1	40960
false	blk.10.hc_attn_inject.weight	3	1	1	40960
false	blk.10.hc_attn_inject.weight	5	2	1	40960
false	blk.10.hc_attn_inject.weight	7	3	1	40960
false	blk.10.hc_attn_up.weight	0	0	1706	580040
false	blk.10.hc_attn_up.weight	1	1706	1707	580380
false	blk.10.hc_attn_up.weight	3	3413	1707	580380
false	blk.10.hc_attn_up.weight	4	5120	1706	580040
false	blk.10.hc_attn_up.weight	5	6826	1707	580380
false	blk.10.hc_attn_up.weight	7	8533	1707	580380
false	blk.10.hc_ffn_down.weight	0	0	53	576640
false	blk.10.hc_ffn_down.weight	1	53	53	576640
false	blk.10.hc_ffn_down.weight	3	106	54	587520
false	blk.10.hc_ffn_down.weight	4	160	53	576640
false	blk.10.hc_ffn_down.weight	5	213	53	576640
false	blk.10.hc_ffn_down.weight	7	266	54	587520
false	blk.10.hc_ffn_inject.weight	1	0	1	40960
false	blk.10.hc_ffn_inject.weight	3	1	1	40960
false	blk.10.hc_ffn_inject.weight	5	2	1	40960
false	blk.10.hc_ffn_inject.weight	7	3	1	40960
false	blk.10.hc_ffn_up.weight	0	0	1706	580040
false	blk.10.hc_ffn_up.weight	1	1706	1707	580380
false	blk.10.hc_ffn_up.weight	3	3413	1707	580380
false	blk.10.hc_ffn_up.weight	4	5120	1706	580040
false	blk.10.hc_ffn_up.weight	5	6826	1707	580380
false	blk.10.hc_ffn_up.weight	7	8533	1707	580380
false	blk.10.ssm_out.weight	0	0	426	2147040
false	blk.10.ssm_out.weight	1	426	427	2152080
false	blk.10.ssm_out.weight	3	853	427	2152080
false	blk.10.ssm_out.weight	4	1280	426	2147040
false	blk.10.ssm_out.weight	5	1706	427	2152080
false	blk.10.ssm_out.weight	7	2133	427	2152080
false	blk.11.attn_k.weight	0	0	85	178500
false	blk.11.attn_k.weight	1	85	85	178500
false	blk.11.attn_k.weight	3	170	86	180600
false	blk.11.attn_k.weight	4	256	85	178500
false	blk.11.attn_k.weight	5	341	85	178500
false	blk.11.attn_k.weight	7	426	86	180600
false	blk.11.attn_output.weight	0	0	426	1799424
false	blk.11.attn_output.weight	1	426	427	1803648
false	blk.11.attn_output.weight	3	853	427	1803648
false	blk.11.attn_output.weight	4	1280	426	1799424
false	blk.11.attn_output.weight	5	1706	427	1803648
false	blk.11.attn_output.weight	7	2133	427	1803648
false	blk.11.attn_q.weight	0	0	2048	3604480
false	blk.11.attn_q.weight	1	2048	2048	3604480
false	blk.11.attn_q.weight	3	4096	2048	3604480
false	blk.11.attn_q.weight	4	6144	2048	3604480
false	blk.11.attn_q.weight	5	8192	2048	3604480
false	blk.11.attn_q.weight	7	10240	2048	3604480
false	blk.11.attn_v.weight	0	0	85	178500
false	blk.11.attn_v.weight	1	85	85	178500
false	blk.11.attn_v.weight	3	170	86	180600
false	blk.11.attn_v.weight	4	256	85	178500
false	blk.11.attn_v.weight	5	341	85	178500
false	blk.11.attn_v.weight	7	426	86	180600
false	blk.11.ffn_down_shexp.weight	0	0	426	289680
false	blk.11.ffn_down_shexp.weight	1	426	427	290360
false	blk.11.ffn_down_shexp.weight	3	853	427	290360
false	blk.11.ffn_down_shexp.weight	4	1280	426	289680
false	blk.11.ffn_down_shexp.weight	5	1706	427	290360
false	blk.11.ffn_down_shexp.weight	7	2133	427	290360
false	blk.11.ffn_gate_inp.weight	0	0	85	870400
false	blk.11.ffn_gate_inp.weight	1	85	85	870400
false	blk.11.ffn_gate_inp.weight	3	170	86	880640
false	blk.11.ffn_gate_inp.weight	4	256	85	870400
false	blk.11.ffn_gate_inp.weight	5	341	85	870400
false	blk.11.ffn_gate_inp.weight	7	426	86	880640
false	blk.11.ffn_gate_shexp.weight	0	0	106	186560
false	blk.11.ffn_gate_shexp.weight	1	106	107	188320
false	blk.11.ffn_gate_shexp.weight	3	213	107	188320
false	blk.11.ffn_gate_shexp.weight	4	320	106	186560
false	blk.11.ffn_gate_shexp.weight	5	426	107	188320
false	blk.11.ffn_gate_shexp.weight	7	533	107	188320
false	blk.11.ffn_up_shexp.weight	0	0	106	186560
false	blk.11.ffn_up_shexp.weight	1	106	107	188320
false	blk.11.ffn_up_shexp.weight	3	213	107	188320
false	blk.11.ffn_up_shexp.weight	4	320	106	186560
false	blk.11.ffn_up_shexp.weight	5	426	107	188320
false	blk.11.ffn_up_shexp.weight	7	533	107	188320
false	blk.11.hc_attn_down.weight	0	0	53	576640
false	blk.11.hc_attn_down.weight	1	53	53	576640
false	blk.11.hc_attn_down.weight	3	106	54	587520
false	blk.11.hc_attn_down.weight	4	160	53	576640
false	blk.11.hc_attn_down.weight	5	213	53	576640
false	blk.11.hc_attn_down.weight	7	266	54	587520
false	blk.11.hc_attn_inject.weight	1	0	1	40960
false	blk.11.hc_attn_inject.weight	3	1	1	40960
false	blk.11.hc_attn_inject.weight	5	2	1	40960
false	blk.11.hc_attn_inject.weight	7	3	1	40960
false	blk.11.hc_attn_up.weight	0	0	1706	580040
false	blk.11.hc_attn_up.weight	1	1706	1707	580380
false	blk.11.hc_attn_up.weight	3	3413	1707	580380
false	blk.11.hc_attn_up.weight	4	5120	1706	580040
false	blk.11.hc_attn_up.weight	5	6826	1707	580380
false	blk.11.hc_attn_up.weight	7	8533	1707	580380
false	blk.11.hc_ffn_down.weight	0	0	53	576640
false	blk.11.hc_ffn_down.weight	1	53	53	576640
false	blk.11.hc_ffn_down.weight	3	106	54	587520
false	blk.11.hc_ffn_down.weight	4	160	53	576640
false	blk.11.hc_ffn_down.weight	5	213	53	576640
false	blk.11.hc_ffn_down.weight	7	266	54	587520
false	blk.11.hc_ffn_inject.weight	1	0	1	40960
false	blk.11.hc_ffn_inject.weight	3	1	1	40960
false	blk.11.hc_ffn_inject.weight	5	2	1	40960
false	blk.11.hc_ffn_inject.weight	7	3	1	40960
false	blk.11.hc_ffn_up.weight	0	0	1706	580040
false	blk.11.hc_ffn_up.weight	1	1706	1707	580380
false	blk.11.hc_ffn_up.weight	3	3413	1707	580380
false	blk.11.hc_ffn_up.weight	4	5120	1706	580040
false	blk.11.hc_ffn_up.weight	5	6826	1707	580380
false	blk.11.hc_ffn_up.weight	7	8533	1707	580380
false	blk.11.indexer.k_proj.weight	0	0	21	107520
false	blk.11.indexer.k_proj.weight	1	21	21	107520
false	blk.11.indexer.k_proj.weight	3	42	22	112640
false	blk.11.indexer.k_proj.weight	4	64	21	107520
false	blk.11.indexer.k_proj.weight	5	85	21	107520
false	blk.11.indexer.k_proj.weight	7	106	22	112640
false	blk.11.indexer.q_proj.weight	0	0	85	435200
false	blk.11.indexer.q_proj.weight	1	85	85	435200
false	blk.11.indexer.q_proj.weight	3	170	86	440320
false	blk.11.indexer.q_proj.weight	4	256	85	435200
false	blk.11.indexer.q_proj.weight	5	341	85	435200
false	blk.11.indexer.q_proj.weight	7	426	86	440320
false	blk.12.attn_gate.weight	0	0	1024	1802240
false	blk.12.attn_gate.weight	1	1024	1024	1802240
false	blk.12.attn_gate.weight	3	2048	1024	1802240
false	blk.12.attn_gate.weight	4	3072	1024	1802240
false	blk.12.attn_gate.weight	5	4096	1024	1802240
false	blk.12.attn_gate.weight	7	5120	1024	1802240
false	blk.12.attn_qkv.weight	0	0	1706	3002560
false	blk.12.attn_qkv.weight	1	1706	1707	3004320
false	blk.12.attn_qkv.weight	3	3413	1707	3004320
false	blk.12.attn_qkv.weight	4	5120	1706	3002560
false	blk.12.attn_qkv.weight	5	6826	1707	3004320
false	blk.12.attn_qkv.weight	7	8533	1707	3004320
false	blk.12.ffn_down_shexp.weight	0	0	426	289680
false	blk.12.ffn_down_shexp.weight	1	426	427	290360
false	blk.12.ffn_down_shexp.weight	3	853	427	290360
false	blk.12.ffn_down_shexp.weight	4	1280	426	289680
false	blk.12.ffn_down_shexp.weight	5	1706	427	290360
false	blk.12.ffn_down_shexp.weight	7	2133	427	290360
false	blk.12.ffn_gate_inp.weight	0	0	85	870400
false	blk.12.ffn_gate_inp.weight	1	85	85	870400
false	blk.12.ffn_gate_inp.weight	3	170	86	880640
false	blk.12.ffn_gate_inp.weight	4	256	85	870400
false	blk.12.ffn_gate_inp.weight	5	341	85	870400
false	blk.12.ffn_gate_inp.weight	7	426	86	880640
false	blk.12.ffn_gate_shexp.weight	0	0	106	186560
false	blk.12.ffn_gate_shexp.weight	1	106	107	188320
false	blk.12.ffn_gate_shexp.weight	3	213	107	188320
false	blk.12.ffn_gate_shexp.weight	4	320	106	186560
false	blk.12.ffn_gate_shexp.weight	5	426	107	188320
false	blk.12.ffn_gate_shexp.weight	7	533	107	188320
false	blk.12.ffn_up_shexp.weight	0	0	106	186560
false	blk.12.ffn_up_shexp.weight	1	106	107	188320
false	blk.12.ffn_up_shexp.weight	3	213	107	188320
false	blk.12.ffn_up_shexp.weight	4	320	106	186560
false	blk.12.ffn_up_shexp.weight	5	426	107	188320
false	blk.12.ffn_up_shexp.weight	7	533	107	188320
false	blk.12.hc_attn_down.weight	0	0	53	576640
false	blk.12.hc_attn_down.weight	1	53	53	576640
false	blk.12.hc_attn_down.weight	3	106	54	587520
false	blk.12.hc_attn_down.weight	4	160	53	576640
false	blk.12.hc_attn_down.weight	5	213	53	576640
false	blk.12.hc_attn_down.weight	7	266	54	587520
false	blk.12.hc_attn_inject.weight	1	0	1	40960
false	blk.12.hc_attn_inject.weight	3	1	1	40960
false	blk.12.hc_attn_inject.weight	5	2	1	40960
false	blk.12.hc_attn_inject.weight	7	3	1	40960
false	blk.12.hc_attn_up.weight	0	0	1706	580040
false	blk.12.hc_attn_up.weight	1	1706	1707	580380
false	blk.12.hc_attn_up.weight	3	3413	1707	580380
false	blk.12.hc_attn_up.weight	4	5120	1706	580040
false	blk.12.hc_attn_up.weight	5	6826	1707	580380
false	blk.12.hc_attn_up.weight	7	8533	1707	580380
false	blk.12.hc_ffn_down.weight	0	0	53	576640
false	blk.12.hc_ffn_down.weight	1	53	53	576640
false	blk.12.hc_ffn_down.weight	3	106	54	587520
false	blk.12.hc_ffn_down.weight	4	160	53	576640
false	blk.12.hc_ffn_down.weight	5	213	53	576640
false	blk.12.hc_ffn_down.weight	7	266	54	587520
false	blk.12.hc_ffn_inject.weight	1	0	1	40960
false	blk.12.hc_ffn_inject.weight	3	1	1	40960
false	blk.12.hc_ffn_inject.weight	5	2	1	40960
false	blk.12.hc_ffn_inject.weight	7	3	1	40960
false	blk.12.hc_ffn_up.weight	0	0	1706	580040
false	blk.12.hc_ffn_up.weight	1	1706	1707	580380
false	blk.12.hc_ffn_up.weight	3	3413	1707	580380
false	blk.12.hc_ffn_up.weight	4	5120	1706	580040
false	blk.12.hc_ffn_up.weight	5	6826	1707	580380
false	blk.12.hc_ffn_up.weight	7	8533	1707	580380
false	blk.12.ssm_out.weight	0	0	426	2147040
false	blk.12.ssm_out.weight	1	426	427	2152080
false	blk.12.ssm_out.weight	3	853	427	2152080
false	blk.12.ssm_out.weight	4	1280	426	2147040
false	blk.12.ssm_out.weight	5	1706	427	2152080
false	blk.12.ssm_out.weight	7	2133	427	2152080
false	blk.13.attn_gate.weight	0	0	1024	1802240
false	blk.13.attn_gate.weight	1	1024	1024	1802240
false	blk.13.attn_gate.weight	3	2048	1024	1802240
false	blk.13.attn_gate.weight	4	3072	1024	1802240
false	blk.13.attn_gate.weight	5	4096	1024	1802240
false	blk.13.attn_gate.weight	7	5120	1024	1802240
false	blk.13.attn_qkv.weight	0	0	1706	3002560
false	blk.13.attn_qkv.weight	1	1706	1707	3004320
false	blk.13.attn_qkv.weight	3	3413	1707	3004320
false	blk.13.attn_qkv.weight	4	5120	1706	3002560
false	blk.13.attn_qkv.weight	5	6826	1707	3004320
false	blk.13.attn_qkv.weight	7	8533	1707	3004320
false	blk.13.ffn_down_shexp.weight	0	0	426	289680
false	blk.13.ffn_down_shexp.weight	1	426	427	290360
false	blk.13.ffn_down_shexp.weight	3	853	427	290360
false	blk.13.ffn_down_shexp.weight	4	1280	426	289680
false	blk.13.ffn_down_shexp.weight	5	1706	427	290360
false	blk.13.ffn_down_shexp.weight	7	2133	427	290360
false	blk.13.ffn_gate_inp.weight	0	0	85	870400
false	blk.13.ffn_gate_inp.weight	1	85	85	870400
false	blk.13.ffn_gate_inp.weight	3	170	86	880640
false	blk.13.ffn_gate_inp.weight	4	256	85	870400
false	blk.13.ffn_gate_inp.weight	5	341	85	870400
false	blk.13.ffn_gate_inp.weight	7	426	86	880640
false	blk.13.ffn_gate_shexp.weight	0	0	106	186560
false	blk.13.ffn_gate_shexp.weight	1	106	107	188320
false	blk.13.ffn_gate_shexp.weight	3	213	107	188320
false	blk.13.ffn_gate_shexp.weight	4	320	106	186560
false	blk.13.ffn_gate_shexp.weight	5	426	107	188320
false	blk.13.ffn_gate_shexp.weight	7	533	107	188320
false	blk.13.ffn_up_shexp.weight	0	0	106	186560
false	blk.13.ffn_up_shexp.weight	1	106	107	188320
false	blk.13.ffn_up_shexp.weight	3	213	107	188320
false	blk.13.ffn_up_shexp.weight	4	320	106	186560
false	blk.13.ffn_up_shexp.weight	5	426	107	188320
false	blk.13.ffn_up_shexp.weight	7	533	107	188320
false	blk.13.hc_attn_down.weight	0	0	53	576640
false	blk.13.hc_attn_down.weight	1	53	53	576640
false	blk.13.hc_attn_down.weight	3	106	54	587520
false	blk.13.hc_attn_down.weight	4	160	53	576640
false	blk.13.hc_attn_down.weight	5	213	53	576640
false	blk.13.hc_attn_down.weight	7	266	54	587520
false	blk.13.hc_attn_inject.weight	1	0	1	40960
false	blk.13.hc_attn_inject.weight	3	1	1	40960
false	blk.13.hc_attn_inject.weight	5	2	1	40960
false	blk.13.hc_attn_inject.weight	7	3	1	40960
false	blk.13.hc_attn_up.weight	0	0	1706	580040
false	blk.13.hc_attn_up.weight	1	1706	1707	580380
false	blk.13.hc_attn_up.weight	3	3413	1707	580380
false	blk.13.hc_attn_up.weight	4	5120	1706	580040
false	blk.13.hc_attn_up.weight	5	6826	1707	580380
false	blk.13.hc_attn_up.weight	7	8533	1707	580380
false	blk.13.hc_ffn_down.weight	0	0	53	576640
false	blk.13.hc_ffn_down.weight	1	53	53	576640
false	blk.13.hc_ffn_down.weight	3	106	54	587520
false	blk.13.hc_ffn_down.weight	4	160	53	576640
false	blk.13.hc_ffn_down.weight	5	213	53	576640
false	blk.13.hc_ffn_down.weight	7	266	54	587520
false	blk.13.hc_ffn_inject.weight	1	0	1	40960
false	blk.13.hc_ffn_inject.weight	3	1	1	40960
false	blk.13.hc_ffn_inject.weight	5	2	1	40960
false	blk.13.hc_ffn_inject.weight	7	3	1	40960
false	blk.13.hc_ffn_up.weight	0	0	1706	580040
false	blk.13.hc_ffn_up.weight	1	1706	1707	580380
false	blk.13.hc_ffn_up.weight	3	3413	1707	580380
false	blk.13.hc_ffn_up.weight	4	5120	1706	580040
false	blk.13.hc_ffn_up.weight	5	6826	1707	580380
false	blk.13.hc_ffn_up.weight	7	8533	1707	580380
false	blk.13.ssm_out.weight	0	0	426	2147040
false	blk.13.ssm_out.weight	1	426	427	2152080
false	blk.13.ssm_out.weight	3	853	427	2152080
false	blk.13.ssm_out.weight	4	1280	426	2147040
false	blk.13.ssm_out.weight	5	1706	427	2152080
false	blk.13.ssm_out.weight	7	2133	427	2152080
false	blk.14.attn_gate.weight	0	0	1024	1802240
false	blk.14.attn_gate.weight	1	1024	1024	1802240
false	blk.14.attn_gate.weight	3	2048	1024	1802240
false	blk.14.attn_gate.weight	4	3072	1024	1802240
false	blk.14.attn_gate.weight	5	4096	1024	1802240
false	blk.14.attn_gate.weight	7	5120	1024	1802240
false	blk.14.attn_qkv.weight	0	0	1706	3002560
false	blk.14.attn_qkv.weight	1	1706	1707	3004320
false	blk.14.attn_qkv.weight	3	3413	1707	3004320
false	blk.14.attn_qkv.weight	4	5120	1706	3002560
false	blk.14.attn_qkv.weight	5	6826	1707	3004320
false	blk.14.attn_qkv.weight	7	8533	1707	3004320
false	blk.14.ffn_down_shexp.weight	0	0	426	289680
false	blk.14.ffn_down_shexp.weight	1	426	427	290360
false	blk.14.ffn_down_shexp.weight	3	853	427	290360
false	blk.14.ffn_down_shexp.weight	4	1280	426	289680
false	blk.14.ffn_down_shexp.weight	5	1706	427	290360
false	blk.14.ffn_down_shexp.weight	7	2133	427	290360
false	blk.14.ffn_gate_inp.weight	0	0	85	870400
false	blk.14.ffn_gate_inp.weight	1	85	85	870400
false	blk.14.ffn_gate_inp.weight	3	170	86	880640
false	blk.14.ffn_gate_inp.weight	4	256	85	870400
false	blk.14.ffn_gate_inp.weight	5	341	85	870400
false	blk.14.ffn_gate_inp.weight	7	426	86	880640
false	blk.14.ffn_gate_shexp.weight	0	0	106	186560
false	blk.14.ffn_gate_shexp.weight	1	106	107	188320
false	blk.14.ffn_gate_shexp.weight	3	213	107	188320
false	blk.14.ffn_gate_shexp.weight	4	320	106	186560
false	blk.14.ffn_gate_shexp.weight	5	426	107	188320
false	blk.14.ffn_gate_shexp.weight	7	533	107	188320
false	blk.14.ffn_up_shexp.weight	0	0	106	186560
false	blk.14.ffn_up_shexp.weight	1	106	107	188320
false	blk.14.ffn_up_shexp.weight	3	213	107	188320
false	blk.14.ffn_up_shexp.weight	4	320	106	186560
false	blk.14.ffn_up_shexp.weight	5	426	107	188320
false	blk.14.ffn_up_shexp.weight	7	533	107	188320
false	blk.14.hc_attn_down.weight	0	0	53	576640
false	blk.14.hc_attn_down.weight	1	53	53	576640
false	blk.14.hc_attn_down.weight	3	106	54	587520
false	blk.14.hc_attn_down.weight	4	160	53	576640
false	blk.14.hc_attn_down.weight	5	213	53	576640
false	blk.14.hc_attn_down.weight	7	266	54	587520
false	blk.14.hc_attn_inject.weight	1	0	1	40960
false	blk.14.hc_attn_inject.weight	3	1	1	40960
false	blk.14.hc_attn_inject.weight	5	2	1	40960
false	blk.14.hc_attn_inject.weight	7	3	1	40960
false	blk.14.hc_attn_up.weight	0	0	1706	580040
false	blk.14.hc_attn_up.weight	1	1706	1707	580380
false	blk.14.hc_attn_up.weight	3	3413	1707	580380
false	blk.14.hc_attn_up.weight	4	5120	1706	580040
false	blk.14.hc_attn_up.weight	5	6826	1707	580380
false	blk.14.hc_attn_up.weight	7	8533	1707	580380
false	blk.14.hc_ffn_down.weight	0	0	53	576640
false	blk.14.hc_ffn_down.weight	1	53	53	576640
false	blk.14.hc_ffn_down.weight	3	106	54	587520
false	blk.14.hc_ffn_down.weight	4	160	53	576640
false	blk.14.hc_ffn_down.weight	5	213	53	576640
false	blk.14.hc_ffn_down.weight	7	266	54	587520
false	blk.14.hc_ffn_inject.weight	1	0	1	40960
false	blk.14.hc_ffn_inject.weight	3	1	1	40960
false	blk.14.hc_ffn_inject.weight	5	2	1	40960
false	blk.14.hc_ffn_inject.weight	7	3	1	40960
false	blk.14.hc_ffn_up.weight	0	0	1706	580040
false	blk.14.hc_ffn_up.weight	1	1706	1707	580380
false	blk.14.hc_ffn_up.weight	3	3413	1707	580380
false	blk.14.hc_ffn_up.weight	4	5120	1706	580040
false	blk.14.hc_ffn_up.weight	5	6826	1707	580380
false	blk.14.hc_ffn_up.weight	7	8533	1707	580380
false	blk.14.ssm_out.weight	0	0	426	2147040
false	blk.14.ssm_out.weight	1	426	427	2152080
false	blk.14.ssm_out.weight	3	853	427	2152080
false	blk.14.ssm_out.weight	4	1280	426	2147040
false	blk.14.ssm_out.weight	5	1706	427	2152080
false	blk.14.ssm_out.weight	7	2133	427	2152080
false	blk.15.attn_k.weight	0	0	85	178500
false	blk.15.attn_k.weight	1	85	85	178500
false	blk.15.attn_k.weight	3	170	86	180600
false	blk.15.attn_k.weight	4	256	85	178500
false	blk.15.attn_k.weight	5	341	85	178500
false	blk.15.attn_k.weight	7	426	86	180600
false	blk.15.attn_output.weight	0	0	426	1799424
false	blk.15.attn_output.weight	1	426	427	1803648
false	blk.15.attn_output.weight	3	853	427	1803648
false	blk.15.attn_output.weight	4	1280	426	1799424
false	blk.15.attn_output.weight	5	1706	427	1803648
false	blk.15.attn_output.weight	7	2133	427	1803648
false	blk.15.attn_q.weight	0	0	2048	3604480
false	blk.15.attn_q.weight	1	2048	2048	3604480
false	blk.15.attn_q.weight	3	4096	2048	3604480
false	blk.15.attn_q.weight	4	6144	2048	3604480
false	blk.15.attn_q.weight	5	8192	2048	3604480
false	blk.15.attn_q.weight	7	10240	2048	3604480
false	blk.15.attn_v.weight	0	0	85	178500
false	blk.15.attn_v.weight	1	85	85	178500
false	blk.15.attn_v.weight	3	170	86	180600
false	blk.15.attn_v.weight	4	256	85	178500
false	blk.15.attn_v.weight	5	341	85	178500
false	blk.15.attn_v.weight	7	426	86	180600
false	blk.15.ffn_down_shexp.weight	0	0	426	289680
false	blk.15.ffn_down_shexp.weight	1	426	427	290360
false	blk.15.ffn_down_shexp.weight	3	853	427	290360
false	blk.15.ffn_down_shexp.weight	4	1280	426	289680
false	blk.15.ffn_down_shexp.weight	5	1706	427	290360
false	blk.15.ffn_down_shexp.weight	7	2133	427	290360
false	blk.15.ffn_gate_inp.weight	0	0	85	870400
false	blk.15.ffn_gate_inp.weight	1	85	85	870400
false	blk.15.ffn_gate_inp.weight	3	170	86	880640
false	blk.15.ffn_gate_inp.weight	4	256	85	870400
false	blk.15.ffn_gate_inp.weight	5	341	85	870400
false	blk.15.ffn_gate_inp.weight	7	426	86	880640
false	blk.15.ffn_gate_shexp.weight	0	0	106	186560
false	blk.15.ffn_gate_shexp.weight	1	106	107	188320
false	blk.15.ffn_gate_shexp.weight	3	213	107	188320
false	blk.15.ffn_gate_shexp.weight	4	320	106	186560
false	blk.15.ffn_gate_shexp.weight	5	426	107	188320
false	blk.15.ffn_gate_shexp.weight	7	533	107	188320
false	blk.15.ffn_up_shexp.weight	0	0	106	186560
false	blk.15.ffn_up_shexp.weight	1	106	107	188320
false	blk.15.ffn_up_shexp.weight	3	213	107	188320
false	blk.15.ffn_up_shexp.weight	4	320	106	186560
false	blk.15.ffn_up_shexp.weight	5	426	107	188320
false	blk.15.ffn_up_shexp.weight	7	533	107	188320
false	blk.15.hc_attn_down.weight	0	0	53	576640
false	blk.15.hc_attn_down.weight	1	53	53	576640
false	blk.15.hc_attn_down.weight	3	106	54	587520
false	blk.15.hc_attn_down.weight	4	160	53	576640
false	blk.15.hc_attn_down.weight	5	213	53	576640
false	blk.15.hc_attn_down.weight	7	266	54	587520
false	blk.15.hc_attn_inject.weight	1	0	1	40960
false	blk.15.hc_attn_inject.weight	3	1	1	40960
false	blk.15.hc_attn_inject.weight	5	2	1	40960
false	blk.15.hc_attn_inject.weight	7	3	1	40960
false	blk.15.hc_attn_up.weight	0	0	1706	580040
false	blk.15.hc_attn_up.weight	1	1706	1707	580380
false	blk.15.hc_attn_up.weight	3	3413	1707	580380
false	blk.15.hc_attn_up.weight	4	5120	1706	580040
false	blk.15.hc_attn_up.weight	5	6826	1707	580380
false	blk.15.hc_attn_up.weight	7	8533	1707	580380
false	blk.15.hc_ffn_down.weight	0	0	53	576640
false	blk.15.hc_ffn_down.weight	1	53	53	576640
false	blk.15.hc_ffn_down.weight	3	106	54	587520
false	blk.15.hc_ffn_down.weight	4	160	53	576640
false	blk.15.hc_ffn_down.weight	5	213	53	576640
false	blk.15.hc_ffn_down.weight	7	266	54	587520
false	blk.15.hc_ffn_inject.weight	1	0	1	40960
false	blk.15.hc_ffn_inject.weight	3	1	1	40960
false	blk.15.hc_ffn_inject.weight	5	2	1	40960
false	blk.15.hc_ffn_inject.weight	7	3	1	40960
false	blk.15.hc_ffn_up.weight	0	0	1706	580040
false	blk.15.hc_ffn_up.weight	1	1706	1707	580380
false	blk.15.hc_ffn_up.weight	3	3413	1707	580380
false	blk.15.hc_ffn_up.weight	4	5120	1706	580040
false	blk.15.hc_ffn_up.weight	5	6826	1707	580380
false	blk.15.hc_ffn_up.weight	7	8533	1707	580380
false	blk.15.indexer.k_proj.weight	0	0	21	107520
false	blk.15.indexer.k_proj.weight	1	21	21	107520
false	blk.15.indexer.k_proj.weight	3	42	22	112640
false	blk.15.indexer.k_proj.weight	4	64	21	107520
false	blk.15.indexer.k_proj.weight	5	85	21	107520
false	blk.15.indexer.k_proj.weight	7	106	22	112640
false	blk.15.indexer.q_proj.weight	0	0	85	435200
false	blk.15.indexer.q_proj.weight	1	85	85	435200
false	blk.15.indexer.q_proj.weight	3	170	86	440320
false	blk.15.indexer.q_proj.weight	4	256	85	435200
false	blk.15.indexer.q_proj.weight	5	341	85	435200
false	blk.15.indexer.q_proj.weight	7	426	86	440320
false	blk.16.attn_gate.weight	0	0	1024	1802240
false	blk.16.attn_gate.weight	1	1024	1024	1802240
false	blk.16.attn_gate.weight	3	2048	1024	1802240
false	blk.16.attn_gate.weight	4	3072	1024	1802240
false	blk.16.attn_gate.weight	5	4096	1024	1802240
false	blk.16.attn_gate.weight	7	5120	1024	1802240
false	blk.16.attn_qkv.weight	0	0	1706	3002560
false	blk.16.attn_qkv.weight	1	1706	1707	3004320
false	blk.16.attn_qkv.weight	3	3413	1707	3004320
false	blk.16.attn_qkv.weight	4	5120	1706	3002560
false	blk.16.attn_qkv.weight	5	6826	1707	3004320
false	blk.16.attn_qkv.weight	7	8533	1707	3004320
false	blk.16.ffn_down_shexp.weight	0	0	426	289680
false	blk.16.ffn_down_shexp.weight	1	426	427	290360
false	blk.16.ffn_down_shexp.weight	3	853	427	290360
false	blk.16.ffn_down_shexp.weight	4	1280	426	289680
false	blk.16.ffn_down_shexp.weight	5	1706	427	290360
false	blk.16.ffn_down_shexp.weight	7	2133	427	290360
false	blk.16.ffn_gate_inp.weight	0	0	85	870400
false	blk.16.ffn_gate_inp.weight	1	85	85	870400
false	blk.16.ffn_gate_inp.weight	3	170	86	880640
false	blk.16.ffn_gate_inp.weight	4	256	85	870400
false	blk.16.ffn_gate_inp.weight	5	341	85	870400
false	blk.16.ffn_gate_inp.weight	7	426	86	880640
false	blk.16.ffn_gate_shexp.weight	0	0	106	186560
false	blk.16.ffn_gate_shexp.weight	1	106	107	188320
false	blk.16.ffn_gate_shexp.weight	3	213	107	188320
false	blk.16.ffn_gate_shexp.weight	4	320	106	186560
false	blk.16.ffn_gate_shexp.weight	5	426	107	188320
false	blk.16.ffn_gate_shexp.weight	7	533	107	188320
false	blk.16.ffn_up_shexp.weight	0	0	106	186560
false	blk.16.ffn_up_shexp.weight	1	106	107	188320
false	blk.16.ffn_up_shexp.weight	3	213	107	188320
false	blk.16.ffn_up_shexp.weight	4	320	106	186560
false	blk.16.ffn_up_shexp.weight	5	426	107	188320
false	blk.16.ffn_up_shexp.weight	7	533	107	188320
false	blk.16.hc_attn_down.weight	0	0	53	576640
false	blk.16.hc_attn_down.weight	1	53	53	576640
false	blk.16.hc_attn_down.weight	3	106	54	587520
false	blk.16.hc_attn_down.weight	4	160	53	576640
false	blk.16.hc_attn_down.weight	5	213	53	576640
false	blk.16.hc_attn_down.weight	7	266	54	587520
false	blk.16.hc_attn_inject.weight	1	0	1	40960
false	blk.16.hc_attn_inject.weight	3	1	1	40960
false	blk.16.hc_attn_inject.weight	5	2	1	40960
false	blk.16.hc_attn_inject.weight	7	3	1	40960
false	blk.16.hc_attn_up.weight	0	0	1706	580040
false	blk.16.hc_attn_up.weight	1	1706	1707	580380
false	blk.16.hc_attn_up.weight	3	3413	1707	580380
false	blk.16.hc_attn_up.weight	4	5120	1706	580040
false	blk.16.hc_attn_up.weight	5	6826	1707	580380
false	blk.16.hc_attn_up.weight	7	8533	1707	580380
false	blk.16.hc_ffn_down.weight	0	0	53	576640
false	blk.16.hc_ffn_down.weight	1	53	53	576640
false	blk.16.hc_ffn_down.weight	3	106	54	587520
false	blk.16.hc_ffn_down.weight	4	160	53	576640
false	blk.16.hc_ffn_down.weight	5	213	53	576640
false	blk.16.hc_ffn_down.weight	7	266	54	587520
false	blk.16.hc_ffn_inject.weight	1	0	1	40960
false	blk.16.hc_ffn_inject.weight	3	1	1	40960
false	blk.16.hc_ffn_inject.weight	5	2	1	40960
false	blk.16.hc_ffn_inject.weight	7	3	1	40960
false	blk.16.hc_ffn_up.weight	0	0	1706	580040
false	blk.16.hc_ffn_up.weight	1	1706	1707	580380
false	blk.16.hc_ffn_up.weight	3	3413	1707	580380
false	blk.16.hc_ffn_up.weight	4	5120	1706	580040
false	blk.16.hc_ffn_up.weight	5	6826	1707	580380
false	blk.16.hc_ffn_up.weight	7	8533	1707	580380
false	blk.16.ssm_out.weight	0	0	426	2147040
false	blk.16.ssm_out.weight	1	426	427	2152080
false	blk.16.ssm_out.weight	3	853	427	2152080
false	blk.16.ssm_out.weight	4	1280	426	2147040
false	blk.16.ssm_out.weight	5	1706	427	2152080
false	blk.16.ssm_out.weight	7	2133	427	2152080
false	blk.17.attn_gate.weight	0	0	1024	1802240
false	blk.17.attn_gate.weight	1	1024	1024	1802240
false	blk.17.attn_gate.weight	3	2048	1024	1802240
false	blk.17.attn_gate.weight	4	3072	1024	1802240
false	blk.17.attn_gate.weight	5	4096	1024	1802240
false	blk.17.attn_gate.weight	7	5120	1024	1802240
false	blk.17.attn_qkv.weight	0	0	1706	3002560
false	blk.17.attn_qkv.weight	1	1706	1707	3004320
false	blk.17.attn_qkv.weight	3	3413	1707	3004320
false	blk.17.attn_qkv.weight	4	5120	1706	3002560
false	blk.17.attn_qkv.weight	5	6826	1707	3004320
false	blk.17.attn_qkv.weight	7	8533	1707	3004320
false	blk.17.ffn_down_shexp.weight	0	0	426	289680
false	blk.17.ffn_down_shexp.weight	1	426	427	290360
false	blk.17.ffn_down_shexp.weight	3	853	427	290360
false	blk.17.ffn_down_shexp.weight	4	1280	426	289680
false	blk.17.ffn_down_shexp.weight	5	1706	427	290360
false	blk.17.ffn_down_shexp.weight	7	2133	427	290360
false	blk.17.ffn_gate_inp.weight	0	0	85	870400
false	blk.17.ffn_gate_inp.weight	1	85	85	870400
false	blk.17.ffn_gate_inp.weight	3	170	86	880640
false	blk.17.ffn_gate_inp.weight	4	256	85	870400
false	blk.17.ffn_gate_inp.weight	5	341	85	870400
false	blk.17.ffn_gate_inp.weight	7	426	86	880640
false	blk.17.ffn_gate_shexp.weight	0	0	106	186560
false	blk.17.ffn_gate_shexp.weight	1	106	107	188320
false	blk.17.ffn_gate_shexp.weight	3	213	107	188320
false	blk.17.ffn_gate_shexp.weight	4	320	106	186560
false	blk.17.ffn_gate_shexp.weight	5	426	107	188320
false	blk.17.ffn_gate_shexp.weight	7	533	107	188320
false	blk.17.ffn_up_shexp.weight	0	0	106	186560
false	blk.17.ffn_up_shexp.weight	1	106	107	188320
false	blk.17.ffn_up_shexp.weight	3	213	107	188320
false	blk.17.ffn_up_shexp.weight	4	320	106	186560
false	blk.17.ffn_up_shexp.weight	5	426	107	188320
false	blk.17.ffn_up_shexp.weight	7	533	107	188320
false	blk.17.hc_attn_down.weight	0	0	53	576640
false	blk.17.hc_attn_down.weight	1	53	53	576640
false	blk.17.hc_attn_down.weight	3	106	54	587520
false	blk.17.hc_attn_down.weight	4	160	53	576640
false	blk.17.hc_attn_down.weight	5	213	53	576640
false	blk.17.hc_attn_down.weight	7	266	54	587520
false	blk.17.hc_attn_inject.weight	1	0	1	40960
false	blk.17.hc_attn_inject.weight	3	1	1	40960
false	blk.17.hc_attn_inject.weight	5	2	1	40960
false	blk.17.hc_attn_inject.weight	7	3	1	40960
false	blk.17.hc_attn_up.weight	0	0	1706	580040
false	blk.17.hc_attn_up.weight	1	1706	1707	580380
false	blk.17.hc_attn_up.weight	3	3413	1707	580380
false	blk.17.hc_attn_up.weight	4	5120	1706	580040
false	blk.17.hc_attn_up.weight	5	6826	1707	580380
false	blk.17.hc_attn_up.weight	7	8533	1707	580380
false	blk.17.hc_ffn_down.weight	0	0	53	576640
false	blk.17.hc_ffn_down.weight	1	53	53	576640
false	blk.17.hc_ffn_down.weight	3	106	54	587520
false	blk.17.hc_ffn_down.weight	4	160	53	576640
false	blk.17.hc_ffn_down.weight	5	213	53	576640
false	blk.17.hc_ffn_down.weight	7	266	54	587520
false	blk.17.hc_ffn_inject.weight	1	0	1	40960
false	blk.17.hc_ffn_inject.weight	3	1	1	40960
false	blk.17.hc_ffn_inject.weight	5	2	1	40960
false	blk.17.hc_ffn_inject.weight	7	3	1	40960
false	blk.17.hc_ffn_up.weight	0	0	1706	580040
false	blk.17.hc_ffn_up.weight	1	1706	1707	580380
false	blk.17.hc_ffn_up.weight	3	3413	1707	580380
false	blk.17.hc_ffn_up.weight	4	5120	1706	580040
false	blk.17.hc_ffn_up.weight	5	6826	1707	580380
false	blk.17.hc_ffn_up.weight	7	8533	1707	580380
false	blk.17.ssm_out.weight	0	0	426	2147040
false	blk.17.ssm_out.weight	1	426	427	2152080
false	blk.17.ssm_out.weight	3	853	427	2152080
false	blk.17.ssm_out.weight	4	1280	426	2147040
false	blk.17.ssm_out.weight	5	1706	427	2152080
false	blk.17.ssm_out.weight	7	2133	427	2152080
false	blk.18.attn_gate.weight	0	0	1024	1802240
false	blk.18.attn_gate.weight	1	1024	1024	1802240
false	blk.18.attn_gate.weight	3	2048	1024	1802240
false	blk.18.attn_gate.weight	4	3072	1024	1802240
false	blk.18.attn_gate.weight	5	4096	1024	1802240
false	blk.18.attn_gate.weight	7	5120	1024	1802240
false	blk.18.attn_qkv.weight	0	0	1706	3002560
false	blk.18.attn_qkv.weight	1	1706	1707	3004320
false	blk.18.attn_qkv.weight	3	3413	1707	3004320
false	blk.18.attn_qkv.weight	4	5120	1706	3002560
false	blk.18.attn_qkv.weight	5	6826	1707	3004320
false	blk.18.attn_qkv.weight	7	8533	1707	3004320
false	blk.18.ffn_down_shexp.weight	0	0	426	289680
false	blk.18.ffn_down_shexp.weight	1	426	427	290360
false	blk.18.ffn_down_shexp.weight	3	853	427	290360
false	blk.18.ffn_down_shexp.weight	4	1280	426	289680
false	blk.18.ffn_down_shexp.weight	5	1706	427	290360
false	blk.18.ffn_down_shexp.weight	7	2133	427	290360
false	blk.18.ffn_gate_inp.weight	0	0	85	870400
false	blk.18.ffn_gate_inp.weight	1	85	85	870400
false	blk.18.ffn_gate_inp.weight	3	170	86	880640
false	blk.18.ffn_gate_inp.weight	4	256	85	870400
false	blk.18.ffn_gate_inp.weight	5	341	85	870400
false	blk.18.ffn_gate_inp.weight	7	426	86	880640
false	blk.18.ffn_gate_shexp.weight	0	0	106	186560
false	blk.18.ffn_gate_shexp.weight	1	106	107	188320
false	blk.18.ffn_gate_shexp.weight	3	213	107	188320
false	blk.18.ffn_gate_shexp.weight	4	320	106	186560
false	blk.18.ffn_gate_shexp.weight	5	426	107	188320
false	blk.18.ffn_gate_shexp.weight	7	533	107	188320
false	blk.18.ffn_up_shexp.weight	0	0	106	186560
false	blk.18.ffn_up_shexp.weight	1	106	107	188320
false	blk.18.ffn_up_shexp.weight	3	213	107	188320
false	blk.18.ffn_up_shexp.weight	4	320	106	186560
false	blk.18.ffn_up_shexp.weight	5	426	107	188320
false	blk.18.ffn_up_shexp.weight	7	533	107	188320
false	blk.18.hc_attn_down.weight	0	0	53	576640
false	blk.18.hc_attn_down.weight	1	53	53	576640
false	blk.18.hc_attn_down.weight	3	106	54	587520
false	blk.18.hc_attn_down.weight	4	160	53	576640
false	blk.18.hc_attn_down.weight	5	213	53	576640
false	blk.18.hc_attn_down.weight	7	266	54	587520
false	blk.18.hc_attn_inject.weight	1	0	1	40960
false	blk.18.hc_attn_inject.weight	3	1	1	40960
false	blk.18.hc_attn_inject.weight	5	2	1	40960
false	blk.18.hc_attn_inject.weight	7	3	1	40960
false	blk.18.hc_attn_up.weight	0	0	1706	580040
false	blk.18.hc_attn_up.weight	1	1706	1707	580380
false	blk.18.hc_attn_up.weight	3	3413	1707	580380
false	blk.18.hc_attn_up.weight	4	5120	1706	580040
false	blk.18.hc_attn_up.weight	5	6826	1707	580380
false	blk.18.hc_attn_up.weight	7	8533	1707	580380
false	blk.18.hc_ffn_down.weight	0	0	53	576640
false	blk.18.hc_ffn_down.weight	1	53	53	576640
false	blk.18.hc_ffn_down.weight	3	106	54	587520
false	blk.18.hc_ffn_down.weight	4	160	53	576640
false	blk.18.hc_ffn_down.weight	5	213	53	576640
false	blk.18.hc_ffn_down.weight	7	266	54	587520
false	blk.18.hc_ffn_inject.weight	1	0	1	40960
false	blk.18.hc_ffn_inject.weight	3	1	1	40960
false	blk.18.hc_ffn_inject.weight	5	2	1	40960
false	blk.18.hc_ffn_inject.weight	7	3	1	40960
false	blk.18.hc_ffn_up.weight	0	0	1706	580040
false	blk.18.hc_ffn_up.weight	1	1706	1707	580380
false	blk.18.hc_ffn_up.weight	3	3413	1707	580380
false	blk.18.hc_ffn_up.weight	4	5120	1706	580040
false	blk.18.hc_ffn_up.weight	5	6826	1707	580380
false	blk.18.hc_ffn_up.weight	7	8533	1707	580380
false	blk.18.ssm_out.weight	0	0	426	2147040
false	blk.18.ssm_out.weight	1	426	427	2152080
false	blk.18.ssm_out.weight	3	853	427	2152080
false	blk.18.ssm_out.weight	4	1280	426	2147040
false	blk.18.ssm_out.weight	5	1706	427	2152080
false	blk.18.ssm_out.weight	7	2133	427	2152080
false	blk.19.attn_k.weight	0	0	85	178500
false	blk.19.attn_k.weight	1	85	85	178500
false	blk.19.attn_k.weight	3	170	86	180600
false	blk.19.attn_k.weight	4	256	85	178500
false	blk.19.attn_k.weight	5	341	85	178500
false	blk.19.attn_k.weight	7	426	86	180600
false	blk.19.attn_output.weight	0	0	426	1799424
false	blk.19.attn_output.weight	1	426	427	1803648
false	blk.19.attn_output.weight	3	853	427	1803648
false	blk.19.attn_output.weight	4	1280	426	1799424
false	blk.19.attn_output.weight	5	1706	427	1803648
false	blk.19.attn_output.weight	7	2133	427	1803648
false	blk.19.attn_q.weight	0	0	2048	3604480
false	blk.19.attn_q.weight	1	2048	2048	3604480
false	blk.19.attn_q.weight	3	4096	2048	3604480
false	blk.19.attn_q.weight	4	6144	2048	3604480
false	blk.19.attn_q.weight	5	8192	2048	3604480
false	blk.19.attn_q.weight	7	10240	2048	3604480
false	blk.19.attn_v.weight	0	0	85	178500
false	blk.19.attn_v.weight	1	85	85	178500
false	blk.19.attn_v.weight	3	170	86	180600
false	blk.19.attn_v.weight	4	256	85	178500
false	blk.19.attn_v.weight	5	341	85	178500
false	blk.19.attn_v.weight	7	426	86	180600
false	blk.19.ffn_down_shexp.weight	0	0	426	289680
false	blk.19.ffn_down_shexp.weight	1	426	427	290360
false	blk.19.ffn_down_shexp.weight	3	853	427	290360
false	blk.19.ffn_down_shexp.weight	4	1280	426	289680
false	blk.19.ffn_down_shexp.weight	5	1706	427	290360
false	blk.19.ffn_down_shexp.weight	7	2133	427	290360
false	blk.19.ffn_gate_inp.weight	0	0	85	870400
false	blk.19.ffn_gate_inp.weight	1	85	85	870400
false	blk.19.ffn_gate_inp.weight	3	170	86	880640
false	blk.19.ffn_gate_inp.weight	4	256	85	870400
false	blk.19.ffn_gate_inp.weight	5	341	85	870400
false	blk.19.ffn_gate_inp.weight	7	426	86	880640
false	blk.19.ffn_gate_shexp.weight	0	0	106	186560
false	blk.19.ffn_gate_shexp.weight	1	106	107	188320
false	blk.19.ffn_gate_shexp.weight	3	213	107	188320
false	blk.19.ffn_gate_shexp.weight	4	320	106	186560
false	blk.19.ffn_gate_shexp.weight	5	426	107	188320
false	blk.19.ffn_gate_shexp.weight	7	533	107	188320
false	blk.19.ffn_up_shexp.weight	0	0	106	186560
false	blk.19.ffn_up_shexp.weight	1	106	107	188320
false	blk.19.ffn_up_shexp.weight	3	213	107	188320
false	blk.19.ffn_up_shexp.weight	4	320	106	186560
false	blk.19.ffn_up_shexp.weight	5	426	107	188320
false	blk.19.ffn_up_shexp.weight	7	533	107	188320
false	blk.19.hc_attn_down.weight	0	0	53	576640
false	blk.19.hc_attn_down.weight	1	53	53	576640
false	blk.19.hc_attn_down.weight	3	106	54	587520
false	blk.19.hc_attn_down.weight	4	160	53	576640
false	blk.19.hc_attn_down.weight	5	213	53	576640
false	blk.19.hc_attn_down.weight	7	266	54	587520
false	blk.19.hc_attn_inject.weight	1	0	1	40960
false	blk.19.hc_attn_inject.weight	3	1	1	40960
false	blk.19.hc_attn_inject.weight	5	2	1	40960
false	blk.19.hc_attn_inject.weight	7	3	1	40960
false	blk.19.hc_attn_up.weight	0	0	1706	580040
false	blk.19.hc_attn_up.weight	1	1706	1707	580380
false	blk.19.hc_attn_up.weight	3	3413	1707	580380
false	blk.19.hc_attn_up.weight	4	5120	1706	580040
false	blk.19.hc_attn_up.weight	5	6826	1707	580380
false	blk.19.hc_attn_up.weight	7	8533	1707	580380
false	blk.19.hc_ffn_down.weight	0	0	53	576640
false	blk.19.hc_ffn_down.weight	1	53	53	576640
false	blk.19.hc_ffn_down.weight	3	106	54	587520
false	blk.19.hc_ffn_down.weight	4	160	53	576640
false	blk.19.hc_ffn_down.weight	5	213	53	576640
false	blk.19.hc_ffn_down.weight	7	266	54	587520
false	blk.19.hc_ffn_inject.weight	1	0	1	40960
false	blk.19.hc_ffn_inject.weight	3	1	1	40960
false	blk.19.hc_ffn_inject.weight	5	2	1	40960
false	blk.19.hc_ffn_inject.weight	7	3	1	40960
false	blk.19.hc_ffn_up.weight	0	0	1706	580040
false	blk.19.hc_ffn_up.weight	1	1706	1707	580380
false	blk.19.hc_ffn_up.weight	3	3413	1707	580380
false	blk.19.hc_ffn_up.weight	4	5120	1706	580040
false	blk.19.hc_ffn_up.weight	5	6826	1707	580380
false	blk.19.hc_ffn_up.weight	7	8533	1707	580380
false	blk.19.indexer.k_proj.weight	0	0	21	107520
false	blk.19.indexer.k_proj.weight	1	21	21	107520
false	blk.19.indexer.k_proj.weight	3	42	22	112640
false	blk.19.indexer.k_proj.weight	4	64	21	107520
false	blk.19.indexer.k_proj.weight	5	85	21	107520
false	blk.19.indexer.k_proj.weight	7	106	22	112640
false	blk.19.indexer.q_proj.weight	0	0	85	435200
false	blk.19.indexer.q_proj.weight	1	85	85	435200
false	blk.19.indexer.q_proj.weight	3	170	86	440320
false	blk.19.indexer.q_proj.weight	4	256	85	435200
false	blk.19.indexer.q_proj.weight	5	341	85	435200
false	blk.19.indexer.q_proj.weight	7	426	86	440320
false	blk.20.attn_gate.weight	0	0	1024	1802240
false	blk.20.attn_gate.weight	1	1024	1024	1802240
false	blk.20.attn_gate.weight	3	2048	1024	1802240
false	blk.20.attn_gate.weight	4	3072	1024	1802240
false	blk.20.attn_gate.weight	5	4096	1024	1802240
false	blk.20.attn_gate.weight	7	5120	1024	1802240
false	blk.20.attn_qkv.weight	0	0	1706	3002560
false	blk.20.attn_qkv.weight	1	1706	1707	3004320
false	blk.20.attn_qkv.weight	3	3413	1707	3004320
false	blk.20.attn_qkv.weight	4	5120	1706	3002560
false	blk.20.attn_qkv.weight	5	6826	1707	3004320
false	blk.20.attn_qkv.weight	7	8533	1707	3004320
false	blk.20.ffn_down_shexp.weight	0	0	426	289680
false	blk.20.ffn_down_shexp.weight	1	426	427	290360
false	blk.20.ffn_down_shexp.weight	3	853	427	290360
false	blk.20.ffn_down_shexp.weight	4	1280	426	289680
false	blk.20.ffn_down_shexp.weight	5	1706	427	290360
false	blk.20.ffn_down_shexp.weight	7	2133	427	290360
false	blk.20.ffn_gate_inp.weight	0	0	85	870400
false	blk.20.ffn_gate_inp.weight	1	85	85	870400
false	blk.20.ffn_gate_inp.weight	3	170	86	880640
false	blk.20.ffn_gate_inp.weight	4	256	85	870400
false	blk.20.ffn_gate_inp.weight	5	341	85	870400
false	blk.20.ffn_gate_inp.weight	7	426	86	880640
false	blk.20.ffn_gate_shexp.weight	0	0	106	186560
false	blk.20.ffn_gate_shexp.weight	1	106	107	188320
false	blk.20.ffn_gate_shexp.weight	3	213	107	188320
false	blk.20.ffn_gate_shexp.weight	4	320	106	186560
false	blk.20.ffn_gate_shexp.weight	5	426	107	188320
false	blk.20.ffn_gate_shexp.weight	7	533	107	188320
false	blk.20.ffn_up_shexp.weight	0	0	106	186560
false	blk.20.ffn_up_shexp.weight	1	106	107	188320
false	blk.20.ffn_up_shexp.weight	3	213	107	188320
false	blk.20.ffn_up_shexp.weight	4	320	106	186560
false	blk.20.ffn_up_shexp.weight	5	426	107	188320
false	blk.20.ffn_up_shexp.weight	7	533	107	188320
false	blk.20.hc_attn_down.weight	0	0	53	576640
false	blk.20.hc_attn_down.weight	1	53	53	576640
false	blk.20.hc_attn_down.weight	3	106	54	587520
false	blk.20.hc_attn_down.weight	4	160	53	576640
false	blk.20.hc_attn_down.weight	5	213	53	576640
false	blk.20.hc_attn_down.weight	7	266	54	587520
false	blk.20.hc_attn_inject.weight	1	0	1	40960
false	blk.20.hc_attn_inject.weight	3	1	1	40960
false	blk.20.hc_attn_inject.weight	5	2	1	40960
false	blk.20.hc_attn_inject.weight	7	3	1	40960
false	blk.20.hc_attn_up.weight	0	0	1706	580040
false	blk.20.hc_attn_up.weight	1	1706	1707	580380
false	blk.20.hc_attn_up.weight	3	3413	1707	580380
false	blk.20.hc_attn_up.weight	4	5120	1706	580040
false	blk.20.hc_attn_up.weight	5	6826	1707	580380
false	blk.20.hc_attn_up.weight	7	8533	1707	580380
false	blk.20.hc_ffn_down.weight	0	0	53	576640
false	blk.20.hc_ffn_down.weight	1	53	53	576640
false	blk.20.hc_ffn_down.weight	3	106	54	587520
false	blk.20.hc_ffn_down.weight	4	160	53	576640
false	blk.20.hc_ffn_down.weight	5	213	53	576640
false	blk.20.hc_ffn_down.weight	7	266	54	587520
false	blk.20.hc_ffn_inject.weight	1	0	1	40960
false	blk.20.hc_ffn_inject.weight	3	1	1	40960
false	blk.20.hc_ffn_inject.weight	5	2	1	40960
false	blk.20.hc_ffn_inject.weight	7	3	1	40960
false	blk.20.hc_ffn_up.weight	0	0	1706	580040
false	blk.20.hc_ffn_up.weight	1	1706	1707	580380
false	blk.20.hc_ffn_up.weight	3	3413	1707	580380
false	blk.20.hc_ffn_up.weight	4	5120	1706	580040
false	blk.20.hc_ffn_up.weight	5	6826	1707	580380
false	blk.20.hc_ffn_up.weight	7	8533	1707	580380
false	blk.20.ssm_out.weight	0	0	426	2147040
false	blk.20.ssm_out.weight	1	426	427	2152080
false	blk.20.ssm_out.weight	3	853	427	2152080
false	blk.20.ssm_out.weight	4	1280	426	2147040
false	blk.20.ssm_out.weight	5	1706	427	2152080
false	blk.20.ssm_out.weight	7	2133	427	2152080
false	blk.21.attn_gate.weight	0	0	1024	1802240
false	blk.21.attn_gate.weight	1	1024	1024	1802240
false	blk.21.attn_gate.weight	3	2048	1024	1802240
false	blk.21.attn_gate.weight	4	3072	1024	1802240
false	blk.21.attn_gate.weight	5	4096	1024	1802240
false	blk.21.attn_gate.weight	7	5120	1024	1802240
false	blk.21.attn_qkv.weight	0	0	1706	3002560
false	blk.21.attn_qkv.weight	1	1706	1707	3004320
false	blk.21.attn_qkv.weight	3	3413	1707	3004320
false	blk.21.attn_qkv.weight	4	5120	1706	3002560
false	blk.21.attn_qkv.weight	5	6826	1707	3004320
false	blk.21.attn_qkv.weight	7	8533	1707	3004320
false	blk.21.ffn_down_shexp.weight	0	0	426	289680
false	blk.21.ffn_down_shexp.weight	1	426	427	290360
false	blk.21.ffn_down_shexp.weight	3	853	427	290360
false	blk.21.ffn_down_shexp.weight	4	1280	426	289680
false	blk.21.ffn_down_shexp.weight	5	1706	427	290360
false	blk.21.ffn_down_shexp.weight	7	2133	427	290360
false	blk.21.ffn_gate_inp.weight	0	0	85	870400
false	blk.21.ffn_gate_inp.weight	1	85	85	870400
false	blk.21.ffn_gate_inp.weight	3	170	86	880640
false	blk.21.ffn_gate_inp.weight	4	256	85	870400
false	blk.21.ffn_gate_inp.weight	5	341	85	870400
false	blk.21.ffn_gate_inp.weight	7	426	86	880640
false	blk.21.ffn_gate_shexp.weight	0	0	106	186560
false	blk.21.ffn_gate_shexp.weight	1	106	107	188320
false	blk.21.ffn_gate_shexp.weight	3	213	107	188320
false	blk.21.ffn_gate_shexp.weight	4	320	106	186560
false	blk.21.ffn_gate_shexp.weight	5	426	107	188320
false	blk.21.ffn_gate_shexp.weight	7	533	107	188320
false	blk.21.ffn_up_shexp.weight	0	0	106	186560
false	blk.21.ffn_up_shexp.weight	1	106	107	188320
false	blk.21.ffn_up_shexp.weight	3	213	107	188320
false	blk.21.ffn_up_shexp.weight	4	320	106	186560
false	blk.21.ffn_up_shexp.weight	5	426	107	188320
false	blk.21.ffn_up_shexp.weight	7	533	107	188320
false	blk.21.hc_attn_down.weight	0	0	53	576640
false	blk.21.hc_attn_down.weight	1	53	53	576640
false	blk.21.hc_attn_down.weight	3	106	54	587520
false	blk.21.hc_attn_down.weight	4	160	53	576640
false	blk.21.hc_attn_down.weight	5	213	53	576640
false	blk.21.hc_attn_down.weight	7	266	54	587520
false	blk.21.hc_attn_inject.weight	1	0	1	40960
false	blk.21.hc_attn_inject.weight	3	1	1	40960
false	blk.21.hc_attn_inject.weight	5	2	1	40960
false	blk.21.hc_attn_inject.weight	7	3	1	40960
false	blk.21.hc_attn_up.weight	0	0	1706	580040
false	blk.21.hc_attn_up.weight	1	1706	1707	580380
false	blk.21.hc_attn_up.weight	3	3413	1707	580380
false	blk.21.hc_attn_up.weight	4	5120	1706	580040
false	blk.21.hc_attn_up.weight	5	6826	1707	580380
false	blk.21.hc_attn_up.weight	7	8533	1707	580380
false	blk.21.hc_ffn_down.weight	0	0	53	576640
false	blk.21.hc_ffn_down.weight	1	53	53	576640
false	blk.21.hc_ffn_down.weight	3	106	54	587520
false	blk.21.hc_ffn_down.weight	4	160	53	576640
false	blk.21.hc_ffn_down.weight	5	213	53	576640
false	blk.21.hc_ffn_down.weight	7	266	54	587520
false	blk.21.hc_ffn_inject.weight	1	0	1	40960
false	blk.21.hc_ffn_inject.weight	3	1	1	40960
false	blk.21.hc_ffn_inject.weight	5	2	1	40960
false	blk.21.hc_ffn_inject.weight	7	3	1	40960
false	blk.21.hc_ffn_up.weight	0	0	1706	580040
false	blk.21.hc_ffn_up.weight	1	1706	1707	580380
false	blk.21.hc_ffn_up.weight	3	3413	1707	580380
false	blk.21.hc_ffn_up.weight	4	5120	1706	580040
false	blk.21.hc_ffn_up.weight	5	6826	1707	580380
false	blk.21.hc_ffn_up.weight	7	8533	1707	580380
false	blk.21.ssm_out.weight	0	0	426	2147040
false	blk.21.ssm_out.weight	1	426	427	2152080
false	blk.21.ssm_out.weight	3	853	427	2152080
false	blk.21.ssm_out.weight	4	1280	426	2147040
false	blk.21.ssm_out.weight	5	1706	427	2152080
false	blk.21.ssm_out.weight	7	2133	427	2152080
false	blk.22.attn_gate.weight	0	0	1024	1802240
false	blk.22.attn_gate.weight	1	1024	1024	1802240
false	blk.22.attn_gate.weight	3	2048	1024	1802240
false	blk.22.attn_gate.weight	4	3072	1024	1802240
false	blk.22.attn_gate.weight	5	4096	1024	1802240
false	blk.22.attn_gate.weight	7	5120	1024	1802240
false	blk.22.attn_qkv.weight	0	0	1706	3002560
false	blk.22.attn_qkv.weight	1	1706	1707	3004320
false	blk.22.attn_qkv.weight	3	3413	1707	3004320
false	blk.22.attn_qkv.weight	4	5120	1706	3002560
false	blk.22.attn_qkv.weight	5	6826	1707	3004320
false	blk.22.attn_qkv.weight	7	8533	1707	3004320
false	blk.22.ffn_down_shexp.weight	0	0	426	289680
false	blk.22.ffn_down_shexp.weight	1	426	427	290360
false	blk.22.ffn_down_shexp.weight	3	853	427	290360
false	blk.22.ffn_down_shexp.weight	4	1280	426	289680
false	blk.22.ffn_down_shexp.weight	5	1706	427	290360
false	blk.22.ffn_down_shexp.weight	7	2133	427	290360
false	blk.22.ffn_gate_inp.weight	0	0	85	870400
false	blk.22.ffn_gate_inp.weight	1	85	85	870400
false	blk.22.ffn_gate_inp.weight	3	170	86	880640
false	blk.22.ffn_gate_inp.weight	4	256	85	870400
false	blk.22.ffn_gate_inp.weight	5	341	85	870400
false	blk.22.ffn_gate_inp.weight	7	426	86	880640
false	blk.22.ffn_gate_shexp.weight	0	0	106	186560
false	blk.22.ffn_gate_shexp.weight	1	106	107	188320
false	blk.22.ffn_gate_shexp.weight	3	213	107	188320
false	blk.22.ffn_gate_shexp.weight	4	320	106	186560
false	blk.22.ffn_gate_shexp.weight	5	426	107	188320
false	blk.22.ffn_gate_shexp.weight	7	533	107	188320
false	blk.22.ffn_up_shexp.weight	0	0	106	186560
false	blk.22.ffn_up_shexp.weight	1	106	107	188320
false	blk.22.ffn_up_shexp.weight	3	213	107	188320
false	blk.22.ffn_up_shexp.weight	4	320	106	186560
false	blk.22.ffn_up_shexp.weight	5	426	107	188320
false	blk.22.ffn_up_shexp.weight	7	533	107	188320
false	blk.22.hc_attn_down.weight	0	0	53	576640
false	blk.22.hc_attn_down.weight	1	53	53	576640
false	blk.22.hc_attn_down.weight	3	106	54	587520
false	blk.22.hc_attn_down.weight	4	160	53	576640
false	blk.22.hc_attn_down.weight	5	213	53	576640
false	blk.22.hc_attn_down.weight	7	266	54	587520
false	blk.22.hc_attn_inject.weight	1	0	1	40960
false	blk.22.hc_attn_inject.weight	3	1	1	40960
false	blk.22.hc_attn_inject.weight	5	2	1	40960
false	blk.22.hc_attn_inject.weight	7	3	1	40960
false	blk.22.hc_attn_up.weight	0	0	1706	580040
false	blk.22.hc_attn_up.weight	1	1706	1707	580380
false	blk.22.hc_attn_up.weight	3	3413	1707	580380
false	blk.22.hc_attn_up.weight	4	5120	1706	580040
false	blk.22.hc_attn_up.weight	5	6826	1707	580380
false	blk.22.hc_attn_up.weight	7	8533	1707	580380
false	blk.22.hc_ffn_down.weight	0	0	53	576640
false	blk.22.hc_ffn_down.weight	1	53	53	576640
false	blk.22.hc_ffn_down.weight	3	106	54	587520
false	blk.22.hc_ffn_down.weight	4	160	53	576640
false	blk.22.hc_ffn_down.weight	5	213	53	576640
false	blk.22.hc_ffn_down.weight	7	266	54	587520
false	blk.22.hc_ffn_inject.weight	1	0	1	40960
false	blk.22.hc_ffn_inject.weight	3	1	1	40960
false	blk.22.hc_ffn_inject.weight	5	2	1	40960
false	blk.22.hc_ffn_inject.weight	7	3	1	40960
false	blk.22.hc_ffn_up.weight	0	0	1706	580040
false	blk.22.hc_ffn_up.weight	1	1706	1707	580380
false	blk.22.hc_ffn_up.weight	3	3413	1707	580380
false	blk.22.hc_ffn_up.weight	4	5120	1706	580040
false	blk.22.hc_ffn_up.weight	5	6826	1707	580380
false	blk.22.hc_ffn_up.weight	7	8533	1707	580380
false	blk.22.ssm_out.weight	0	0	426	2147040
false	blk.22.ssm_out.weight	1	426	427	2152080
false	blk.22.ssm_out.weight	3	853	427	2152080
false	blk.22.ssm_out.weight	4	1280	426	2147040
false	blk.22.ssm_out.weight	5	1706	427	2152080
false	blk.22.ssm_out.weight	7	2133	427	2152080
false	blk.23.attn_k.weight	0	0	85	178500
false	blk.23.attn_k.weight	1	85	85	178500
false	blk.23.attn_k.weight	3	170	86	180600
false	blk.23.attn_k.weight	4	256	85	178500
false	blk.23.attn_k.weight	5	341	85	178500
false	blk.23.attn_k.weight	7	426	86	180600
false	blk.23.attn_output.weight	0	0	426	1799424
false	blk.23.attn_output.weight	1	426	427	1803648
false	blk.23.attn_output.weight	3	853	427	1803648
false	blk.23.attn_output.weight	4	1280	426	1799424
false	blk.23.attn_output.weight	5	1706	427	1803648
false	blk.23.attn_output.weight	7	2133	427	1803648
false	blk.23.attn_q.weight	0	0	2048	3604480
false	blk.23.attn_q.weight	1	2048	2048	3604480
false	blk.23.attn_q.weight	3	4096	2048	3604480
false	blk.23.attn_q.weight	4	6144	2048	3604480
false	blk.23.attn_q.weight	5	8192	2048	3604480
false	blk.23.attn_q.weight	7	10240	2048	3604480
false	blk.23.attn_v.weight	0	0	85	178500
false	blk.23.attn_v.weight	1	85	85	178500
false	blk.23.attn_v.weight	3	170	86	180600
false	blk.23.attn_v.weight	4	256	85	178500
false	blk.23.attn_v.weight	5	341	85	178500
false	blk.23.attn_v.weight	7	426	86	180600
false	blk.23.ffn_down_shexp.weight	0	0	426	289680
false	blk.23.ffn_down_shexp.weight	1	426	427	290360
false	blk.23.ffn_down_shexp.weight	3	853	427	290360
false	blk.23.ffn_down_shexp.weight	4	1280	426	289680
false	blk.23.ffn_down_shexp.weight	5	1706	427	290360
false	blk.23.ffn_down_shexp.weight	7	2133	427	290360
false	blk.23.ffn_gate_inp.weight	0	0	85	870400
false	blk.23.ffn_gate_inp.weight	1	85	85	870400
false	blk.23.ffn_gate_inp.weight	3	170	86	880640
false	blk.23.ffn_gate_inp.weight	4	256	85	870400
false	blk.23.ffn_gate_inp.weight	5	341	85	870400
false	blk.23.ffn_gate_inp.weight	7	426	86	880640
false	blk.23.ffn_gate_shexp.weight	0	0	106	186560
false	blk.23.ffn_gate_shexp.weight	1	106	107	188320
false	blk.23.ffn_gate_shexp.weight	3	213	107	188320
false	blk.23.ffn_gate_shexp.weight	4	320	106	186560
false	blk.23.ffn_gate_shexp.weight	5	426	107	188320
false	blk.23.ffn_gate_shexp.weight	7	533	107	188320
false	blk.23.ffn_up_shexp.weight	0	0	106	186560
false	blk.23.ffn_up_shexp.weight	1	106	107	188320
false	blk.23.ffn_up_shexp.weight	3	213	107	188320
false	blk.23.ffn_up_shexp.weight	4	320	106	186560
false	blk.23.ffn_up_shexp.weight	5	426	107	188320
false	blk.23.ffn_up_shexp.weight	7	533	107	188320
false	blk.23.hc_attn_down.weight	0	0	53	576640
false	blk.23.hc_attn_down.weight	1	53	53	576640
false	blk.23.hc_attn_down.weight	3	106	54	587520
false	blk.23.hc_attn_down.weight	4	160	53	576640
false	blk.23.hc_attn_down.weight	5	213	53	576640
false	blk.23.hc_attn_down.weight	7	266	54	587520
false	blk.23.hc_attn_inject.weight	1	0	1	40960
false	blk.23.hc_attn_inject.weight	3	1	1	40960
false	blk.23.hc_attn_inject.weight	5	2	1	40960
false	blk.23.hc_attn_inject.weight	7	3	1	40960
false	blk.23.hc_attn_up.weight	0	0	1706	580040
false	blk.23.hc_attn_up.weight	1	1706	1707	580380
false	blk.23.hc_attn_up.weight	3	3413	1707	580380
false	blk.23.hc_attn_up.weight	4	5120	1706	580040
false	blk.23.hc_attn_up.weight	5	6826	1707	580380
false	blk.23.hc_attn_up.weight	7	8533	1707	580380
false	blk.23.hc_ffn_down.weight	0	0	53	576640
false	blk.23.hc_ffn_down.weight	1	53	53	576640
false	blk.23.hc_ffn_down.weight	3	106	54	587520
false	blk.23.hc_ffn_down.weight	4	160	53	576640
false	blk.23.hc_ffn_down.weight	5	213	53	576640
false	blk.23.hc_ffn_down.weight	7	266	54	587520
false	blk.23.hc_ffn_inject.weight	1	0	1	40960
false	blk.23.hc_ffn_inject.weight	3	1	1	40960
false	blk.23.hc_ffn_inject.weight	5	2	1	40960
false	blk.23.hc_ffn_inject.weight	7	3	1	40960
false	blk.23.hc_ffn_up.weight	0	0	1706	580040
false	blk.23.hc_ffn_up.weight	1	1706	1707	580380
false	blk.23.hc_ffn_up.weight	3	3413	1707	580380
false	blk.23.hc_ffn_up.weight	4	5120	1706	580040
false	blk.23.hc_ffn_up.weight	5	6826	1707	580380
false	blk.23.hc_ffn_up.weight	7	8533	1707	580380
false	blk.23.indexer.k_proj.weight	0	0	21	107520
false	blk.23.indexer.k_proj.weight	1	21	21	107520
false	blk.23.indexer.k_proj.weight	3	42	22	112640
false	blk.23.indexer.k_proj.weight	4	64	21	107520
false	blk.23.indexer.k_proj.weight	5	85	21	107520
false	blk.23.indexer.k_proj.weight	7	106	22	112640
false	blk.23.indexer.q_proj.weight	0	0	85	435200
false	blk.23.indexer.q_proj.weight	1	85	85	435200
false	blk.23.indexer.q_proj.weight	3	170	86	440320
false	blk.23.indexer.q_proj.weight	4	256	85	435200
false	blk.23.indexer.q_proj.weight	5	341	85	435200
false	blk.23.indexer.q_proj.weight	7	426	86	440320
false	blk.24.attn_gate.weight	0	0	1024	1802240
false	blk.24.attn_gate.weight	1	1024	1024	1802240
false	blk.24.attn_gate.weight	3	2048	1024	1802240
false	blk.24.attn_gate.weight	4	3072	1024	1802240
false	blk.24.attn_gate.weight	5	4096	1024	1802240
false	blk.24.attn_gate.weight	7	5120	1024	1802240
false	blk.24.attn_qkv.weight	0	0	1706	3002560
false	blk.24.attn_qkv.weight	1	1706	1707	3004320
false	blk.24.attn_qkv.weight	3	3413	1707	3004320
false	blk.24.attn_qkv.weight	4	5120	1706	3002560
false	blk.24.attn_qkv.weight	5	6826	1707	3004320
false	blk.24.attn_qkv.weight	7	8533	1707	3004320
false	blk.24.ffn_down_shexp.weight	0	0	426	289680
false	blk.24.ffn_down_shexp.weight	1	426	427	290360
false	blk.24.ffn_down_shexp.weight	3	853	427	290360
false	blk.24.ffn_down_shexp.weight	4	1280	426	289680
false	blk.24.ffn_down_shexp.weight	5	1706	427	290360
false	blk.24.ffn_down_shexp.weight	7	2133	427	290360
false	blk.24.ffn_gate_inp.weight	0	0	85	870400
false	blk.24.ffn_gate_inp.weight	1	85	85	870400
false	blk.24.ffn_gate_inp.weight	3	170	86	880640
false	blk.24.ffn_gate_inp.weight	4	256	85	870400
false	blk.24.ffn_gate_inp.weight	5	341	85	870400
false	blk.24.ffn_gate_inp.weight	7	426	86	880640
false	blk.24.ffn_gate_shexp.weight	0	0	106	186560
false	blk.24.ffn_gate_shexp.weight	1	106	107	188320
false	blk.24.ffn_gate_shexp.weight	3	213	107	188320
false	blk.24.ffn_gate_shexp.weight	4	320	106	186560
false	blk.24.ffn_gate_shexp.weight	5	426	107	188320
false	blk.24.ffn_gate_shexp.weight	7	533	107	188320
false	blk.24.ffn_up_shexp.weight	0	0	106	186560
false	blk.24.ffn_up_shexp.weight	1	106	107	188320
false	blk.24.ffn_up_shexp.weight	3	213	107	188320
false	blk.24.ffn_up_shexp.weight	4	320	106	186560
false	blk.24.ffn_up_shexp.weight	5	426	107	188320
false	blk.24.ffn_up_shexp.weight	7	533	107	188320
false	blk.24.hc_attn_down.weight	0	0	53	576640
false	blk.24.hc_attn_down.weight	1	53	53	576640
false	blk.24.hc_attn_down.weight	3	106	54	587520
false	blk.24.hc_attn_down.weight	4	160	53	576640
false	blk.24.hc_attn_down.weight	5	213	53	576640
false	blk.24.hc_attn_down.weight	7	266	54	587520
false	blk.24.hc_attn_inject.weight	1	0	1	40960
false	blk.24.hc_attn_inject.weight	3	1	1	40960
false	blk.24.hc_attn_inject.weight	5	2	1	40960
false	blk.24.hc_attn_inject.weight	7	3	1	40960
false	blk.24.hc_attn_up.weight	0	0	1706	580040
false	blk.24.hc_attn_up.weight	1	1706	1707	580380
false	blk.24.hc_attn_up.weight	3	3413	1707	580380
false	blk.24.hc_attn_up.weight	4	5120	1706	580040
false	blk.24.hc_attn_up.weight	5	6826	1707	580380
false	blk.24.hc_attn_up.weight	7	8533	1707	580380
false	blk.24.hc_ffn_down.weight	0	0	53	576640
false	blk.24.hc_ffn_down.weight	1	53	53	576640
false	blk.24.hc_ffn_down.weight	3	106	54	587520
false	blk.24.hc_ffn_down.weight	4	160	53	576640
false	blk.24.hc_ffn_down.weight	5	213	53	576640
false	blk.24.hc_ffn_down.weight	7	266	54	587520
false	blk.24.hc_ffn_inject.weight	1	0	1	40960
false	blk.24.hc_ffn_inject.weight	3	1	1	40960
false	blk.24.hc_ffn_inject.weight	5	2	1	40960
false	blk.24.hc_ffn_inject.weight	7	3	1	40960
false	blk.24.hc_ffn_up.weight	0	0	1706	580040
false	blk.24.hc_ffn_up.weight	1	1706	1707	580380
false	blk.24.hc_ffn_up.weight	3	3413	1707	580380
false	blk.24.hc_ffn_up.weight	4	5120	1706	580040
false	blk.24.hc_ffn_up.weight	5	6826	1707	580380
false	blk.24.hc_ffn_up.weight	7	8533	1707	580380
false	blk.24.ssm_out.weight	0	0	426	2147040
false	blk.24.ssm_out.weight	1	426	427	2152080
false	blk.24.ssm_out.weight	3	853	427	2152080
false	blk.24.ssm_out.weight	4	1280	426	2147040
false	blk.24.ssm_out.weight	5	1706	427	2152080
false	blk.24.ssm_out.weight	7	2133	427	2152080
false	blk.25.attn_gate.weight	0	0	1024	1802240
false	blk.25.attn_gate.weight	1	1024	1024	1802240
false	blk.25.attn_gate.weight	3	2048	1024	1802240
false	blk.25.attn_gate.weight	4	3072	1024	1802240
false	blk.25.attn_gate.weight	5	4096	1024	1802240
false	blk.25.attn_gate.weight	7	5120	1024	1802240
false	blk.25.attn_qkv.weight	0	0	1706	3002560
false	blk.25.attn_qkv.weight	1	1706	1707	3004320
false	blk.25.attn_qkv.weight	3	3413	1707	3004320
false	blk.25.attn_qkv.weight	4	5120	1706	3002560
false	blk.25.attn_qkv.weight	5	6826	1707	3004320
false	blk.25.attn_qkv.weight	7	8533	1707	3004320
false	blk.25.ffn_down_shexp.weight	0	0	426	289680
false	blk.25.ffn_down_shexp.weight	1	426	427	290360
false	blk.25.ffn_down_shexp.weight	3	853	427	290360
false	blk.25.ffn_down_shexp.weight	4	1280	426	289680
false	blk.25.ffn_down_shexp.weight	5	1706	427	290360
false	blk.25.ffn_down_shexp.weight	7	2133	427	290360
false	blk.25.ffn_gate_inp.weight	0	0	85	870400
false	blk.25.ffn_gate_inp.weight	1	85	85	870400
false	blk.25.ffn_gate_inp.weight	3	170	86	880640
false	blk.25.ffn_gate_inp.weight	4	256	85	870400
false	blk.25.ffn_gate_inp.weight	5	341	85	870400
false	blk.25.ffn_gate_inp.weight	7	426	86	880640
false	blk.25.ffn_gate_shexp.weight	0	0	106	186560
false	blk.25.ffn_gate_shexp.weight	1	106	107	188320
false	blk.25.ffn_gate_shexp.weight	3	213	107	188320
false	blk.25.ffn_gate_shexp.weight	4	320	106	186560
false	blk.25.ffn_gate_shexp.weight	5	426	107	188320
false	blk.25.ffn_gate_shexp.weight	7	533	107	188320
false	blk.25.ffn_up_shexp.weight	0	0	106	186560
false	blk.25.ffn_up_shexp.weight	1	106	107	188320
false	blk.25.ffn_up_shexp.weight	3	213	107	188320
false	blk.25.ffn_up_shexp.weight	4	320	106	186560
false	blk.25.ffn_up_shexp.weight	5	426	107	188320
false	blk.25.ffn_up_shexp.weight	7	533	107	188320
false	blk.25.hc_attn_down.weight	0	0	53	576640
false	blk.25.hc_attn_down.weight	1	53	53	576640
false	blk.25.hc_attn_down.weight	3	106	54	587520
false	blk.25.hc_attn_down.weight	4	160	53	576640
false	blk.25.hc_attn_down.weight	5	213	53	576640
false	blk.25.hc_attn_down.weight	7	266	54	587520
false	blk.25.hc_attn_inject.weight	1	0	1	40960
false	blk.25.hc_attn_inject.weight	3	1	1	40960
false	blk.25.hc_attn_inject.weight	5	2	1	40960
false	blk.25.hc_attn_inject.weight	7	3	1	40960
false	blk.25.hc_attn_up.weight	0	0	1706	580040
false	blk.25.hc_attn_up.weight	1	1706	1707	580380
false	blk.25.hc_attn_up.weight	3	3413	1707	580380
false	blk.25.hc_attn_up.weight	4	5120	1706	580040
false	blk.25.hc_attn_up.weight	5	6826	1707	580380
false	blk.25.hc_attn_up.weight	7	8533	1707	580380
false	blk.25.hc_ffn_down.weight	0	0	53	576640
false	blk.25.hc_ffn_down.weight	1	53	53	576640
false	blk.25.hc_ffn_down.weight	3	106	54	587520
false	blk.25.hc_ffn_down.weight	4	160	53	576640
false	blk.25.hc_ffn_down.weight	5	213	53	576640
false	blk.25.hc_ffn_down.weight	7	266	54	587520
false	blk.25.hc_ffn_inject.weight	1	0	1	40960
false	blk.25.hc_ffn_inject.weight	3	1	1	40960
false	blk.25.hc_ffn_inject.weight	5	2	1	40960
false	blk.25.hc_ffn_inject.weight	7	3	1	40960
false	blk.25.hc_ffn_up.weight	0	0	1706	580040
false	blk.25.hc_ffn_up.weight	1	1706	1707	580380
false	blk.25.hc_ffn_up.weight	3	3413	1707	580380
false	blk.25.hc_ffn_up.weight	4	5120	1706	580040
false	blk.25.hc_ffn_up.weight	5	6826	1707	580380
false	blk.25.hc_ffn_up.weight	7	8533	1707	580380
false	blk.25.ssm_out.weight	0	0	426	2147040
false	blk.25.ssm_out.weight	1	426	427	2152080
false	blk.25.ssm_out.weight	3	853	427	2152080
false	blk.25.ssm_out.weight	4	1280	426	2147040
false	blk.25.ssm_out.weight	5	1706	427	2152080
false	blk.25.ssm_out.weight	7	2133	427	2152080
false	blk.26.attn_gate.weight	0	0	1024	1802240
false	blk.26.attn_gate.weight	1	1024	1024	1802240
false	blk.26.attn_gate.weight	3	2048	1024	1802240
false	blk.26.attn_gate.weight	4	3072	1024	1802240
false	blk.26.attn_gate.weight	5	4096	1024	1802240
false	blk.26.attn_gate.weight	7	5120	1024	1802240
false	blk.26.attn_qkv.weight	0	0	1706	3002560
false	blk.26.attn_qkv.weight	1	1706	1707	3004320
false	blk.26.attn_qkv.weight	3	3413	1707	3004320
false	blk.26.attn_qkv.weight	4	5120	1706	3002560
false	blk.26.attn_qkv.weight	5	6826	1707	3004320
false	blk.26.attn_qkv.weight	7	8533	1707	3004320
false	blk.26.ffn_down_shexp.weight	0	0	426	289680
false	blk.26.ffn_down_shexp.weight	1	426	427	290360
false	blk.26.ffn_down_shexp.weight	3	853	427	290360
false	blk.26.ffn_down_shexp.weight	4	1280	426	289680
false	blk.26.ffn_down_shexp.weight	5	1706	427	290360
false	blk.26.ffn_down_shexp.weight	7	2133	427	290360
false	blk.26.ffn_gate_inp.weight	0	0	85	870400
false	blk.26.ffn_gate_inp.weight	1	85	85	870400
false	blk.26.ffn_gate_inp.weight	3	170	86	880640
false	blk.26.ffn_gate_inp.weight	4	256	85	870400
false	blk.26.ffn_gate_inp.weight	5	341	85	870400
false	blk.26.ffn_gate_inp.weight	7	426	86	880640
false	blk.26.ffn_gate_shexp.weight	0	0	106	186560
false	blk.26.ffn_gate_shexp.weight	1	106	107	188320
false	blk.26.ffn_gate_shexp.weight	3	213	107	188320
false	blk.26.ffn_gate_shexp.weight	4	320	106	186560
false	blk.26.ffn_gate_shexp.weight	5	426	107	188320
false	blk.26.ffn_gate_shexp.weight	7	533	107	188320
false	blk.26.ffn_up_shexp.weight	0	0	106	186560
false	blk.26.ffn_up_shexp.weight	1	106	107	188320
false	blk.26.ffn_up_shexp.weight	3	213	107	188320
false	blk.26.ffn_up_shexp.weight	4	320	106	186560
false	blk.26.ffn_up_shexp.weight	5	426	107	188320
false	blk.26.ffn_up_shexp.weight	7	533	107	188320
false	blk.26.hc_attn_down.weight	0	0	53	576640
false	blk.26.hc_attn_down.weight	1	53	53	576640
false	blk.26.hc_attn_down.weight	3	106	54	587520
false	blk.26.hc_attn_down.weight	4	160	53	576640
false	blk.26.hc_attn_down.weight	5	213	53	576640
false	blk.26.hc_attn_down.weight	7	266	54	587520
false	blk.26.hc_attn_inject.weight	1	0	1	40960
false	blk.26.hc_attn_inject.weight	3	1	1	40960
false	blk.26.hc_attn_inject.weight	5	2	1	40960
false	blk.26.hc_attn_inject.weight	7	3	1	40960
false	blk.26.hc_attn_up.weight	0	0	1706	580040
false	blk.26.hc_attn_up.weight	1	1706	1707	580380
false	blk.26.hc_attn_up.weight	3	3413	1707	580380
false	blk.26.hc_attn_up.weight	4	5120	1706	580040
false	blk.26.hc_attn_up.weight	5	6826	1707	580380
false	blk.26.hc_attn_up.weight	7	8533	1707	580380
false	blk.26.hc_ffn_down.weight	0	0	53	576640
false	blk.26.hc_ffn_down.weight	1	53	53	576640
false	blk.26.hc_ffn_down.weight	3	106	54	587520
false	blk.26.hc_ffn_down.weight	4	160	53	576640
false	blk.26.hc_ffn_down.weight	5	213	53	576640
false	blk.26.hc_ffn_down.weight	7	266	54	587520
false	blk.26.hc_ffn_inject.weight	1	0	1	40960
false	blk.26.hc_ffn_inject.weight	3	1	1	40960
false	blk.26.hc_ffn_inject.weight	5	2	1	40960
false	blk.26.hc_ffn_inject.weight	7	3	1	40960
false	blk.26.hc_ffn_up.weight	0	0	1706	580040
false	blk.26.hc_ffn_up.weight	1	1706	1707	580380
false	blk.26.hc_ffn_up.weight	3	3413	1707	580380
false	blk.26.hc_ffn_up.weight	4	5120	1706	580040
false	blk.26.hc_ffn_up.weight	5	6826	1707	580380
false	blk.26.hc_ffn_up.weight	7	8533	1707	580380
false	blk.26.ssm_out.weight	0	0	426	2147040
false	blk.26.ssm_out.weight	1	426	427	2152080
false	blk.26.ssm_out.weight	3	853	427	2152080
false	blk.26.ssm_out.weight	4	1280	426	2147040
false	blk.26.ssm_out.weight	5	1706	427	2152080
false	blk.26.ssm_out.weight	7	2133	427	2152080
false	blk.27.attn_k.weight	0	0	85	178500
false	blk.27.attn_k.weight	1	85	85	178500
false	blk.27.attn_k.weight	3	170	86	180600
false	blk.27.attn_k.weight	4	256	85	178500
false	blk.27.attn_k.weight	5	341	85	178500
false	blk.27.attn_k.weight	7	426	86	180600
false	blk.27.attn_output.weight	0	0	426	1799424
false	blk.27.attn_output.weight	1	426	427	1803648
false	blk.27.attn_output.weight	3	853	427	1803648
false	blk.27.attn_output.weight	4	1280	426	1799424
false	blk.27.attn_output.weight	5	1706	427	1803648
false	blk.27.attn_output.weight	7	2133	427	1803648
false	blk.27.attn_q.weight	0	0	2048	3604480
false	blk.27.attn_q.weight	1	2048	2048	3604480
false	blk.27.attn_q.weight	3	4096	2048	3604480
false	blk.27.attn_q.weight	4	6144	2048	3604480
false	blk.27.attn_q.weight	5	8192	2048	3604480
false	blk.27.attn_q.weight	7	10240	2048	3604480
false	blk.27.attn_v.weight	0	0	85	178500
false	blk.27.attn_v.weight	1	85	85	178500
false	blk.27.attn_v.weight	3	170	86	180600
false	blk.27.attn_v.weight	4	256	85	178500
false	blk.27.attn_v.weight	5	341	85	178500
false	blk.27.attn_v.weight	7	426	86	180600
false	blk.27.ffn_down_shexp.weight	0	0	426	289680
false	blk.27.ffn_down_shexp.weight	1	426	427	290360
false	blk.27.ffn_down_shexp.weight	3	853	427	290360
false	blk.27.ffn_down_shexp.weight	4	1280	426	289680
false	blk.27.ffn_down_shexp.weight	5	1706	427	290360
false	blk.27.ffn_down_shexp.weight	7	2133	427	290360
false	blk.27.ffn_gate_inp.weight	0	0	85	870400
false	blk.27.ffn_gate_inp.weight	1	85	85	870400
false	blk.27.ffn_gate_inp.weight	3	170	86	880640
false	blk.27.ffn_gate_inp.weight	4	256	85	870400
false	blk.27.ffn_gate_inp.weight	5	341	85	870400
false	blk.27.ffn_gate_inp.weight	7	426	86	880640
false	blk.27.ffn_gate_shexp.weight	0	0	106	186560
false	blk.27.ffn_gate_shexp.weight	1	106	107	188320
false	blk.27.ffn_gate_shexp.weight	3	213	107	188320
false	blk.27.ffn_gate_shexp.weight	4	320	106	186560
false	blk.27.ffn_gate_shexp.weight	5	426	107	188320
false	blk.27.ffn_gate_shexp.weight	7	533	107	188320
false	blk.27.ffn_up_shexp.weight	0	0	106	186560
false	blk.27.ffn_up_shexp.weight	1	106	107	188320
false	blk.27.ffn_up_shexp.weight	3	213	107	188320
false	blk.27.ffn_up_shexp.weight	4	320	106	186560
false	blk.27.ffn_up_shexp.weight	5	426	107	188320
false	blk.27.ffn_up_shexp.weight	7	533	107	188320
false	blk.27.hc_attn_down.weight	0	0	53	576640
false	blk.27.hc_attn_down.weight	1	53	53	576640
false	blk.27.hc_attn_down.weight	3	106	54	587520
false	blk.27.hc_attn_down.weight	4	160	53	576640
false	blk.27.hc_attn_down.weight	5	213	53	576640
false	blk.27.hc_attn_down.weight	7	266	54	587520
false	blk.27.hc_attn_inject.weight	1	0	1	40960
false	blk.27.hc_attn_inject.weight	3	1	1	40960
false	blk.27.hc_attn_inject.weight	5	2	1	40960
false	blk.27.hc_attn_inject.weight	7	3	1	40960
false	blk.27.hc_attn_up.weight	0	0	1706	580040
false	blk.27.hc_attn_up.weight	1	1706	1707	580380
false	blk.27.hc_attn_up.weight	3	3413	1707	580380
false	blk.27.hc_attn_up.weight	4	5120	1706	580040
false	blk.27.hc_attn_up.weight	5	6826	1707	580380
false	blk.27.hc_attn_up.weight	7	8533	1707	580380
false	blk.27.hc_ffn_down.weight	0	0	53	576640
false	blk.27.hc_ffn_down.weight	1	53	53	576640
false	blk.27.hc_ffn_down.weight	3	106	54	587520
false	blk.27.hc_ffn_down.weight	4	160	53	576640
false	blk.27.hc_ffn_down.weight	5	213	53	576640
false	blk.27.hc_ffn_down.weight	7	266	54	587520
false	blk.27.hc_ffn_inject.weight	1	0	1	40960
false	blk.27.hc_ffn_inject.weight	3	1	1	40960
false	blk.27.hc_ffn_inject.weight	5	2	1	40960
false	blk.27.hc_ffn_inject.weight	7	3	1	40960
false	blk.27.hc_ffn_up.weight	0	0	1706	580040
false	blk.27.hc_ffn_up.weight	1	1706	1707	580380
false	blk.27.hc_ffn_up.weight	3	3413	1707	580380
false	blk.27.hc_ffn_up.weight	4	5120	1706	580040
false	blk.27.hc_ffn_up.weight	5	6826	1707	580380
false	blk.27.hc_ffn_up.weight	7	8533	1707	580380
false	blk.27.indexer.k_proj.weight	0	0	21	107520
false	blk.27.indexer.k_proj.weight	1	21	21	107520
false	blk.27.indexer.k_proj.weight	3	42	22	112640
false	blk.27.indexer.k_proj.weight	4	64	21	107520
false	blk.27.indexer.k_proj.weight	5	85	21	107520
false	blk.27.indexer.k_proj.weight	7	106	22	112640
false	blk.27.indexer.q_proj.weight	0	0	85	435200
false	blk.27.indexer.q_proj.weight	1	85	85	435200
false	blk.27.indexer.q_proj.weight	3	170	86	440320
false	blk.27.indexer.q_proj.weight	4	256	85	435200
false	blk.27.indexer.q_proj.weight	5	341	85	435200
false	blk.27.indexer.q_proj.weight	7	426	86	440320
false	blk.28.attn_gate.weight	0	0	1024	1802240
false	blk.28.attn_gate.weight	1	1024	1024	1802240
false	blk.28.attn_gate.weight	3	2048	1024	1802240
false	blk.28.attn_gate.weight	4	3072	1024	1802240
false	blk.28.attn_gate.weight	5	4096	1024	1802240
false	blk.28.attn_gate.weight	7	5120	1024	1802240
false	blk.28.attn_qkv.weight	0	0	1706	3002560
false	blk.28.attn_qkv.weight	1	1706	1707	3004320
false	blk.28.attn_qkv.weight	3	3413	1707	3004320
false	blk.28.attn_qkv.weight	4	5120	1706	3002560
false	blk.28.attn_qkv.weight	5	6826	1707	3004320
false	blk.28.attn_qkv.weight	7	8533	1707	3004320
false	blk.28.ffn_down_shexp.weight	0	0	426	289680
false	blk.28.ffn_down_shexp.weight	1	426	427	290360
false	blk.28.ffn_down_shexp.weight	3	853	427	290360
false	blk.28.ffn_down_shexp.weight	4	1280	426	289680
false	blk.28.ffn_down_shexp.weight	5	1706	427	290360
false	blk.28.ffn_down_shexp.weight	7	2133	427	290360
false	blk.28.ffn_gate_inp.weight	0	0	85	870400
false	blk.28.ffn_gate_inp.weight	1	85	85	870400
false	blk.28.ffn_gate_inp.weight	3	170	86	880640
false	blk.28.ffn_gate_inp.weight	4	256	85	870400
false	blk.28.ffn_gate_inp.weight	5	341	85	870400
false	blk.28.ffn_gate_inp.weight	7	426	86	880640
false	blk.28.ffn_gate_shexp.weight	0	0	106	186560
false	blk.28.ffn_gate_shexp.weight	1	106	107	188320
false	blk.28.ffn_gate_shexp.weight	3	213	107	188320
false	blk.28.ffn_gate_shexp.weight	4	320	106	186560
false	blk.28.ffn_gate_shexp.weight	5	426	107	188320
false	blk.28.ffn_gate_shexp.weight	7	533	107	188320
false	blk.28.ffn_up_shexp.weight	0	0	106	186560
false	blk.28.ffn_up_shexp.weight	1	106	107	188320
false	blk.28.ffn_up_shexp.weight	3	213	107	188320
false	blk.28.ffn_up_shexp.weight	4	320	106	186560
false	blk.28.ffn_up_shexp.weight	5	426	107	188320
false	blk.28.ffn_up_shexp.weight	7	533	107	188320
false	blk.28.hc_attn_down.weight	0	0	53	576640
false	blk.28.hc_attn_down.weight	1	53	53	576640
false	blk.28.hc_attn_down.weight	3	106	54	587520
false	blk.28.hc_attn_down.weight	4	160	53	576640
false	blk.28.hc_attn_down.weight	5	213	53	576640
false	blk.28.hc_attn_down.weight	7	266	54	587520
false	blk.28.hc_attn_inject.weight	1	0	1	40960
false	blk.28.hc_attn_inject.weight	3	1	1	40960
false	blk.28.hc_attn_inject.weight	5	2	1	40960
false	blk.28.hc_attn_inject.weight	7	3	1	40960
false	blk.28.hc_attn_up.weight	0	0	1706	580040
false	blk.28.hc_attn_up.weight	1	1706	1707	580380
false	blk.28.hc_attn_up.weight	3	3413	1707	580380
false	blk.28.hc_attn_up.weight	4	5120	1706	580040
false	blk.28.hc_attn_up.weight	5	6826	1707	580380
false	blk.28.hc_attn_up.weight	7	8533	1707	580380
false	blk.28.hc_ffn_down.weight	0	0	53	576640
false	blk.28.hc_ffn_down.weight	1	53	53	576640
false	blk.28.hc_ffn_down.weight	3	106	54	587520
false	blk.28.hc_ffn_down.weight	4	160	53	576640
false	blk.28.hc_ffn_down.weight	5	213	53	576640
false	blk.28.hc_ffn_down.weight	7	266	54	587520
false	blk.28.hc_ffn_inject.weight	1	0	1	40960
false	blk.28.hc_ffn_inject.weight	3	1	1	40960
false	blk.28.hc_ffn_inject.weight	5	2	1	40960
false	blk.28.hc_ffn_inject.weight	7	3	1	40960
false	blk.28.hc_ffn_up.weight	0	0	1706	580040
false	blk.28.hc_ffn_up.weight	1	1706	1707	580380
false	blk.28.hc_ffn_up.weight	3	3413	1707	580380
false	blk.28.hc_ffn_up.weight	4	5120	1706	580040
false	blk.28.hc_ffn_up.weight	5	6826	1707	580380
false	blk.28.hc_ffn_up.weight	7	8533	1707	580380
false	blk.28.ssm_out.weight	0	0	426	2147040
false	blk.28.ssm_out.weight	1	426	427	2152080
false	blk.28.ssm_out.weight	3	853	427	2152080
false	blk.28.ssm_out.weight	4	1280	426	2147040
false	blk.28.ssm_out.weight	5	1706	427	2152080
false	blk.28.ssm_out.weight	7	2133	427	2152080
false	blk.29.attn_gate.weight	0	0	1024	1802240
false	blk.29.attn_gate.weight	1	1024	1024	1802240
false	blk.29.attn_gate.weight	3	2048	1024	1802240
false	blk.29.attn_gate.weight	4	3072	1024	1802240
false	blk.29.attn_gate.weight	5	4096	1024	1802240
false	blk.29.attn_gate.weight	7	5120	1024	1802240
false	blk.29.attn_qkv.weight	0	0	1706	3002560
false	blk.29.attn_qkv.weight	1	1706	1707	3004320
false	blk.29.attn_qkv.weight	3	3413	1707	3004320
false	blk.29.attn_qkv.weight	4	5120	1706	3002560
false	blk.29.attn_qkv.weight	5	6826	1707	3004320
false	blk.29.attn_qkv.weight	7	8533	1707	3004320
false	blk.29.ffn_down_shexp.weight	0	0	426	289680
false	blk.29.ffn_down_shexp.weight	1	426	427	290360
false	blk.29.ffn_down_shexp.weight	3	853	427	290360
false	blk.29.ffn_down_shexp.weight	4	1280	426	289680
false	blk.29.ffn_down_shexp.weight	5	1706	427	290360
false	blk.29.ffn_down_shexp.weight	7	2133	427	290360
false	blk.29.ffn_gate_inp.weight	0	0	85	870400
false	blk.29.ffn_gate_inp.weight	1	85	85	870400
false	blk.29.ffn_gate_inp.weight	3	170	86	880640
false	blk.29.ffn_gate_inp.weight	4	256	85	870400
false	blk.29.ffn_gate_inp.weight	5	341	85	870400
false	blk.29.ffn_gate_inp.weight	7	426	86	880640
false	blk.29.ffn_gate_shexp.weight	0	0	106	186560
false	blk.29.ffn_gate_shexp.weight	1	106	107	188320
false	blk.29.ffn_gate_shexp.weight	3	213	107	188320
false	blk.29.ffn_gate_shexp.weight	4	320	106	186560
false	blk.29.ffn_gate_shexp.weight	5	426	107	188320
false	blk.29.ffn_gate_shexp.weight	7	533	107	188320
false	blk.29.ffn_up_shexp.weight	0	0	106	186560
false	blk.29.ffn_up_shexp.weight	1	106	107	188320
false	blk.29.ffn_up_shexp.weight	3	213	107	188320
false	blk.29.ffn_up_shexp.weight	4	320	106	186560
false	blk.29.ffn_up_shexp.weight	5	426	107	188320
false	blk.29.ffn_up_shexp.weight	7	533	107	188320
false	blk.29.hc_attn_down.weight	0	0	53	576640
false	blk.29.hc_attn_down.weight	1	53	53	576640
false	blk.29.hc_attn_down.weight	3	106	54	587520
false	blk.29.hc_attn_down.weight	4	160	53	576640
false	blk.29.hc_attn_down.weight	5	213	53	576640
false	blk.29.hc_attn_down.weight	7	266	54	587520
false	blk.29.hc_attn_inject.weight	1	0	1	40960
false	blk.29.hc_attn_inject.weight	3	1	1	40960
false	blk.29.hc_attn_inject.weight	5	2	1	40960
false	blk.29.hc_attn_inject.weight	7	3	1	40960
false	blk.29.hc_attn_up.weight	0	0	1706	580040
false	blk.29.hc_attn_up.weight	1	1706	1707	580380
false	blk.29.hc_attn_up.weight	3	3413	1707	580380
false	blk.29.hc_attn_up.weight	4	5120	1706	580040
false	blk.29.hc_attn_up.weight	5	6826	1707	580380
false	blk.29.hc_attn_up.weight	7	8533	1707	580380
false	blk.29.hc_ffn_down.weight	0	0	53	576640
false	blk.29.hc_ffn_down.weight	1	53	53	576640
false	blk.29.hc_ffn_down.weight	3	106	54	587520
false	blk.29.hc_ffn_down.weight	4	160	53	576640
false	blk.29.hc_ffn_down.weight	5	213	53	576640
false	blk.29.hc_ffn_down.weight	7	266	54	587520
false	blk.29.hc_ffn_inject.weight	1	0	1	40960
false	blk.29.hc_ffn_inject.weight	3	1	1	40960
false	blk.29.hc_ffn_inject.weight	5	2	1	40960
false	blk.29.hc_ffn_inject.weight	7	3	1	40960
false	blk.29.hc_ffn_up.weight	0	0	1706	580040
false	blk.29.hc_ffn_up.weight	1	1706	1707	580380
false	blk.29.hc_ffn_up.weight	3	3413	1707	580380
false	blk.29.hc_ffn_up.weight	4	5120	1706	580040
false	blk.29.hc_ffn_up.weight	5	6826	1707	580380
false	blk.29.hc_ffn_up.weight	7	8533	1707	580380
false	blk.29.ssm_out.weight	0	0	426	2147040
false	blk.29.ssm_out.weight	1	426	427	2152080
false	blk.29.ssm_out.weight	3	853	427	2152080
false	blk.29.ssm_out.weight	4	1280	426	2147040
false	blk.29.ssm_out.weight	5	1706	427	2152080
false	blk.29.ssm_out.weight	7	2133	427	2152080
false	blk.30.attn_gate.weight	0	0	1024	1802240
false	blk.30.attn_gate.weight	1	1024	1024	1802240
false	blk.30.attn_gate.weight	3	2048	1024	1802240
false	blk.30.attn_gate.weight	4	3072	1024	1802240
false	blk.30.attn_gate.weight	5	4096	1024	1802240
false	blk.30.attn_gate.weight	7	5120	1024	1802240
false	blk.30.attn_qkv.weight	0	0	1706	3002560
false	blk.30.attn_qkv.weight	1	1706	1707	3004320
false	blk.30.attn_qkv.weight	3	3413	1707	3004320
false	blk.30.attn_qkv.weight	4	5120	1706	3002560
false	blk.30.attn_qkv.weight	5	6826	1707	3004320
false	blk.30.attn_qkv.weight	7	8533	1707	3004320
false	blk.30.ffn_down_shexp.weight	0	0	426	289680
false	blk.30.ffn_down_shexp.weight	1	426	427	290360
false	blk.30.ffn_down_shexp.weight	3	853	427	290360
false	blk.30.ffn_down_shexp.weight	4	1280	426	289680
false	blk.30.ffn_down_shexp.weight	5	1706	427	290360
false	blk.30.ffn_down_shexp.weight	7	2133	427	290360
false	blk.30.ffn_gate_inp.weight	0	0	85	870400
false	blk.30.ffn_gate_inp.weight	1	85	85	870400
false	blk.30.ffn_gate_inp.weight	3	170	86	880640
false	blk.30.ffn_gate_inp.weight	4	256	85	870400
false	blk.30.ffn_gate_inp.weight	5	341	85	870400
false	blk.30.ffn_gate_inp.weight	7	426	86	880640
false	blk.30.ffn_gate_shexp.weight	0	0	106	186560
false	blk.30.ffn_gate_shexp.weight	1	106	107	188320
false	blk.30.ffn_gate_shexp.weight	3	213	107	188320
false	blk.30.ffn_gate_shexp.weight	4	320	106	186560
false	blk.30.ffn_gate_shexp.weight	5	426	107	188320
false	blk.30.ffn_gate_shexp.weight	7	533	107	188320
false	blk.30.ffn_up_shexp.weight	0	0	106	186560
false	blk.30.ffn_up_shexp.weight	1	106	107	188320
false	blk.30.ffn_up_shexp.weight	3	213	107	188320
false	blk.30.ffn_up_shexp.weight	4	320	106	186560
false	blk.30.ffn_up_shexp.weight	5	426	107	188320
false	blk.30.ffn_up_shexp.weight	7	533	107	188320
false	blk.30.hc_attn_down.weight	0	0	53	576640
false	blk.30.hc_attn_down.weight	1	53	53	576640
false	blk.30.hc_attn_down.weight	3	106	54	587520
false	blk.30.hc_attn_down.weight	4	160	53	576640
false	blk.30.hc_attn_down.weight	5	213	53	576640
false	blk.30.hc_attn_down.weight	7	266	54	587520
false	blk.30.hc_attn_inject.weight	1	0	1	40960
false	blk.30.hc_attn_inject.weight	3	1	1	40960
false	blk.30.hc_attn_inject.weight	5	2	1	40960
false	blk.30.hc_attn_inject.weight	7	3	1	40960
false	blk.30.hc_attn_up.weight	0	0	1706	580040
false	blk.30.hc_attn_up.weight	1	1706	1707	580380
false	blk.30.hc_attn_up.weight	3	3413	1707	580380
false	blk.30.hc_attn_up.weight	4	5120	1706	580040
false	blk.30.hc_attn_up.weight	5	6826	1707	580380
false	blk.30.hc_attn_up.weight	7	8533	1707	580380
false	blk.30.hc_ffn_down.weight	0	0	53	576640
false	blk.30.hc_ffn_down.weight	1	53	53	576640
false	blk.30.hc_ffn_down.weight	3	106	54	587520
false	blk.30.hc_ffn_down.weight	4	160	53	576640
false	blk.30.hc_ffn_down.weight	5	213	53	576640
false	blk.30.hc_ffn_down.weight	7	266	54	587520
false	blk.30.hc_ffn_inject.weight	1	0	1	40960
false	blk.30.hc_ffn_inject.weight	3	1	1	40960
false	blk.30.hc_ffn_inject.weight	5	2	1	40960
false	blk.30.hc_ffn_inject.weight	7	3	1	40960
false	blk.30.hc_ffn_up.weight	0	0	1706	580040
false	blk.30.hc_ffn_up.weight	1	1706	1707	580380
false	blk.30.hc_ffn_up.weight	3	3413	1707	580380
false	blk.30.hc_ffn_up.weight	4	5120	1706	580040
false	blk.30.hc_ffn_up.weight	5	6826	1707	580380
false	blk.30.hc_ffn_up.weight	7	8533	1707	580380
false	blk.30.ssm_out.weight	0	0	426	2147040
false	blk.30.ssm_out.weight	1	426	427	2152080
false	blk.30.ssm_out.weight	3	853	427	2152080
false	blk.30.ssm_out.weight	4	1280	426	2147040
false	blk.30.ssm_out.weight	5	1706	427	2152080
false	blk.30.ssm_out.weight	7	2133	427	2152080
false	blk.31.attn_k.weight	0	0	85	178500
false	blk.31.attn_k.weight	1	85	85	178500
false	blk.31.attn_k.weight	3	170	86	180600
false	blk.31.attn_k.weight	4	256	85	178500
false	blk.31.attn_k.weight	5	341	85	178500
false	blk.31.attn_k.weight	7	426	86	180600
false	blk.31.attn_output.weight	0	0	426	1799424
false	blk.31.attn_output.weight	1	426	427	1803648
false	blk.31.attn_output.weight	3	853	427	1803648
false	blk.31.attn_output.weight	4	1280	426	1799424
false	blk.31.attn_output.weight	5	1706	427	1803648
false	blk.31.attn_output.weight	7	2133	427	1803648
false	blk.31.attn_q.weight	0	0	2048	3604480
false	blk.31.attn_q.weight	1	2048	2048	3604480
false	blk.31.attn_q.weight	3	4096	2048	3604480
false	blk.31.attn_q.weight	4	6144	2048	3604480
false	blk.31.attn_q.weight	5	8192	2048	3604480
false	blk.31.attn_q.weight	7	10240	2048	3604480
false	blk.31.attn_v.weight	0	0	85	178500
false	blk.31.attn_v.weight	1	85	85	178500
false	blk.31.attn_v.weight	3	170	86	180600
false	blk.31.attn_v.weight	4	256	85	178500
false	blk.31.attn_v.weight	5	341	85	178500
false	blk.31.attn_v.weight	7	426	86	180600
false	blk.31.ffn_down_shexp.weight	0	0	426	289680
false	blk.31.ffn_down_shexp.weight	1	426	427	290360
false	blk.31.ffn_down_shexp.weight	3	853	427	290360
false	blk.31.ffn_down_shexp.weight	4	1280	426	289680
false	blk.31.ffn_down_shexp.weight	5	1706	427	290360
false	blk.31.ffn_down_shexp.weight	7	2133	427	290360
false	blk.31.ffn_gate_inp.weight	0	0	85	870400
false	blk.31.ffn_gate_inp.weight	1	85	85	870400
false	blk.31.ffn_gate_inp.weight	3	170	86	880640
false	blk.31.ffn_gate_inp.weight	4	256	85	870400
false	blk.31.ffn_gate_inp.weight	5	341	85	870400
false	blk.31.ffn_gate_inp.weight	7	426	86	880640
false	blk.31.ffn_gate_shexp.weight	0	0	106	186560
false	blk.31.ffn_gate_shexp.weight	1	106	107	188320
false	blk.31.ffn_gate_shexp.weight	3	213	107	188320
false	blk.31.ffn_gate_shexp.weight	4	320	106	186560
false	blk.31.ffn_gate_shexp.weight	5	426	107	188320
false	blk.31.ffn_gate_shexp.weight	7	533	107	188320
false	blk.31.ffn_up_shexp.weight	0	0	106	186560
false	blk.31.ffn_up_shexp.weight	1	106	107	188320
false	blk.31.ffn_up_shexp.weight	3	213	107	188320
false	blk.31.ffn_up_shexp.weight	4	320	106	186560
false	blk.31.ffn_up_shexp.weight	5	426	107	188320
false	blk.31.ffn_up_shexp.weight	7	533	107	188320
false	blk.31.hc_attn_down.weight	0	0	53	576640
false	blk.31.hc_attn_down.weight	1	53	53	576640
false	blk.31.hc_attn_down.weight	3	106	54	587520
false	blk.31.hc_attn_down.weight	4	160	53	576640
false	blk.31.hc_attn_down.weight	5	213	53	576640
false	blk.31.hc_attn_down.weight	7	266	54	587520
false	blk.31.hc_attn_inject.weight	1	0	1	40960
false	blk.31.hc_attn_inject.weight	3	1	1	40960
false	blk.31.hc_attn_inject.weight	5	2	1	40960
false	blk.31.hc_attn_inject.weight	7	3	1	40960
false	blk.31.hc_attn_up.weight	0	0	1706	580040
false	blk.31.hc_attn_up.weight	1	1706	1707	580380
false	blk.31.hc_attn_up.weight	3	3413	1707	580380
false	blk.31.hc_attn_up.weight	4	5120	1706	580040
false	blk.31.hc_attn_up.weight	5	6826	1707	580380
false	blk.31.hc_attn_up.weight	7	8533	1707	580380
false	blk.31.hc_ffn_down.weight	0	0	53	576640
false	blk.31.hc_ffn_down.weight	1	53	53	576640
false	blk.31.hc_ffn_down.weight	3	106	54	587520
false	blk.31.hc_ffn_down.weight	4	160	53	576640
false	blk.31.hc_ffn_down.weight	5	213	53	576640
false	blk.31.hc_ffn_down.weight	7	266	54	587520
false	blk.31.hc_ffn_inject.weight	1	0	1	40960
false	blk.31.hc_ffn_inject.weight	3	1	1	40960
false	blk.31.hc_ffn_inject.weight	5	2	1	40960
false	blk.31.hc_ffn_inject.weight	7	3	1	40960
false	blk.31.hc_ffn_up.weight	0	0	1706	580040
false	blk.31.hc_ffn_up.weight	1	1706	1707	580380
false	blk.31.hc_ffn_up.weight	3	3413	1707	580380
false	blk.31.hc_ffn_up.weight	4	5120	1706	580040
false	blk.31.hc_ffn_up.weight	5	6826	1707	580380
false	blk.31.hc_ffn_up.weight	7	8533	1707	580380
false	blk.31.indexer.k_proj.weight	0	0	21	107520
false	blk.31.indexer.k_proj.weight	1	21	21	107520
false	blk.31.indexer.k_proj.weight	3	42	22	112640
false	blk.31.indexer.k_proj.weight	4	64	21	107520
false	blk.31.indexer.k_proj.weight	5	85	21	107520
false	blk.31.indexer.k_proj.weight	7	106	22	112640
false	blk.31.indexer.q_proj.weight	0	0	85	435200
false	blk.31.indexer.q_proj.weight	1	85	85	435200
false	blk.31.indexer.q_proj.weight	3	170	86	440320
false	blk.31.indexer.q_proj.weight	4	256	85	435200
false	blk.31.indexer.q_proj.weight	5	341	85	435200
false	blk.31.indexer.q_proj.weight	7	426	86	440320
false	blk.32.attn_gate.weight	0	0	1024	1802240
false	blk.32.attn_gate.weight	1	1024	1024	1802240
false	blk.32.attn_gate.weight	3	2048	1024	1802240
false	blk.32.attn_gate.weight	4	3072	1024	1802240
false	blk.32.attn_gate.weight	5	4096	1024	1802240
false	blk.32.attn_gate.weight	7	5120	1024	1802240
false	blk.32.attn_qkv.weight	0	0	1706	3002560
false	blk.32.attn_qkv.weight	1	1706	1707	3004320
false	blk.32.attn_qkv.weight	3	3413	1707	3004320
false	blk.32.attn_qkv.weight	4	5120	1706	3002560
false	blk.32.attn_qkv.weight	5	6826	1707	3004320
false	blk.32.attn_qkv.weight	7	8533	1707	3004320
false	blk.32.ffn_down_shexp.weight	0	0	426	289680
false	blk.32.ffn_down_shexp.weight	1	426	427	290360
false	blk.32.ffn_down_shexp.weight	3	853	427	290360
false	blk.32.ffn_down_shexp.weight	4	1280	426	289680
false	blk.32.ffn_down_shexp.weight	5	1706	427	290360
false	blk.32.ffn_down_shexp.weight	7	2133	427	290360
false	blk.32.ffn_gate_inp.weight	0	0	85	870400
false	blk.32.ffn_gate_inp.weight	1	85	85	870400
false	blk.32.ffn_gate_inp.weight	3	170	86	880640
false	blk.32.ffn_gate_inp.weight	4	256	85	870400
false	blk.32.ffn_gate_inp.weight	5	341	85	870400
false	blk.32.ffn_gate_inp.weight	7	426	86	880640
false	blk.32.ffn_gate_shexp.weight	0	0	106	186560
false	blk.32.ffn_gate_shexp.weight	1	106	107	188320
false	blk.32.ffn_gate_shexp.weight	3	213	107	188320
false	blk.32.ffn_gate_shexp.weight	4	320	106	186560
false	blk.32.ffn_gate_shexp.weight	5	426	107	188320
false	blk.32.ffn_gate_shexp.weight	7	533	107	188320
false	blk.32.ffn_up_shexp.weight	0	0	106	186560
false	blk.32.ffn_up_shexp.weight	1	106	107	188320
false	blk.32.ffn_up_shexp.weight	3	213	107	188320
false	blk.32.ffn_up_shexp.weight	4	320	106	186560
false	blk.32.ffn_up_shexp.weight	5	426	107	188320
false	blk.32.ffn_up_shexp.weight	7	533	107	188320
false	blk.32.hc_attn_down.weight	0	0	53	576640
false	blk.32.hc_attn_down.weight	1	53	53	576640
false	blk.32.hc_attn_down.weight	3	106	54	587520
false	blk.32.hc_attn_down.weight	4	160	53	576640
false	blk.32.hc_attn_down.weight	5	213	53	576640
false	blk.32.hc_attn_down.weight	7	266	54	587520
false	blk.32.hc_attn_inject.weight	1	0	1	40960
false	blk.32.hc_attn_inject.weight	3	1	1	40960
false	blk.32.hc_attn_inject.weight	5	2	1	40960
false	blk.32.hc_attn_inject.weight	7	3	1	40960
false	blk.32.hc_attn_up.weight	0	0	1706	580040
false	blk.32.hc_attn_up.weight	1	1706	1707	580380
false	blk.32.hc_attn_up.weight	3	3413	1707	580380
false	blk.32.hc_attn_up.weight	4	5120	1706	580040
false	blk.32.hc_attn_up.weight	5	6826	1707	580380
false	blk.32.hc_attn_up.weight	7	8533	1707	580380
false	blk.32.hc_ffn_down.weight	0	0	53	576640
false	blk.32.hc_ffn_down.weight	1	53	53	576640
false	blk.32.hc_ffn_down.weight	3	106	54	587520
false	blk.32.hc_ffn_down.weight	4	160	53	576640
false	blk.32.hc_ffn_down.weight	5	213	53	576640
false	blk.32.hc_ffn_down.weight	7	266	54	587520
false	blk.32.hc_ffn_inject.weight	1	0	1	40960
false	blk.32.hc_ffn_inject.weight	3	1	1	40960
false	blk.32.hc_ffn_inject.weight	5	2	1	40960
false	blk.32.hc_ffn_inject.weight	7	3	1	40960
false	blk.32.hc_ffn_up.weight	0	0	1706	580040
false	blk.32.hc_ffn_up.weight	1	1706	1707	580380
false	blk.32.hc_ffn_up.weight	3	3413	1707	580380
false	blk.32.hc_ffn_up.weight	4	5120	1706	580040
false	blk.32.hc_ffn_up.weight	5	6826	1707	580380
false	blk.32.hc_ffn_up.weight	7	8533	1707	580380
false	blk.32.ssm_out.weight	0	0	426	2147040
false	blk.32.ssm_out.weight	1	426	427	2152080
false	blk.32.ssm_out.weight	3	853	427	2152080
false	blk.32.ssm_out.weight	4	1280	426	2147040
false	blk.32.ssm_out.weight	5	1706	427	2152080
false	blk.32.ssm_out.weight	7	2133	427	2152080
false	blk.33.attn_gate.weight	0	0	1024	1802240
false	blk.33.attn_gate.weight	1	1024	1024	1802240
false	blk.33.attn_gate.weight	3	2048	1024	1802240
false	blk.33.attn_gate.weight	4	3072	1024	1802240
false	blk.33.attn_gate.weight	5	4096	1024	1802240
false	blk.33.attn_gate.weight	7	5120	1024	1802240
false	blk.33.attn_qkv.weight	0	0	1706	3002560
false	blk.33.attn_qkv.weight	1	1706	1707	3004320
false	blk.33.attn_qkv.weight	3	3413	1707	3004320
false	blk.33.attn_qkv.weight	4	5120	1706	3002560
false	blk.33.attn_qkv.weight	5	6826	1707	3004320
false	blk.33.attn_qkv.weight	7	8533	1707	3004320
false	blk.33.ffn_down_shexp.weight	0	0	426	289680
false	blk.33.ffn_down_shexp.weight	1	426	427	290360
false	blk.33.ffn_down_shexp.weight	3	853	427	290360
false	blk.33.ffn_down_shexp.weight	4	1280	426	289680
false	blk.33.ffn_down_shexp.weight	5	1706	427	290360
false	blk.33.ffn_down_shexp.weight	7	2133	427	290360
false	blk.33.ffn_gate_inp.weight	0	0	85	870400
false	blk.33.ffn_gate_inp.weight	1	85	85	870400
false	blk.33.ffn_gate_inp.weight	3	170	86	880640
false	blk.33.ffn_gate_inp.weight	4	256	85	870400
false	blk.33.ffn_gate_inp.weight	5	341	85	870400
false	blk.33.ffn_gate_inp.weight	7	426	86	880640
false	blk.33.ffn_gate_shexp.weight	0	0	106	186560
false	blk.33.ffn_gate_shexp.weight	1	106	107	188320
false	blk.33.ffn_gate_shexp.weight	3	213	107	188320
false	blk.33.ffn_gate_shexp.weight	4	320	106	186560
false	blk.33.ffn_gate_shexp.weight	5	426	107	188320
false	blk.33.ffn_gate_shexp.weight	7	533	107	188320
false	blk.33.ffn_up_shexp.weight	0	0	106	186560
false	blk.33.ffn_up_shexp.weight	1	106	107	188320
false	blk.33.ffn_up_shexp.weight	3	213	107	188320
false	blk.33.ffn_up_shexp.weight	4	320	106	186560
false	blk.33.ffn_up_shexp.weight	5	426	107	188320
false	blk.33.ffn_up_shexp.weight	7	533	107	188320
false	blk.33.hc_attn_down.weight	0	0	53	576640
false	blk.33.hc_attn_down.weight	1	53	53	576640
false	blk.33.hc_attn_down.weight	3	106	54	587520
false	blk.33.hc_attn_down.weight	4	160	53	576640
false	blk.33.hc_attn_down.weight	5	213	53	576640
false	blk.33.hc_attn_down.weight	7	266	54	587520
false	blk.33.hc_attn_inject.weight	1	0	1	40960
false	blk.33.hc_attn_inject.weight	3	1	1	40960
false	blk.33.hc_attn_inject.weight	5	2	1	40960
false	blk.33.hc_attn_inject.weight	7	3	1	40960
false	blk.33.hc_attn_up.weight	0	0	1706	580040
false	blk.33.hc_attn_up.weight	1	1706	1707	580380
false	blk.33.hc_attn_up.weight	3	3413	1707	580380
false	blk.33.hc_attn_up.weight	4	5120	1706	580040
false	blk.33.hc_attn_up.weight	5	6826	1707	580380
false	blk.33.hc_attn_up.weight	7	8533	1707	580380
false	blk.33.hc_ffn_down.weight	0	0	53	576640
false	blk.33.hc_ffn_down.weight	1	53	53	576640
false	blk.33.hc_ffn_down.weight	3	106	54	587520
false	blk.33.hc_ffn_down.weight	4	160	53	576640
false	blk.33.hc_ffn_down.weight	5	213	53	576640
false	blk.33.hc_ffn_down.weight	7	266	54	587520
false	blk.33.hc_ffn_inject.weight	1	0	1	40960
false	blk.33.hc_ffn_inject.weight	3	1	1	40960
false	blk.33.hc_ffn_inject.weight	5	2	1	40960
false	blk.33.hc_ffn_inject.weight	7	3	1	40960
false	blk.33.hc_ffn_up.weight	0	0	1706	580040
false	blk.33.hc_ffn_up.weight	1	1706	1707	580380
false	blk.33.hc_ffn_up.weight	3	3413	1707	580380
false	blk.33.hc_ffn_up.weight	4	5120	1706	580040
false	blk.33.hc_ffn_up.weight	5	6826	1707	580380
false	blk.33.hc_ffn_up.weight	7	8533	1707	580380
false	blk.33.ssm_out.weight	0	0	426	2147040
false	blk.33.ssm_out.weight	1	426	427	2152080
false	blk.33.ssm_out.weight	3	853	427	2152080
false	blk.33.ssm_out.weight	4	1280	426	2147040
false	blk.33.ssm_out.weight	5	1706	427	2152080
false	blk.33.ssm_out.weight	7	2133	427	2152080
false	blk.34.attn_gate.weight	0	0	1024	1802240
false	blk.34.attn_gate.weight	1	1024	1024	1802240
false	blk.34.attn_gate.weight	3	2048	1024	1802240
false	blk.34.attn_gate.weight	4	3072	1024	1802240
false	blk.34.attn_gate.weight	5	4096	1024	1802240
false	blk.34.attn_gate.weight	7	5120	1024	1802240
false	blk.34.attn_qkv.weight	0	0	1706	3002560
false	blk.34.attn_qkv.weight	1	1706	1707	3004320
false	blk.34.attn_qkv.weight	3	3413	1707	3004320
false	blk.34.attn_qkv.weight	4	5120	1706	3002560
false	blk.34.attn_qkv.weight	5	6826	1707	3004320
false	blk.34.attn_qkv.weight	7	8533	1707	3004320
false	blk.34.ffn_down_shexp.weight	0	0	426	289680
false	blk.34.ffn_down_shexp.weight	1	426	427	290360
false	blk.34.ffn_down_shexp.weight	3	853	427	290360
false	blk.34.ffn_down_shexp.weight	4	1280	426	289680
false	blk.34.ffn_down_shexp.weight	5	1706	427	290360
false	blk.34.ffn_down_shexp.weight	7	2133	427	290360
false	blk.34.ffn_gate_inp.weight	0	0	85	870400
false	blk.34.ffn_gate_inp.weight	1	85	85	870400
false	blk.34.ffn_gate_inp.weight	3	170	86	880640
false	blk.34.ffn_gate_inp.weight	4	256	85	870400
false	blk.34.ffn_gate_inp.weight	5	341	85	870400
false	blk.34.ffn_gate_inp.weight	7	426	86	880640
false	blk.34.ffn_gate_shexp.weight	0	0	106	186560
false	blk.34.ffn_gate_shexp.weight	1	106	107	188320
false	blk.34.ffn_gate_shexp.weight	3	213	107	188320
false	blk.34.ffn_gate_shexp.weight	4	320	106	186560
false	blk.34.ffn_gate_shexp.weight	5	426	107	188320
false	blk.34.ffn_gate_shexp.weight	7	533	107	188320
false	blk.34.ffn_up_shexp.weight	0	0	106	186560
false	blk.34.ffn_up_shexp.weight	1	106	107	188320
false	blk.34.ffn_up_shexp.weight	3	213	107	188320
false	blk.34.ffn_up_shexp.weight	4	320	106	186560
false	blk.34.ffn_up_shexp.weight	5	426	107	188320
false	blk.34.ffn_up_shexp.weight	7	533	107	188320
false	blk.34.hc_attn_down.weight	0	0	53	576640
false	blk.34.hc_attn_down.weight	1	53	53	576640
false	blk.34.hc_attn_down.weight	3	106	54	587520
false	blk.34.hc_attn_down.weight	4	160	53	576640
false	blk.34.hc_attn_down.weight	5	213	53	576640
false	blk.34.hc_attn_down.weight	7	266	54	587520
false	blk.34.hc_attn_inject.weight	1	0	1	40960
false	blk.34.hc_attn_inject.weight	3	1	1	40960
false	blk.34.hc_attn_inject.weight	5	2	1	40960
false	blk.34.hc_attn_inject.weight	7	3	1	40960
false	blk.34.hc_attn_up.weight	0	0	1706	580040
false	blk.34.hc_attn_up.weight	1	1706	1707	580380
false	blk.34.hc_attn_up.weight	3	3413	1707	580380
false	blk.34.hc_attn_up.weight	4	5120	1706	580040
false	blk.34.hc_attn_up.weight	5	6826	1707	580380
false	blk.34.hc_attn_up.weight	7	8533	1707	580380
false	blk.34.hc_ffn_down.weight	0	0	53	576640
false	blk.34.hc_ffn_down.weight	1	53	53	576640
false	blk.34.hc_ffn_down.weight	3	106	54	587520
false	blk.34.hc_ffn_down.weight	4	160	53	576640
false	blk.34.hc_ffn_down.weight	5	213	53	576640
false	blk.34.hc_ffn_down.weight	7	266	54	587520
false	blk.34.hc_ffn_inject.weight	1	0	1	40960
false	blk.34.hc_ffn_inject.weight	3	1	1	40960
false	blk.34.hc_ffn_inject.weight	5	2	1	40960
false	blk.34.hc_ffn_inject.weight	7	3	1	40960
false	blk.34.hc_ffn_up.weight	0	0	1706	580040
false	blk.34.hc_ffn_up.weight	1	1706	1707	580380
false	blk.34.hc_ffn_up.weight	3	3413	1707	580380
false	blk.34.hc_ffn_up.weight	4	5120	1706	580040
false	blk.34.hc_ffn_up.weight	5	6826	1707	580380
false	blk.34.hc_ffn_up.weight	7	8533	1707	580380
false	blk.34.ssm_out.weight	0	0	426	2147040
false	blk.34.ssm_out.weight	1	426	427	2152080
false	blk.34.ssm_out.weight	3	853	427	2152080
false	blk.34.ssm_out.weight	4	1280	426	2147040
false	blk.34.ssm_out.weight	5	1706	427	2152080
false	blk.34.ssm_out.weight	7	2133	427	2152080
false	blk.35.attn_k.weight	0	0	85	178500
false	blk.35.attn_k.weight	1	85	85	178500
false	blk.35.attn_k.weight	3	170	86	180600
false	blk.35.attn_k.weight	4	256	85	178500
false	blk.35.attn_k.weight	5	341	85	178500
false	blk.35.attn_k.weight	7	426	86	180600
false	blk.35.attn_output.weight	0	0	426	1799424
false	blk.35.attn_output.weight	1	426	427	1803648
false	blk.35.attn_output.weight	3	853	427	1803648
false	blk.35.attn_output.weight	4	1280	426	1799424
false	blk.35.attn_output.weight	5	1706	427	1803648
false	blk.35.attn_output.weight	7	2133	427	1803648
false	blk.35.attn_q.weight	0	0	2048	3604480
false	blk.35.attn_q.weight	1	2048	2048	3604480
false	blk.35.attn_q.weight	3	4096	2048	3604480
false	blk.35.attn_q.weight	4	6144	2048	3604480
false	blk.35.attn_q.weight	5	8192	2048	3604480
false	blk.35.attn_q.weight	7	10240	2048	3604480
false	blk.35.attn_v.weight	0	0	85	178500
false	blk.35.attn_v.weight	1	85	85	178500
false	blk.35.attn_v.weight	3	170	86	180600
false	blk.35.attn_v.weight	4	256	85	178500
false	blk.35.attn_v.weight	5	341	85	178500
false	blk.35.attn_v.weight	7	426	86	180600
false	blk.35.ffn_down_shexp.weight	0	0	426	289680
false	blk.35.ffn_down_shexp.weight	1	426	427	290360
false	blk.35.ffn_down_shexp.weight	3	853	427	290360
false	blk.35.ffn_down_shexp.weight	4	1280	426	289680
false	blk.35.ffn_down_shexp.weight	5	1706	427	290360
false	blk.35.ffn_down_shexp.weight	7	2133	427	290360
false	blk.35.ffn_gate_inp.weight	0	0	85	870400
false	blk.35.ffn_gate_inp.weight	1	85	85	870400
false	blk.35.ffn_gate_inp.weight	3	170	86	880640
false	blk.35.ffn_gate_inp.weight	4	256	85	870400
false	blk.35.ffn_gate_inp.weight	5	341	85	870400
false	blk.35.ffn_gate_inp.weight	7	426	86	880640
false	blk.35.ffn_gate_shexp.weight	0	0	106	186560
false	blk.35.ffn_gate_shexp.weight	1	106	107	188320
false	blk.35.ffn_gate_shexp.weight	3	213	107	188320
false	blk.35.ffn_gate_shexp.weight	4	320	106	186560
false	blk.35.ffn_gate_shexp.weight	5	426	107	188320
false	blk.35.ffn_gate_shexp.weight	7	533	107	188320
false	blk.35.ffn_up_shexp.weight	0	0	106	186560
false	blk.35.ffn_up_shexp.weight	1	106	107	188320
false	blk.35.ffn_up_shexp.weight	3	213	107	188320
false	blk.35.ffn_up_shexp.weight	4	320	106	186560
false	blk.35.ffn_up_shexp.weight	5	426	107	188320
false	blk.35.ffn_up_shexp.weight	7	533	107	188320
false	blk.35.hc_attn_down.weight	0	0	53	576640
false	blk.35.hc_attn_down.weight	1	53	53	576640
false	blk.35.hc_attn_down.weight	3	106	54	587520
false	blk.35.hc_attn_down.weight	4	160	53	576640
false	blk.35.hc_attn_down.weight	5	213	53	576640
false	blk.35.hc_attn_down.weight	7	266	54	587520
false	blk.35.hc_attn_inject.weight	1	0	1	40960
false	blk.35.hc_attn_inject.weight	3	1	1	40960
false	blk.35.hc_attn_inject.weight	5	2	1	40960
false	blk.35.hc_attn_inject.weight	7	3	1	40960
false	blk.35.hc_attn_up.weight	0	0	1706	580040
false	blk.35.hc_attn_up.weight	1	1706	1707	580380
false	blk.35.hc_attn_up.weight	3	3413	1707	580380
false	blk.35.hc_attn_up.weight	4	5120	1706	580040
false	blk.35.hc_attn_up.weight	5	6826	1707	580380
false	blk.35.hc_attn_up.weight	7	8533	1707	580380
false	blk.35.hc_ffn_down.weight	0	0	53	576640
false	blk.35.hc_ffn_down.weight	1	53	53	576640
false	blk.35.hc_ffn_down.weight	3	106	54	587520
false	blk.35.hc_ffn_down.weight	4	160	53	576640
false	blk.35.hc_ffn_down.weight	5	213	53	576640
false	blk.35.hc_ffn_down.weight	7	266	54	587520
false	blk.35.hc_ffn_inject.weight	1	0	1	40960
false	blk.35.hc_ffn_inject.weight	3	1	1	40960
false	blk.35.hc_ffn_inject.weight	5	2	1	40960
false	blk.35.hc_ffn_inject.weight	7	3	1	40960
false	blk.35.hc_ffn_up.weight	0	0	1706	580040
false	blk.35.hc_ffn_up.weight	1	1706	1707	580380
false	blk.35.hc_ffn_up.weight	3	3413	1707	580380
false	blk.35.hc_ffn_up.weight	4	5120	1706	580040
false	blk.35.hc_ffn_up.weight	5	6826	1707	580380
false	blk.35.hc_ffn_up.weight	7	8533	1707	580380
false	blk.35.indexer.k_proj.weight	0	0	21	107520
false	blk.35.indexer.k_proj.weight	1	21	21	107520
false	blk.35.indexer.k_proj.weight	3	42	22	112640
false	blk.35.indexer.k_proj.weight	4	64	21	107520
false	blk.35.indexer.k_proj.weight	5	85	21	107520
false	blk.35.indexer.k_proj.weight	7	106	22	112640
false	blk.35.indexer.q_proj.weight	0	0	85	435200
false	blk.35.indexer.q_proj.weight	1	85	85	435200
false	blk.35.indexer.q_proj.weight	3	170	86	440320
false	blk.35.indexer.q_proj.weight	4	256	85	435200
false	blk.35.indexer.q_proj.weight	5	341	85	435200
false	blk.35.indexer.q_proj.weight	7	426	86	440320
false	blk.36.attn_gate.weight	0	0	1024	1802240
false	blk.36.attn_gate.weight	1	1024	1024	1802240
false	blk.36.attn_gate.weight	3	2048	1024	1802240
false	blk.36.attn_gate.weight	4	3072	1024	1802240
false	blk.36.attn_gate.weight	5	4096	1024	1802240
false	blk.36.attn_gate.weight	7	5120	1024	1802240
false	blk.36.attn_qkv.weight	0	0	1706	3002560
false	blk.36.attn_qkv.weight	1	1706	1707	3004320
false	blk.36.attn_qkv.weight	3	3413	1707	3004320
false	blk.36.attn_qkv.weight	4	5120	1706	3002560
false	blk.36.attn_qkv.weight	5	6826	1707	3004320
false	blk.36.attn_qkv.weight	7	8533	1707	3004320
false	blk.36.ffn_down_shexp.weight	0	0	426	289680
false	blk.36.ffn_down_shexp.weight	1	426	427	290360
false	blk.36.ffn_down_shexp.weight	3	853	427	290360
false	blk.36.ffn_down_shexp.weight	4	1280	426	289680
false	blk.36.ffn_down_shexp.weight	5	1706	427	290360
false	blk.36.ffn_down_shexp.weight	7	2133	427	290360
false	blk.36.ffn_gate_inp.weight	0	0	85	870400
false	blk.36.ffn_gate_inp.weight	1	85	85	870400
false	blk.36.ffn_gate_inp.weight	3	170	86	880640
false	blk.36.ffn_gate_inp.weight	4	256	85	870400
false	blk.36.ffn_gate_inp.weight	5	341	85	870400
false	blk.36.ffn_gate_inp.weight	7	426	86	880640
false	blk.36.ffn_gate_shexp.weight	0	0	106	186560
false	blk.36.ffn_gate_shexp.weight	1	106	107	188320
false	blk.36.ffn_gate_shexp.weight	3	213	107	188320
false	blk.36.ffn_gate_shexp.weight	4	320	106	186560
false	blk.36.ffn_gate_shexp.weight	5	426	107	188320
false	blk.36.ffn_gate_shexp.weight	7	533	107	188320
false	blk.36.ffn_up_shexp.weight	0	0	106	186560
false	blk.36.ffn_up_shexp.weight	1	106	107	188320
false	blk.36.ffn_up_shexp.weight	3	213	107	188320
false	blk.36.ffn_up_shexp.weight	4	320	106	186560
false	blk.36.ffn_up_shexp.weight	5	426	107	188320
false	blk.36.ffn_up_shexp.weight	7	533	107	188320
false	blk.36.hc_attn_down.weight	0	0	53	576640
false	blk.36.hc_attn_down.weight	1	53	53	576640
false	blk.36.hc_attn_down.weight	3	106	54	587520
false	blk.36.hc_attn_down.weight	4	160	53	576640
false	blk.36.hc_attn_down.weight	5	213	53	576640
false	blk.36.hc_attn_down.weight	7	266	54	587520
false	blk.36.hc_attn_inject.weight	1	0	1	40960
false	blk.36.hc_attn_inject.weight	3	1	1	40960
false	blk.36.hc_attn_inject.weight	5	2	1	40960
false	blk.36.hc_attn_inject.weight	7	3	1	40960
false	blk.36.hc_attn_up.weight	0	0	1706	580040
false	blk.36.hc_attn_up.weight	1	1706	1707	580380
false	blk.36.hc_attn_up.weight	3	3413	1707	580380
false	blk.36.hc_attn_up.weight	4	5120	1706	580040
false	blk.36.hc_attn_up.weight	5	6826	1707	580380
false	blk.36.hc_attn_up.weight	7	8533	1707	580380
false	blk.36.hc_ffn_down.weight	0	0	53	576640
false	blk.36.hc_ffn_down.weight	1	53	53	576640
false	blk.36.hc_ffn_down.weight	3	106	54	587520
false	blk.36.hc_ffn_down.weight	4	160	53	576640
false	blk.36.hc_ffn_down.weight	5	213	53	576640
false	blk.36.hc_ffn_down.weight	7	266	54	587520
false	blk.36.hc_ffn_inject.weight	1	0	1	40960
false	blk.36.hc_ffn_inject.weight	3	1	1	40960
false	blk.36.hc_ffn_inject.weight	5	2	1	40960
false	blk.36.hc_ffn_inject.weight	7	3	1	40960
false	blk.36.hc_ffn_up.weight	0	0	1706	580040
false	blk.36.hc_ffn_up.weight	1	1706	1707	580380
false	blk.36.hc_ffn_up.weight	3	3413	1707	580380
false	blk.36.hc_ffn_up.weight	4	5120	1706	580040
false	blk.36.hc_ffn_up.weight	5	6826	1707	580380
false	blk.36.hc_ffn_up.weight	7	8533	1707	580380
false	blk.36.ssm_out.weight	0	0	426	2147040
false	blk.36.ssm_out.weight	1	426	427	2152080
false	blk.36.ssm_out.weight	3	853	427	2152080
false	blk.36.ssm_out.weight	4	1280	426	2147040
false	blk.36.ssm_out.weight	5	1706	427	2152080
false	blk.36.ssm_out.weight	7	2133	427	2152080
false	blk.37.attn_gate.weight	0	0	1024	1802240
false	blk.37.attn_gate.weight	1	1024	1024	1802240
false	blk.37.attn_gate.weight	3	2048	1024	1802240
false	blk.37.attn_gate.weight	4	3072	1024	1802240
false	blk.37.attn_gate.weight	5	4096	1024	1802240
false	blk.37.attn_gate.weight	7	5120	1024	1802240
false	blk.37.attn_qkv.weight	0	0	1706	3002560
false	blk.37.attn_qkv.weight	1	1706	1707	3004320
false	blk.37.attn_qkv.weight	3	3413	1707	3004320
false	blk.37.attn_qkv.weight	4	5120	1706	3002560
false	blk.37.attn_qkv.weight	5	6826	1707	3004320
false	blk.37.attn_qkv.weight	7	8533	1707	3004320
false	blk.37.ffn_down_shexp.weight	0	0	426	289680
false	blk.37.ffn_down_shexp.weight	1	426	427	290360
false	blk.37.ffn_down_shexp.weight	3	853	427	290360
false	blk.37.ffn_down_shexp.weight	4	1280	426	289680
false	blk.37.ffn_down_shexp.weight	5	1706	427	290360
false	blk.37.ffn_down_shexp.weight	7	2133	427	290360
false	blk.37.ffn_gate_inp.weight	0	0	85	870400
false	blk.37.ffn_gate_inp.weight	1	85	85	870400
false	blk.37.ffn_gate_inp.weight	3	170	86	880640
false	blk.37.ffn_gate_inp.weight	4	256	85	870400
false	blk.37.ffn_gate_inp.weight	5	341	85	870400
false	blk.37.ffn_gate_inp.weight	7	426	86	880640
false	blk.37.ffn_gate_shexp.weight	0	0	106	186560
false	blk.37.ffn_gate_shexp.weight	1	106	107	188320
false	blk.37.ffn_gate_shexp.weight	3	213	107	188320
false	blk.37.ffn_gate_shexp.weight	4	320	106	186560
false	blk.37.ffn_gate_shexp.weight	5	426	107	188320
false	blk.37.ffn_gate_shexp.weight	7	533	107	188320
false	blk.37.ffn_up_shexp.weight	0	0	106	186560
false	blk.37.ffn_up_shexp.weight	1	106	107	188320
false	blk.37.ffn_up_shexp.weight	3	213	107	188320
false	blk.37.ffn_up_shexp.weight	4	320	106	186560
false	blk.37.ffn_up_shexp.weight	5	426	107	188320
false	blk.37.ffn_up_shexp.weight	7	533	107	188320
false	blk.37.hc_attn_down.weight	0	0	53	576640
false	blk.37.hc_attn_down.weight	1	53	53	576640
false	blk.37.hc_attn_down.weight	3	106	54	587520
false	blk.37.hc_attn_down.weight	4	160	53	576640
false	blk.37.hc_attn_down.weight	5	213	53	576640
false	blk.37.hc_attn_down.weight	7	266	54	587520
false	blk.37.hc_attn_inject.weight	1	0	1	40960
false	blk.37.hc_attn_inject.weight	3	1	1	40960
false	blk.37.hc_attn_inject.weight	5	2	1	40960
false	blk.37.hc_attn_inject.weight	7	3	1	40960
false	blk.37.hc_attn_up.weight	0	0	1706	580040
false	blk.37.hc_attn_up.weight	1	1706	1707	580380
false	blk.37.hc_attn_up.weight	3	3413	1707	580380
false	blk.37.hc_attn_up.weight	4	5120	1706	580040
false	blk.37.hc_attn_up.weight	5	6826	1707	580380
false	blk.37.hc_attn_up.weight	7	8533	1707	580380
false	blk.37.hc_ffn_down.weight	0	0	53	576640
false	blk.37.hc_ffn_down.weight	1	53	53	576640
false	blk.37.hc_ffn_down.weight	3	106	54	587520
false	blk.37.hc_ffn_down.weight	4	160	53	576640
false	blk.37.hc_ffn_down.weight	5	213	53	576640
false	blk.37.hc_ffn_down.weight	7	266	54	587520
false	blk.37.hc_ffn_inject.weight	1	0	1	40960
false	blk.37.hc_ffn_inject.weight	3	1	1	40960
false	blk.37.hc_ffn_inject.weight	5	2	1	40960
false	blk.37.hc_ffn_inject.weight	7	3	1	40960
false	blk.37.hc_ffn_up.weight	0	0	1706	580040
false	blk.37.hc_ffn_up.weight	1	1706	1707	580380
false	blk.37.hc_ffn_up.weight	3	3413	1707	580380
false	blk.37.hc_ffn_up.weight	4	5120	1706	580040
false	blk.37.hc_ffn_up.weight	5	6826	1707	580380
false	blk.37.hc_ffn_up.weight	7	8533	1707	580380
false	blk.37.ssm_out.weight	0	0	426	2147040
false	blk.37.ssm_out.weight	1	426	427	2152080
false	blk.37.ssm_out.weight	3	853	427	2152080
false	blk.37.ssm_out.weight	4	1280	426	2147040
false	blk.37.ssm_out.weight	5	1706	427	2152080
false	blk.37.ssm_out.weight	7	2133	427	2152080
false	blk.38.attn_gate.weight	0	0	1024	1802240
false	blk.38.attn_gate.weight	1	1024	1024	1802240
false	blk.38.attn_gate.weight	3	2048	1024	1802240
false	blk.38.attn_gate.weight	4	3072	1024	1802240
false	blk.38.attn_gate.weight	5	4096	1024	1802240
false	blk.38.attn_gate.weight	7	5120	1024	1802240
false	blk.38.attn_qkv.weight	0	0	1706	3002560
false	blk.38.attn_qkv.weight	1	1706	1707	3004320
false	blk.38.attn_qkv.weight	3	3413	1707	3004320
false	blk.38.attn_qkv.weight	4	5120	1706	3002560
false	blk.38.attn_qkv.weight	5	6826	1707	3004320
false	blk.38.attn_qkv.weight	7	8533	1707	3004320
false	blk.38.ffn_down_shexp.weight	0	0	426	289680
false	blk.38.ffn_down_shexp.weight	1	426	427	290360
false	blk.38.ffn_down_shexp.weight	3	853	427	290360
false	blk.38.ffn_down_shexp.weight	4	1280	426	289680
false	blk.38.ffn_down_shexp.weight	5	1706	427	290360
false	blk.38.ffn_down_shexp.weight	7	2133	427	290360
false	blk.38.ffn_gate_inp.weight	0	0	85	870400
false	blk.38.ffn_gate_inp.weight	1	85	85	870400
false	blk.38.ffn_gate_inp.weight	3	170	86	880640
false	blk.38.ffn_gate_inp.weight	4	256	85	870400
false	blk.38.ffn_gate_inp.weight	5	341	85	870400
false	blk.38.ffn_gate_inp.weight	7	426	86	880640
false	blk.38.ffn_gate_shexp.weight	0	0	106	186560
false	blk.38.ffn_gate_shexp.weight	1	106	107	188320
false	blk.38.ffn_gate_shexp.weight	3	213	107	188320
false	blk.38.ffn_gate_shexp.weight	4	320	106	186560
false	blk.38.ffn_gate_shexp.weight	5	426	107	188320
false	blk.38.ffn_gate_shexp.weight	7	533	107	188320
false	blk.38.ffn_up_shexp.weight	0	0	106	186560
false	blk.38.ffn_up_shexp.weight	1	106	107	188320
false	blk.38.ffn_up_shexp.weight	3	213	107	188320
false	blk.38.ffn_up_shexp.weight	4	320	106	186560
false	blk.38.ffn_up_shexp.weight	5	426	107	188320
false	blk.38.ffn_up_shexp.weight	7	533	107	188320
false	blk.38.hc_attn_down.weight	0	0	53	576640
false	blk.38.hc_attn_down.weight	1	53	53	576640
false	blk.38.hc_attn_down.weight	3	106	54	587520
false	blk.38.hc_attn_down.weight	4	160	53	576640
false	blk.38.hc_attn_down.weight	5	213	53	576640
false	blk.38.hc_attn_down.weight	7	266	54	587520
false	blk.38.hc_attn_inject.weight	1	0	1	40960
false	blk.38.hc_attn_inject.weight	3	1	1	40960
false	blk.38.hc_attn_inject.weight	5	2	1	40960
false	blk.38.hc_attn_inject.weight	7	3	1	40960
false	blk.38.hc_attn_up.weight	0	0	1706	580040
false	blk.38.hc_attn_up.weight	1	1706	1707	580380
false	blk.38.hc_attn_up.weight	3	3413	1707	580380
false	blk.38.hc_attn_up.weight	4	5120	1706	580040
false	blk.38.hc_attn_up.weight	5	6826	1707	580380
false	blk.38.hc_attn_up.weight	7	8533	1707	580380
false	blk.38.hc_ffn_down.weight	0	0	53	576640
false	blk.38.hc_ffn_down.weight	1	53	53	576640
false	blk.38.hc_ffn_down.weight	3	106	54	587520
false	blk.38.hc_ffn_down.weight	4	160	53	576640
false	blk.38.hc_ffn_down.weight	5	213	53	576640
false	blk.38.hc_ffn_down.weight	7	266	54	587520
false	blk.38.hc_ffn_inject.weight	1	0	1	40960
false	blk.38.hc_ffn_inject.weight	3	1	1	40960
false	blk.38.hc_ffn_inject.weight	5	2	1	40960
false	blk.38.hc_ffn_inject.weight	7	3	1	40960
false	blk.38.hc_ffn_up.weight	0	0	1706	580040
false	blk.38.hc_ffn_up.weight	1	1706	1707	580380
false	blk.38.hc_ffn_up.weight	3	3413	1707	580380
false	blk.38.hc_ffn_up.weight	4	5120	1706	580040
false	blk.38.hc_ffn_up.weight	5	6826	1707	580380
false	blk.38.hc_ffn_up.weight	7	8533	1707	580380
false	blk.38.ssm_out.weight	0	0	426	2147040
false	blk.38.ssm_out.weight	1	426	427	2152080
false	blk.38.ssm_out.weight	3	853	427	2152080
false	blk.38.ssm_out.weight	4	1280	426	2147040
false	blk.38.ssm_out.weight	5	1706	427	2152080
false	blk.38.ssm_out.weight	7	2133	427	2152080
false	blk.39.attn_k.weight	0	0	85	178500
false	blk.39.attn_k.weight	1	85	85	178500
false	blk.39.attn_k.weight	3	170	86	180600
false	blk.39.attn_k.weight	4	256	85	178500
false	blk.39.attn_k.weight	5	341	85	178500
false	blk.39.attn_k.weight	7	426	86	180600
false	blk.39.attn_output.weight	0	0	426	1799424
false	blk.39.attn_output.weight	1	426	427	1803648
false	blk.39.attn_output.weight	3	853	427	1803648
false	blk.39.attn_output.weight	4	1280	426	1799424
false	blk.39.attn_output.weight	5	1706	427	1803648
false	blk.39.attn_output.weight	7	2133	427	1803648
false	blk.39.attn_q.weight	0	0	2048	3604480
false	blk.39.attn_q.weight	1	2048	2048	3604480
false	blk.39.attn_q.weight	3	4096	2048	3604480
false	blk.39.attn_q.weight	4	6144	2048	3604480
false	blk.39.attn_q.weight	5	8192	2048	3604480
false	blk.39.attn_q.weight	7	10240	2048	3604480
false	blk.39.attn_v.weight	0	0	85	178500
false	blk.39.attn_v.weight	1	85	85	178500
false	blk.39.attn_v.weight	3	170	86	180600
false	blk.39.attn_v.weight	4	256	85	178500
false	blk.39.attn_v.weight	5	341	85	178500
false	blk.39.attn_v.weight	7	426	86	180600
false	blk.39.ffn_down_shexp.weight	0	0	426	289680
false	blk.39.ffn_down_shexp.weight	1	426	427	290360
false	blk.39.ffn_down_shexp.weight	3	853	427	290360
false	blk.39.ffn_down_shexp.weight	4	1280	426	289680
false	blk.39.ffn_down_shexp.weight	5	1706	427	290360
false	blk.39.ffn_down_shexp.weight	7	2133	427	290360
false	blk.39.ffn_gate_inp.weight	0	0	85	870400
false	blk.39.ffn_gate_inp.weight	1	85	85	870400
false	blk.39.ffn_gate_inp.weight	3	170	86	880640
false	blk.39.ffn_gate_inp.weight	4	256	85	870400
false	blk.39.ffn_gate_inp.weight	5	341	85	870400
false	blk.39.ffn_gate_inp.weight	7	426	86	880640
false	blk.39.ffn_gate_shexp.weight	0	0	106	186560
false	blk.39.ffn_gate_shexp.weight	1	106	107	188320
false	blk.39.ffn_gate_shexp.weight	3	213	107	188320
false	blk.39.ffn_gate_shexp.weight	4	320	106	186560
false	blk.39.ffn_gate_shexp.weight	5	426	107	188320
false	blk.39.ffn_gate_shexp.weight	7	533	107	188320
false	blk.39.ffn_up_shexp.weight	0	0	106	186560
false	blk.39.ffn_up_shexp.weight	1	106	107	188320
false	blk.39.ffn_up_shexp.weight	3	213	107	188320
false	blk.39.ffn_up_shexp.weight	4	320	106	186560
false	blk.39.ffn_up_shexp.weight	5	426	107	188320
false	blk.39.ffn_up_shexp.weight	7	533	107	188320
false	blk.39.hc_attn_down.weight	0	0	53	576640
false	blk.39.hc_attn_down.weight	1	53	53	576640
false	blk.39.hc_attn_down.weight	3	106	54	587520
false	blk.39.hc_attn_down.weight	4	160	53	576640
false	blk.39.hc_attn_down.weight	5	213	53	576640
false	blk.39.hc_attn_down.weight	7	266	54	587520
false	blk.39.hc_attn_inject.weight	1	0	1	40960
false	blk.39.hc_attn_inject.weight	3	1	1	40960
false	blk.39.hc_attn_inject.weight	5	2	1	40960
false	blk.39.hc_attn_inject.weight	7	3	1	40960
false	blk.39.hc_attn_up.weight	0	0	1706	580040
false	blk.39.hc_attn_up.weight	1	1706	1707	580380
false	blk.39.hc_attn_up.weight	3	3413	1707	580380
false	blk.39.hc_attn_up.weight	4	5120	1706	580040
false	blk.39.hc_attn_up.weight	5	6826	1707	580380
false	blk.39.hc_attn_up.weight	7	8533	1707	580380
false	blk.39.hc_ffn_down.weight	0	0	53	576640
false	blk.39.hc_ffn_down.weight	1	53	53	576640
false	blk.39.hc_ffn_down.weight	3	106	54	587520
false	blk.39.hc_ffn_down.weight	4	160	53	576640
false	blk.39.hc_ffn_down.weight	5	213	53	576640
false	blk.39.hc_ffn_down.weight	7	266	54	587520
false	blk.39.hc_ffn_inject.weight	1	0	1	40960
false	blk.39.hc_ffn_inject.weight	3	1	1	40960
false	blk.39.hc_ffn_inject.weight	5	2	1	40960
false	blk.39.hc_ffn_inject.weight	7	3	1	40960
false	blk.39.hc_ffn_up.weight	0	0	1706	580040
false	blk.39.hc_ffn_up.weight	1	1706	1707	580380
false	blk.39.hc_ffn_up.weight	3	3413	1707	580380
false	blk.39.hc_ffn_up.weight	4	5120	1706	580040
false	blk.39.hc_ffn_up.weight	5	6826	1707	580380
false	blk.39.hc_ffn_up.weight	7	8533	1707	580380
false	blk.39.indexer.k_proj.weight	0	0	21	107520
false	blk.39.indexer.k_proj.weight	1	21	21	107520
false	blk.39.indexer.k_proj.weight	3	42	22	112640
false	blk.39.indexer.k_proj.weight	4	64	21	107520
false	blk.39.indexer.k_proj.weight	5	85	21	107520
false	blk.39.indexer.k_proj.weight	7	106	22	112640
false	blk.39.indexer.q_proj.weight	0	0	85	435200
false	blk.39.indexer.q_proj.weight	1	85	85	435200
false	blk.39.indexer.q_proj.weight	3	170	86	440320
false	blk.39.indexer.q_proj.weight	4	256	85	435200
false	blk.39.indexer.q_proj.weight	5	341	85	435200
false	blk.39.indexer.q_proj.weight	7	426	86	440320
false	blk.40.attn_gate.weight	0	0	1024	1802240
false	blk.40.attn_gate.weight	1	1024	1024	1802240
false	blk.40.attn_gate.weight	3	2048	1024	1802240
false	blk.40.attn_gate.weight	4	3072	1024	1802240
false	blk.40.attn_gate.weight	5	4096	1024	1802240
false	blk.40.attn_gate.weight	7	5120	1024	1802240
false	blk.40.attn_qkv.weight	0	0	1706	3002560
false	blk.40.attn_qkv.weight	1	1706	1707	3004320
false	blk.40.attn_qkv.weight	3	3413	1707	3004320
false	blk.40.attn_qkv.weight	4	5120	1706	3002560
false	blk.40.attn_qkv.weight	5	6826	1707	3004320
false	blk.40.attn_qkv.weight	7	8533	1707	3004320
false	blk.40.ffn_down_shexp.weight	0	0	426	289680
false	blk.40.ffn_down_shexp.weight	1	426	427	290360
false	blk.40.ffn_down_shexp.weight	3	853	427	290360
false	blk.40.ffn_down_shexp.weight	4	1280	426	289680
false	blk.40.ffn_down_shexp.weight	5	1706	427	290360
false	blk.40.ffn_down_shexp.weight	7	2133	427	290360
false	blk.40.ffn_gate_inp.weight	0	0	85	870400
false	blk.40.ffn_gate_inp.weight	1	85	85	870400
false	blk.40.ffn_gate_inp.weight	3	170	86	880640
false	blk.40.ffn_gate_inp.weight	4	256	85	870400
false	blk.40.ffn_gate_inp.weight	5	341	85	870400
false	blk.40.ffn_gate_inp.weight	7	426	86	880640
false	blk.40.ffn_gate_shexp.weight	0	0	106	186560
false	blk.40.ffn_gate_shexp.weight	1	106	107	188320
false	blk.40.ffn_gate_shexp.weight	3	213	107	188320
false	blk.40.ffn_gate_shexp.weight	4	320	106	186560
false	blk.40.ffn_gate_shexp.weight	5	426	107	188320
false	blk.40.ffn_gate_shexp.weight	7	533	107	188320
false	blk.40.ffn_up_shexp.weight	0	0	106	186560
false	blk.40.ffn_up_shexp.weight	1	106	107	188320
false	blk.40.ffn_up_shexp.weight	3	213	107	188320
false	blk.40.ffn_up_shexp.weight	4	320	106	186560
false	blk.40.ffn_up_shexp.weight	5	426	107	188320
false	blk.40.ffn_up_shexp.weight	7	533	107	188320
false	blk.40.hc_attn_down.weight	0	0	53	576640
false	blk.40.hc_attn_down.weight	1	53	53	576640
false	blk.40.hc_attn_down.weight	3	106	54	587520
false	blk.40.hc_attn_down.weight	4	160	53	576640
false	blk.40.hc_attn_down.weight	5	213	53	576640
false	blk.40.hc_attn_down.weight	7	266	54	587520
false	blk.40.hc_attn_inject.weight	1	0	1	40960
false	blk.40.hc_attn_inject.weight	3	1	1	40960
false	blk.40.hc_attn_inject.weight	5	2	1	40960
false	blk.40.hc_attn_inject.weight	7	3	1	40960
false	blk.40.hc_attn_up.weight	0	0	1706	580040
false	blk.40.hc_attn_up.weight	1	1706	1707	580380
false	blk.40.hc_attn_up.weight	3	3413	1707	580380
false	blk.40.hc_attn_up.weight	4	5120	1706	580040
false	blk.40.hc_attn_up.weight	5	6826	1707	580380
false	blk.40.hc_attn_up.weight	7	8533	1707	580380
false	blk.40.hc_ffn_down.weight	0	0	53	576640
false	blk.40.hc_ffn_down.weight	1	53	53	576640
false	blk.40.hc_ffn_down.weight	3	106	54	587520
false	blk.40.hc_ffn_down.weight	4	160	53	576640
false	blk.40.hc_ffn_down.weight	5	213	53	576640
false	blk.40.hc_ffn_down.weight	7	266	54	587520
false	blk.40.hc_ffn_inject.weight	1	0	1	40960
false	blk.40.hc_ffn_inject.weight	3	1	1	40960
false	blk.40.hc_ffn_inject.weight	5	2	1	40960
false	blk.40.hc_ffn_inject.weight	7	3	1	40960
false	blk.40.hc_ffn_up.weight	0	0	1706	580040
false	blk.40.hc_ffn_up.weight	1	1706	1707	580380
false	blk.40.hc_ffn_up.weight	3	3413	1707	580380
false	blk.40.hc_ffn_up.weight	4	5120	1706	580040
false	blk.40.hc_ffn_up.weight	5	6826	1707	580380
false	blk.40.hc_ffn_up.weight	7	8533	1707	580380
false	blk.40.ssm_out.weight	0	0	426	2147040
false	blk.40.ssm_out.weight	1	426	427	2152080
false	blk.40.ssm_out.weight	3	853	427	2152080
false	blk.40.ssm_out.weight	4	1280	426	2147040
false	blk.40.ssm_out.weight	5	1706	427	2152080
false	blk.40.ssm_out.weight	7	2133	427	2152080
false	blk.41.attn_gate.weight	0	0	1024	1802240
false	blk.41.attn_gate.weight	1	1024	1024	1802240
false	blk.41.attn_gate.weight	3	2048	1024	1802240
false	blk.41.attn_gate.weight	4	3072	1024	1802240
false	blk.41.attn_gate.weight	5	4096	1024	1802240
false	blk.41.attn_gate.weight	7	5120	1024	1802240
false	blk.41.attn_qkv.weight	0	0	1706	3002560
false	blk.41.attn_qkv.weight	1	1706	1707	3004320
false	blk.41.attn_qkv.weight	3	3413	1707	3004320
false	blk.41.attn_qkv.weight	4	5120	1706	3002560
false	blk.41.attn_qkv.weight	5	6826	1707	3004320
false	blk.41.attn_qkv.weight	7	8533	1707	3004320
false	blk.41.ffn_down_shexp.weight	0	0	426	289680
false	blk.41.ffn_down_shexp.weight	1	426	427	290360
false	blk.41.ffn_down_shexp.weight	3	853	427	290360
false	blk.41.ffn_down_shexp.weight	4	1280	426	289680
false	blk.41.ffn_down_shexp.weight	5	1706	427	290360
false	blk.41.ffn_down_shexp.weight	7	2133	427	290360
false	blk.41.ffn_gate_inp.weight	0	0	85	870400
false	blk.41.ffn_gate_inp.weight	1	85	85	870400
false	blk.41.ffn_gate_inp.weight	3	170	86	880640
false	blk.41.ffn_gate_inp.weight	4	256	85	870400
false	blk.41.ffn_gate_inp.weight	5	341	85	870400
false	blk.41.ffn_gate_inp.weight	7	426	86	880640
false	blk.41.ffn_gate_shexp.weight	0	0	106	186560
false	blk.41.ffn_gate_shexp.weight	1	106	107	188320
false	blk.41.ffn_gate_shexp.weight	3	213	107	188320
false	blk.41.ffn_gate_shexp.weight	4	320	106	186560
false	blk.41.ffn_gate_shexp.weight	5	426	107	188320
false	blk.41.ffn_gate_shexp.weight	7	533	107	188320
false	blk.41.ffn_up_shexp.weight	0	0	106	186560
false	blk.41.ffn_up_shexp.weight	1	106	107	188320
false	blk.41.ffn_up_shexp.weight	3	213	107	188320
false	blk.41.ffn_up_shexp.weight	4	320	106	186560
false	blk.41.ffn_up_shexp.weight	5	426	107	188320
false	blk.41.ffn_up_shexp.weight	7	533	107	188320
false	blk.41.hc_attn_down.weight	0	0	53	576640
false	blk.41.hc_attn_down.weight	1	53	53	576640
false	blk.41.hc_attn_down.weight	3	106	54	587520
false	blk.41.hc_attn_down.weight	4	160	53	576640
false	blk.41.hc_attn_down.weight	5	213	53	576640
false	blk.41.hc_attn_down.weight	7	266	54	587520
false	blk.41.hc_attn_inject.weight	1	0	1	40960
false	blk.41.hc_attn_inject.weight	3	1	1	40960
false	blk.41.hc_attn_inject.weight	5	2	1	40960
false	blk.41.hc_attn_inject.weight	7	3	1	40960
false	blk.41.hc_attn_up.weight	0	0	1706	580040
false	blk.41.hc_attn_up.weight	1	1706	1707	580380
false	blk.41.hc_attn_up.weight	3	3413	1707	580380
false	blk.41.hc_attn_up.weight	4	5120	1706	580040
false	blk.41.hc_attn_up.weight	5	6826	1707	580380
false	blk.41.hc_attn_up.weight	7	8533	1707	580380
false	blk.41.hc_ffn_down.weight	0	0	53	576640
false	blk.41.hc_ffn_down.weight	1	53	53	576640
false	blk.41.hc_ffn_down.weight	3	106	54	587520
false	blk.41.hc_ffn_down.weight	4	160	53	576640
false	blk.41.hc_ffn_down.weight	5	213	53	576640
false	blk.41.hc_ffn_down.weight	7	266	54	587520
false	blk.41.hc_ffn_inject.weight	1	0	1	40960
false	blk.41.hc_ffn_inject.weight	3	1	1	40960
false	blk.41.hc_ffn_inject.weight	5	2	1	40960
false	blk.41.hc_ffn_inject.weight	7	3	1	40960
false	blk.41.hc_ffn_up.weight	0	0	1706	580040
false	blk.41.hc_ffn_up.weight	1	1706	1707	580380
false	blk.41.hc_ffn_up.weight	3	3413	1707	580380
false	blk.41.hc_ffn_up.weight	4	5120	1706	580040
false	blk.41.hc_ffn_up.weight	5	6826	1707	580380
false	blk.41.hc_ffn_up.weight	7	8533	1707	580380
false	blk.41.ssm_out.weight	0	0	426	2147040
false	blk.41.ssm_out.weight	1	426	427	2152080
false	blk.41.ssm_out.weight	3	853	427	2152080
false	blk.41.ssm_out.weight	4	1280	426	2147040
false	blk.41.ssm_out.weight	5	1706	427	2152080
false	blk.41.ssm_out.weight	7	2133	427	2152080
false	blk.42.attn_gate.weight	0	0	1024	1802240
false	blk.42.attn_gate.weight	1	1024	1024	1802240
false	blk.42.attn_gate.weight	3	2048	1024	1802240
false	blk.42.attn_gate.weight	4	3072	1024	1802240
false	blk.42.attn_gate.weight	5	4096	1024	1802240
false	blk.42.attn_gate.weight	7	5120	1024	1802240
false	blk.42.attn_qkv.weight	0	0	1706	3002560
false	blk.42.attn_qkv.weight	1	1706	1707	3004320
false	blk.42.attn_qkv.weight	3	3413	1707	3004320
false	blk.42.attn_qkv.weight	4	5120	1706	3002560
false	blk.42.attn_qkv.weight	5	6826	1707	3004320
false	blk.42.attn_qkv.weight	7	8533	1707	3004320
false	blk.42.ffn_down_shexp.weight	0	0	426	289680
false	blk.42.ffn_down_shexp.weight	1	426	427	290360
false	blk.42.ffn_down_shexp.weight	3	853	427	290360
false	blk.42.ffn_down_shexp.weight	4	1280	426	289680
false	blk.42.ffn_down_shexp.weight	5	1706	427	290360
false	blk.42.ffn_down_shexp.weight	7	2133	427	290360
false	blk.42.ffn_gate_inp.weight	0	0	85	870400
false	blk.42.ffn_gate_inp.weight	1	85	85	870400
false	blk.42.ffn_gate_inp.weight	3	170	86	880640
false	blk.42.ffn_gate_inp.weight	4	256	85	870400
false	blk.42.ffn_gate_inp.weight	5	341	85	870400
false	blk.42.ffn_gate_inp.weight	7	426	86	880640
false	blk.42.ffn_gate_shexp.weight	0	0	106	186560
false	blk.42.ffn_gate_shexp.weight	1	106	107	188320
false	blk.42.ffn_gate_shexp.weight	3	213	107	188320
false	blk.42.ffn_gate_shexp.weight	4	320	106	186560
false	blk.42.ffn_gate_shexp.weight	5	426	107	188320
false	blk.42.ffn_gate_shexp.weight	7	533	107	188320
false	blk.42.ffn_up_shexp.weight	0	0	106	186560
false	blk.42.ffn_up_shexp.weight	1	106	107	188320
false	blk.42.ffn_up_shexp.weight	3	213	107	188320
false	blk.42.ffn_up_shexp.weight	4	320	106	186560
false	blk.42.ffn_up_shexp.weight	5	426	107	188320
false	blk.42.ffn_up_shexp.weight	7	533	107	188320
false	blk.42.hc_attn_down.weight	0	0	53	576640
false	blk.42.hc_attn_down.weight	1	53	53	576640
false	blk.42.hc_attn_down.weight	3	106	54	587520
false	blk.42.hc_attn_down.weight	4	160	53	576640
false	blk.42.hc_attn_down.weight	5	213	53	576640
false	blk.42.hc_attn_down.weight	7	266	54	587520
false	blk.42.hc_attn_inject.weight	1	0	1	40960
false	blk.42.hc_attn_inject.weight	3	1	1	40960
false	blk.42.hc_attn_inject.weight	5	2	1	40960
false	blk.42.hc_attn_inject.weight	7	3	1	40960
false	blk.42.hc_attn_up.weight	0	0	1706	580040
false	blk.42.hc_attn_up.weight	1	1706	1707	580380
false	blk.42.hc_attn_up.weight	3	3413	1707	580380
false	blk.42.hc_attn_up.weight	4	5120	1706	580040
false	blk.42.hc_attn_up.weight	5	6826	1707	580380
false	blk.42.hc_attn_up.weight	7	8533	1707	580380
false	blk.42.hc_ffn_down.weight	0	0	53	576640
false	blk.42.hc_ffn_down.weight	1	53	53	576640
false	blk.42.hc_ffn_down.weight	3	106	54	587520
false	blk.42.hc_ffn_down.weight	4	160	53	576640
false	blk.42.hc_ffn_down.weight	5	213	53	576640
false	blk.42.hc_ffn_down.weight	7	266	54	587520
false	blk.42.hc_ffn_inject.weight	1	0	1	40960
false	blk.42.hc_ffn_inject.weight	3	1	1	40960
false	blk.42.hc_ffn_inject.weight	5	2	1	40960
false	blk.42.hc_ffn_inject.weight	7	3	1	40960
false	blk.42.hc_ffn_up.weight	0	0	1706	580040
false	blk.42.hc_ffn_up.weight	1	1706	1707	580380
false	blk.42.hc_ffn_up.weight	3	3413	1707	580380
false	blk.42.hc_ffn_up.weight	4	5120	1706	580040
false	blk.42.hc_ffn_up.weight	5	6826	1707	580380
false	blk.42.hc_ffn_up.weight	7	8533	1707	580380
false	blk.42.ssm_out.weight	0	0	426	2147040
false	blk.42.ssm_out.weight	1	426	427	2152080
false	blk.42.ssm_out.weight	3	853	427	2152080
false	blk.42.ssm_out.weight	4	1280	426	2147040
false	blk.42.ssm_out.weight	5	1706	427	2152080
false	blk.42.ssm_out.weight	7	2133	427	2152080
false	blk.43.attn_k.weight	0	0	85	178500
false	blk.43.attn_k.weight	1	85	85	178500
false	blk.43.attn_k.weight	3	170	86	180600
false	blk.43.attn_k.weight	4	256	85	178500
false	blk.43.attn_k.weight	5	341	85	178500
false	blk.43.attn_k.weight	7	426	86	180600
false	blk.43.attn_output.weight	0	0	426	1799424
false	blk.43.attn_output.weight	1	426	427	1803648
false	blk.43.attn_output.weight	3	853	427	1803648
false	blk.43.attn_output.weight	4	1280	426	1799424
false	blk.43.attn_output.weight	5	1706	427	1803648
false	blk.43.attn_output.weight	7	2133	427	1803648
false	blk.43.attn_q.weight	0	0	2048	3604480
false	blk.43.attn_q.weight	1	2048	2048	3604480
false	blk.43.attn_q.weight	3	4096	2048	3604480
false	blk.43.attn_q.weight	4	6144	2048	3604480
false	blk.43.attn_q.weight	5	8192	2048	3604480
false	blk.43.attn_q.weight	7	10240	2048	3604480
false	blk.43.attn_v.weight	0	0	85	178500
false	blk.43.attn_v.weight	1	85	85	178500
false	blk.43.attn_v.weight	3	170	86	180600
false	blk.43.attn_v.weight	4	256	85	178500
false	blk.43.attn_v.weight	5	341	85	178500
false	blk.43.attn_v.weight	7	426	86	180600
false	blk.43.ffn_down_shexp.weight	0	0	426	289680
false	blk.43.ffn_down_shexp.weight	1	426	427	290360
false	blk.43.ffn_down_shexp.weight	3	853	427	290360
false	blk.43.ffn_down_shexp.weight	4	1280	426	289680
false	blk.43.ffn_down_shexp.weight	5	1706	427	290360
false	blk.43.ffn_down_shexp.weight	7	2133	427	290360
false	blk.43.ffn_gate_inp.weight	0	0	85	870400
false	blk.43.ffn_gate_inp.weight	1	85	85	870400
false	blk.43.ffn_gate_inp.weight	3	170	86	880640
false	blk.43.ffn_gate_inp.weight	4	256	85	870400
false	blk.43.ffn_gate_inp.weight	5	341	85	870400
false	blk.43.ffn_gate_inp.weight	7	426	86	880640
false	blk.43.ffn_gate_shexp.weight	0	0	106	186560
false	blk.43.ffn_gate_shexp.weight	1	106	107	188320
false	blk.43.ffn_gate_shexp.weight	3	213	107	188320
false	blk.43.ffn_gate_shexp.weight	4	320	106	186560
false	blk.43.ffn_gate_shexp.weight	5	426	107	188320
false	blk.43.ffn_gate_shexp.weight	7	533	107	188320
false	blk.43.ffn_up_shexp.weight	0	0	106	186560
false	blk.43.ffn_up_shexp.weight	1	106	107	188320
false	blk.43.ffn_up_shexp.weight	3	213	107	188320
false	blk.43.ffn_up_shexp.weight	4	320	106	186560
false	blk.43.ffn_up_shexp.weight	5	426	107	188320
false	blk.43.ffn_up_shexp.weight	7	533	107	188320
false	blk.43.hc_attn_down.weight	0	0	53	576640
false	blk.43.hc_attn_down.weight	1	53	53	576640
false	blk.43.hc_attn_down.weight	3	106	54	587520
false	blk.43.hc_attn_down.weight	4	160	53	576640
false	blk.43.hc_attn_down.weight	5	213	53	576640
false	blk.43.hc_attn_down.weight	7	266	54	587520
false	blk.43.hc_attn_inject.weight	1	0	1	40960
false	blk.43.hc_attn_inject.weight	3	1	1	40960
false	blk.43.hc_attn_inject.weight	5	2	1	40960
false	blk.43.hc_attn_inject.weight	7	3	1	40960
false	blk.43.hc_attn_up.weight	0	0	1706	580040
false	blk.43.hc_attn_up.weight	1	1706	1707	580380
false	blk.43.hc_attn_up.weight	3	3413	1707	580380
false	blk.43.hc_attn_up.weight	4	5120	1706	580040
false	blk.43.hc_attn_up.weight	5	6826	1707	580380
false	blk.43.hc_attn_up.weight	7	8533	1707	580380
false	blk.43.hc_ffn_down.weight	0	0	53	576640
false	blk.43.hc_ffn_down.weight	1	53	53	576640
false	blk.43.hc_ffn_down.weight	3	106	54	587520
false	blk.43.hc_ffn_down.weight	4	160	53	576640
false	blk.43.hc_ffn_down.weight	5	213	53	576640
false	blk.43.hc_ffn_down.weight	7	266	54	587520
false	blk.43.hc_ffn_inject.weight	1	0	1	40960
false	blk.43.hc_ffn_inject.weight	3	1	1	40960
false	blk.43.hc_ffn_inject.weight	5	2	1	40960
false	blk.43.hc_ffn_inject.weight	7	3	1	40960
false	blk.43.hc_ffn_up.weight	0	0	1706	580040
false	blk.43.hc_ffn_up.weight	1	1706	1707	580380
false	blk.43.hc_ffn_up.weight	3	3413	1707	580380
false	blk.43.hc_ffn_up.weight	4	5120	1706	580040
false	blk.43.hc_ffn_up.weight	5	6826	1707	580380
false	blk.43.hc_ffn_up.weight	7	8533	1707	580380
false	blk.43.indexer.k_proj.weight	0	0	21	107520
false	blk.43.indexer.k_proj.weight	1	21	21	107520
false	blk.43.indexer.k_proj.weight	3	42	22	112640
false	blk.43.indexer.k_proj.weight	4	64	21	107520
false	blk.43.indexer.k_proj.weight	5	85	21	107520
false	blk.43.indexer.k_proj.weight	7	106	22	112640
false	blk.43.indexer.q_proj.weight	0	0	85	435200
false	blk.43.indexer.q_proj.weight	1	85	85	435200
false	blk.43.indexer.q_proj.weight	3	170	86	440320
false	blk.43.indexer.q_proj.weight	4	256	85	435200
false	blk.43.indexer.q_proj.weight	5	341	85	435200
false	blk.43.indexer.q_proj.weight	7	426	86	440320
false	blk.44.attn_gate.weight	0	0	1024	1802240
false	blk.44.attn_gate.weight	1	1024	1024	1802240
false	blk.44.attn_gate.weight	3	2048	1024	1802240
false	blk.44.attn_gate.weight	4	3072	1024	1802240
false	blk.44.attn_gate.weight	5	4096	1024	1802240
false	blk.44.attn_gate.weight	7	5120	1024	1802240
false	blk.44.attn_qkv.weight	0	0	1706	3002560
false	blk.44.attn_qkv.weight	1	1706	1707	3004320
false	blk.44.attn_qkv.weight	3	3413	1707	3004320
false	blk.44.attn_qkv.weight	4	5120	1706	3002560
false	blk.44.attn_qkv.weight	5	6826	1707	3004320
false	blk.44.attn_qkv.weight	7	8533	1707	3004320
false	blk.44.ffn_down_shexp.weight	0	0	426	289680
false	blk.44.ffn_down_shexp.weight	1	426	427	290360
false	blk.44.ffn_down_shexp.weight	3	853	427	290360
false	blk.44.ffn_down_shexp.weight	4	1280	426	289680
false	blk.44.ffn_down_shexp.weight	5	1706	427	290360
false	blk.44.ffn_down_shexp.weight	7	2133	427	290360
false	blk.44.ffn_gate_inp.weight	0	0	85	870400
false	blk.44.ffn_gate_inp.weight	1	85	85	870400
false	blk.44.ffn_gate_inp.weight	3	170	86	880640
false	blk.44.ffn_gate_inp.weight	4	256	85	870400
false	blk.44.ffn_gate_inp.weight	5	341	85	870400
false	blk.44.ffn_gate_inp.weight	7	426	86	880640
false	blk.44.ffn_gate_shexp.weight	0	0	106	186560
false	blk.44.ffn_gate_shexp.weight	1	106	107	188320
false	blk.44.ffn_gate_shexp.weight	3	213	107	188320
false	blk.44.ffn_gate_shexp.weight	4	320	106	186560
false	blk.44.ffn_gate_shexp.weight	5	426	107	188320
false	blk.44.ffn_gate_shexp.weight	7	533	107	188320
false	blk.44.ffn_up_shexp.weight	0	0	106	186560
false	blk.44.ffn_up_shexp.weight	1	106	107	188320
false	blk.44.ffn_up_shexp.weight	3	213	107	188320
false	blk.44.ffn_up_shexp.weight	4	320	106	186560
false	blk.44.ffn_up_shexp.weight	5	426	107	188320
false	blk.44.ffn_up_shexp.weight	7	533	107	188320
false	blk.44.hc_attn_down.weight	0	0	53	576640
false	blk.44.hc_attn_down.weight	1	53	53	576640
false	blk.44.hc_attn_down.weight	3	106	54	587520
false	blk.44.hc_attn_down.weight	4	160	53	576640
false	blk.44.hc_attn_down.weight	5	213	53	576640
false	blk.44.hc_attn_down.weight	7	266	54	587520
false	blk.44.hc_attn_inject.weight	1	0	1	40960
false	blk.44.hc_attn_inject.weight	3	1	1	40960
false	blk.44.hc_attn_inject.weight	5	2	1	40960
false	blk.44.hc_attn_inject.weight	7	3	1	40960
false	blk.44.hc_attn_up.weight	0	0	1706	580040
false	blk.44.hc_attn_up.weight	1	1706	1707	580380
false	blk.44.hc_attn_up.weight	3	3413	1707	580380
false	blk.44.hc_attn_up.weight	4	5120	1706	580040
false	blk.44.hc_attn_up.weight	5	6826	1707	580380
false	blk.44.hc_attn_up.weight	7	8533	1707	580380
false	blk.44.hc_ffn_down.weight	0	0	53	576640
false	blk.44.hc_ffn_down.weight	1	53	53	576640
false	blk.44.hc_ffn_down.weight	3	106	54	587520
false	blk.44.hc_ffn_down.weight	4	160	53	576640
false	blk.44.hc_ffn_down.weight	5	213	53	576640
false	blk.44.hc_ffn_down.weight	7	266	54	587520
false	blk.44.hc_ffn_inject.weight	1	0	1	40960
false	blk.44.hc_ffn_inject.weight	3	1	1	40960
false	blk.44.hc_ffn_inject.weight	5	2	1	40960
false	blk.44.hc_ffn_inject.weight	7	3	1	40960
false	blk.44.hc_ffn_up.weight	0	0	1706	580040
false	blk.44.hc_ffn_up.weight	1	1706	1707	580380
false	blk.44.hc_ffn_up.weight	3	3413	1707	580380
false	blk.44.hc_ffn_up.weight	4	5120	1706	580040
false	blk.44.hc_ffn_up.weight	5	6826	1707	580380
false	blk.44.hc_ffn_up.weight	7	8533	1707	580380
false	blk.44.ssm_out.weight	0	0	426	2147040
false	blk.44.ssm_out.weight	1	426	427	2152080
false	blk.44.ssm_out.weight	3	853	427	2152080
false	blk.44.ssm_out.weight	4	1280	426	2147040
false	blk.44.ssm_out.weight	5	1706	427	2152080
false	blk.44.ssm_out.weight	7	2133	427	2152080
false	blk.45.attn_gate.weight	0	0	1024	1802240
false	blk.45.attn_gate.weight	1	1024	1024	1802240
false	blk.45.attn_gate.weight	3	2048	1024	1802240
false	blk.45.attn_gate.weight	4	3072	1024	1802240
false	blk.45.attn_gate.weight	5	4096	1024	1802240
false	blk.45.attn_gate.weight	7	5120	1024	1802240
false	blk.45.attn_qkv.weight	0	0	1706	3002560
false	blk.45.attn_qkv.weight	1	1706	1707	3004320
false	blk.45.attn_qkv.weight	3	3413	1707	3004320
false	blk.45.attn_qkv.weight	4	5120	1706	3002560
false	blk.45.attn_qkv.weight	5	6826	1707	3004320
false	blk.45.attn_qkv.weight	7	8533	1707	3004320
false	blk.45.ffn_down_shexp.weight	0	0	426	289680
false	blk.45.ffn_down_shexp.weight	1	426	427	290360
false	blk.45.ffn_down_shexp.weight	3	853	427	290360
false	blk.45.ffn_down_shexp.weight	4	1280	426	289680
false	blk.45.ffn_down_shexp.weight	5	1706	427	290360
false	blk.45.ffn_down_shexp.weight	7	2133	427	290360
false	blk.45.ffn_gate_inp.weight	0	0	85	870400
false	blk.45.ffn_gate_inp.weight	1	85	85	870400
false	blk.45.ffn_gate_inp.weight	3	170	86	880640
false	blk.45.ffn_gate_inp.weight	4	256	85	870400
false	blk.45.ffn_gate_inp.weight	5	341	85	870400
false	blk.45.ffn_gate_inp.weight	7	426	86	880640
false	blk.45.ffn_gate_shexp.weight	0	0	106	186560
false	blk.45.ffn_gate_shexp.weight	1	106	107	188320
false	blk.45.ffn_gate_shexp.weight	3	213	107	188320
false	blk.45.ffn_gate_shexp.weight	4	320	106	186560
false	blk.45.ffn_gate_shexp.weight	5	426	107	188320
false	blk.45.ffn_gate_shexp.weight	7	533	107	188320
false	blk.45.ffn_up_shexp.weight	0	0	106	186560
false	blk.45.ffn_up_shexp.weight	1	106	107	188320
false	blk.45.ffn_up_shexp.weight	3	213	107	188320
false	blk.45.ffn_up_shexp.weight	4	320	106	186560
false	blk.45.ffn_up_shexp.weight	5	426	107	188320
false	blk.45.ffn_up_shexp.weight	7	533	107	188320
false	blk.45.hc_attn_down.weight	0	0	53	576640
false	blk.45.hc_attn_down.weight	1	53	53	576640
false	blk.45.hc_attn_down.weight	3	106	54	587520
false	blk.45.hc_attn_down.weight	4	160	53	576640
false	blk.45.hc_attn_down.weight	5	213	53	576640
false	blk.45.hc_attn_down.weight	7	266	54	587520
false	blk.45.hc_attn_inject.weight	1	0	1	40960
false	blk.45.hc_attn_inject.weight	3	1	1	40960
false	blk.45.hc_attn_inject.weight	5	2	1	40960
false	blk.45.hc_attn_inject.weight	7	3	1	40960
false	blk.45.hc_attn_up.weight	0	0	1706	580040
false	blk.45.hc_attn_up.weight	1	1706	1707	580380
false	blk.45.hc_attn_up.weight	3	3413	1707	580380
false	blk.45.hc_attn_up.weight	4	5120	1706	580040
false	blk.45.hc_attn_up.weight	5	6826	1707	580380
false	blk.45.hc_attn_up.weight	7	8533	1707	580380
false	blk.45.hc_ffn_down.weight	0	0	53	576640
false	blk.45.hc_ffn_down.weight	1	53	53	576640
false	blk.45.hc_ffn_down.weight	3	106	54	587520
false	blk.45.hc_ffn_down.weight	4	160	53	576640
false	blk.45.hc_ffn_down.weight	5	213	53	576640
false	blk.45.hc_ffn_down.weight	7	266	54	587520
false	blk.45.hc_ffn_inject.weight	1	0	1	40960
false	blk.45.hc_ffn_inject.weight	3	1	1	40960
false	blk.45.hc_ffn_inject.weight	5	2	1	40960
false	blk.45.hc_ffn_inject.weight	7	3	1	40960
false	blk.45.hc_ffn_up.weight	0	0	1706	580040
false	blk.45.hc_ffn_up.weight	1	1706	1707	580380
false	blk.45.hc_ffn_up.weight	3	3413	1707	580380
false	blk.45.hc_ffn_up.weight	4	5120	1706	580040
false	blk.45.hc_ffn_up.weight	5	6826	1707	580380
false	blk.45.hc_ffn_up.weight	7	8533	1707	580380
false	blk.45.ssm_out.weight	0	0	426	2147040
false	blk.45.ssm_out.weight	1	426	427	2152080
false	blk.45.ssm_out.weight	3	853	427	2152080
false	blk.45.ssm_out.weight	4	1280	426	2147040
false	blk.45.ssm_out.weight	5	1706	427	2152080
false	blk.45.ssm_out.weight	7	2133	427	2152080
false	blk.46.attn_gate.weight	0	0	1024	1802240
false	blk.46.attn_gate.weight	1	1024	1024	1802240
false	blk.46.attn_gate.weight	3	2048	1024	1802240
false	blk.46.attn_gate.weight	4	3072	1024	1802240
false	blk.46.attn_gate.weight	5	4096	1024	1802240
false	blk.46.attn_gate.weight	7	5120	1024	1802240
false	blk.46.attn_qkv.weight	0	0	1706	3002560
false	blk.46.attn_qkv.weight	1	1706	1707	3004320
false	blk.46.attn_qkv.weight	3	3413	1707	3004320
false	blk.46.attn_qkv.weight	4	5120	1706	3002560
false	blk.46.attn_qkv.weight	5	6826	1707	3004320
false	blk.46.attn_qkv.weight	7	8533	1707	3004320
false	blk.46.ffn_down_shexp.weight	0	0	426	289680
false	blk.46.ffn_down_shexp.weight	1	426	427	290360
false	blk.46.ffn_down_shexp.weight	3	853	427	290360
false	blk.46.ffn_down_shexp.weight	4	1280	426	289680
false	blk.46.ffn_down_shexp.weight	5	1706	427	290360
false	blk.46.ffn_down_shexp.weight	7	2133	427	290360
false	blk.46.ffn_gate_inp.weight	0	0	85	870400
false	blk.46.ffn_gate_inp.weight	1	85	85	870400
false	blk.46.ffn_gate_inp.weight	3	170	86	880640
false	blk.46.ffn_gate_inp.weight	4	256	85	870400
false	blk.46.ffn_gate_inp.weight	5	341	85	870400
false	blk.46.ffn_gate_inp.weight	7	426	86	880640
false	blk.46.ffn_gate_shexp.weight	0	0	106	186560
false	blk.46.ffn_gate_shexp.weight	1	106	107	188320
false	blk.46.ffn_gate_shexp.weight	3	213	107	188320
false	blk.46.ffn_gate_shexp.weight	4	320	106	186560
false	blk.46.ffn_gate_shexp.weight	5	426	107	188320
false	blk.46.ffn_gate_shexp.weight	7	533	107	188320
false	blk.46.ffn_up_shexp.weight	0	0	106	186560
false	blk.46.ffn_up_shexp.weight	1	106	107	188320
false	blk.46.ffn_up_shexp.weight	3	213	107	188320
false	blk.46.ffn_up_shexp.weight	4	320	106	186560
false	blk.46.ffn_up_shexp.weight	5	426	107	188320
false	blk.46.ffn_up_shexp.weight	7	533	107	188320
false	blk.46.hc_attn_down.weight	0	0	53	576640
false	blk.46.hc_attn_down.weight	1	53	53	576640
false	blk.46.hc_attn_down.weight	3	106	54	587520
false	blk.46.hc_attn_down.weight	4	160	53	576640
false	blk.46.hc_attn_down.weight	5	213	53	576640
false	blk.46.hc_attn_down.weight	7	266	54	587520
false	blk.46.hc_attn_inject.weight	1	0	1	40960
false	blk.46.hc_attn_inject.weight	3	1	1	40960
false	blk.46.hc_attn_inject.weight	5	2	1	40960
false	blk.46.hc_attn_inject.weight	7	3	1	40960
false	blk.46.hc_attn_up.weight	0	0	1706	580040
false	blk.46.hc_attn_up.weight	1	1706	1707	580380
false	blk.46.hc_attn_up.weight	3	3413	1707	580380
false	blk.46.hc_attn_up.weight	4	5120	1706	580040
false	blk.46.hc_attn_up.weight	5	6826	1707	580380
false	blk.46.hc_attn_up.weight	7	8533	1707	580380
false	blk.46.hc_ffn_down.weight	0	0	53	576640
false	blk.46.hc_ffn_down.weight	1	53	53	576640
false	blk.46.hc_ffn_down.weight	3	106	54	587520
false	blk.46.hc_ffn_down.weight	4	160	53	576640
false	blk.46.hc_ffn_down.weight	5	213	53	576640
false	blk.46.hc_ffn_down.weight	7	266	54	587520
false	blk.46.hc_ffn_inject.weight	1	0	1	40960
false	blk.46.hc_ffn_inject.weight	3	1	1	40960
false	blk.46.hc_ffn_inject.weight	5	2	1	40960
false	blk.46.hc_ffn_inject.weight	7	3	1	40960
false	blk.46.hc_ffn_up.weight	0	0	1706	580040
false	blk.46.hc_ffn_up.weight	1	1706	1707	580380
false	blk.46.hc_ffn_up.weight	3	3413	1707	580380
false	blk.46.hc_ffn_up.weight	4	5120	1706	580040
false	blk.46.hc_ffn_up.weight	5	6826	1707	580380
false	blk.46.hc_ffn_up.weight	7	8533	1707	580380
false	blk.46.ssm_out.weight	0	0	426	2147040
false	blk.46.ssm_out.weight	1	426	427	2152080
false	blk.46.ssm_out.weight	3	853	427	2152080
false	blk.46.ssm_out.weight	4	1280	426	2147040
false	blk.46.ssm_out.weight	5	1706	427	2152080
false	blk.46.ssm_out.weight	7	2133	427	2152080
false	blk.47.attn_k.weight	0	0	85	178500
false	blk.47.attn_k.weight	1	85	85	178500
false	blk.47.attn_k.weight	3	170	86	180600
false	blk.47.attn_k.weight	4	256	85	178500
false	blk.47.attn_k.weight	5	341	85	178500
false	blk.47.attn_k.weight	7	426	86	180600
false	blk.47.attn_output.weight	0	0	426	1799424
false	blk.47.attn_output.weight	1	426	427	1803648
false	blk.47.attn_output.weight	3	853	427	1803648
false	blk.47.attn_output.weight	4	1280	426	1799424
false	blk.47.attn_output.weight	5	1706	427	1803648
false	blk.47.attn_output.weight	7	2133	427	1803648
false	blk.47.attn_q.weight	0	0	2048	3604480
false	blk.47.attn_q.weight	1	2048	2048	3604480
false	blk.47.attn_q.weight	3	4096	2048	3604480
false	blk.47.attn_q.weight	4	6144	2048	3604480
false	blk.47.attn_q.weight	5	8192	2048	3604480
false	blk.47.attn_q.weight	7	10240	2048	3604480
false	blk.47.attn_v.weight	0	0	85	178500
false	blk.47.attn_v.weight	1	85	85	178500
false	blk.47.attn_v.weight	3	170	86	180600
false	blk.47.attn_v.weight	4	256	85	178500
false	blk.47.attn_v.weight	5	341	85	178500
false	blk.47.attn_v.weight	7	426	86	180600
false	blk.47.ffn_down_shexp.weight	0	0	426	289680
false	blk.47.ffn_down_shexp.weight	1	426	427	290360
false	blk.47.ffn_down_shexp.weight	3	853	427	290360
false	blk.47.ffn_down_shexp.weight	4	1280	426	289680
false	blk.47.ffn_down_shexp.weight	5	1706	427	290360
false	blk.47.ffn_down_shexp.weight	7	2133	427	290360
false	blk.47.ffn_gate_inp.weight	0	0	85	870400
false	blk.47.ffn_gate_inp.weight	1	85	85	870400
false	blk.47.ffn_gate_inp.weight	3	170	86	880640
false	blk.47.ffn_gate_inp.weight	4	256	85	870400
false	blk.47.ffn_gate_inp.weight	5	341	85	870400
false	blk.47.ffn_gate_inp.weight	7	426	86	880640
false	blk.47.ffn_gate_shexp.weight	0	0	106	186560
false	blk.47.ffn_gate_shexp.weight	1	106	107	188320
false	blk.47.ffn_gate_shexp.weight	3	213	107	188320
false	blk.47.ffn_gate_shexp.weight	4	320	106	186560
false	blk.47.ffn_gate_shexp.weight	5	426	107	188320
false	blk.47.ffn_gate_shexp.weight	7	533	107	188320
false	blk.47.ffn_up_shexp.weight	0	0	106	186560
false	blk.47.ffn_up_shexp.weight	1	106	107	188320
false	blk.47.ffn_up_shexp.weight	3	213	107	188320
false	blk.47.ffn_up_shexp.weight	4	320	106	186560
false	blk.47.ffn_up_shexp.weight	5	426	107	188320
false	blk.47.ffn_up_shexp.weight	7	533	107	188320
false	blk.47.hc_attn_down.weight	0	0	53	576640
false	blk.47.hc_attn_down.weight	1	53	53	576640
false	blk.47.hc_attn_down.weight	3	106	54	587520
false	blk.47.hc_attn_down.weight	4	160	53	576640
false	blk.47.hc_attn_down.weight	5	213	53	576640
false	blk.47.hc_attn_down.weight	7	266	54	587520
false	blk.47.hc_attn_inject.weight	1	0	1	40960
false	blk.47.hc_attn_inject.weight	3	1	1	40960
false	blk.47.hc_attn_inject.weight	5	2	1	40960
false	blk.47.hc_attn_inject.weight	7	3	1	40960
false	blk.47.hc_attn_up.weight	0	0	1706	580040
false	blk.47.hc_attn_up.weight	1	1706	1707	580380
false	blk.47.hc_attn_up.weight	3	3413	1707	580380
false	blk.47.hc_attn_up.weight	4	5120	1706	580040
false	blk.47.hc_attn_up.weight	5	6826	1707	580380
false	blk.47.hc_attn_up.weight	7	8533	1707	580380
false	blk.47.hc_ffn_down.weight	0	0	53	576640
false	blk.47.hc_ffn_down.weight	1	53	53	576640
false	blk.47.hc_ffn_down.weight	3	106	54	587520
false	blk.47.hc_ffn_down.weight	4	160	53	576640
false	blk.47.hc_ffn_down.weight	5	213	53	576640
false	blk.47.hc_ffn_down.weight	7	266	54	587520
false	blk.47.hc_ffn_inject.weight	1	0	1	40960
false	blk.47.hc_ffn_inject.weight	3	1	1	40960
false	blk.47.hc_ffn_inject.weight	5	2	1	40960
false	blk.47.hc_ffn_inject.weight	7	3	1	40960
false	blk.47.hc_ffn_up.weight	0	0	1706	580040
false	blk.47.hc_ffn_up.weight	1	1706	1707	580380
false	blk.47.hc_ffn_up.weight	3	3413	1707	580380
false	blk.47.hc_ffn_up.weight	4	5120	1706	580040
false	blk.47.hc_ffn_up.weight	5	6826	1707	580380
false	blk.47.hc_ffn_up.weight	7	8533	1707	580380
false	blk.47.indexer.k_proj.weight	0	0	21	107520
false	blk.47.indexer.k_proj.weight	1	21	21	107520
false	blk.47.indexer.k_proj.weight	3	42	22	112640
false	blk.47.indexer.k_proj.weight	4	64	21	107520
false	blk.47.indexer.k_proj.weight	5	85	21	107520
false	blk.47.indexer.k_proj.weight	7	106	22	112640
false	blk.47.indexer.q_proj.weight	0	0	85	435200
false	blk.47.indexer.q_proj.weight	1	85	85	435200
false	blk.47.indexer.q_proj.weight	3	170	86	440320
false	blk.47.indexer.q_proj.weight	4	256	85	435200
false	blk.47.indexer.q_proj.weight	5	341	85	435200
false	blk.47.indexer.q_proj.weight	7	426	86	440320
true	output.weight	0	0	41386	112569920
true	output.weight	1	41386	41387	112572640
true	output.weight	3	82773	41387	112572640
true	output.weight	4	124160	41386	112569920
true	output.weight	5	165546	41387	112572640
true	output.weight	7	206933	41387	112572640
true	blk.48.attn_k.weight	0	0	85	231200
true	blk.48.attn_k.weight	1	85	85	231200
true	blk.48.attn_k.weight	3	170	86	233920
true	blk.48.attn_k.weight	4	256	85	231200
true	blk.48.attn_k.weight	5	341	85	231200
true	blk.48.attn_k.weight	7	426	86	233920
true	blk.48.attn_output.weight	0	0	426	2780928
true	blk.48.attn_output.weight	1	426	427	2787456
true	blk.48.attn_output.weight	3	853	427	2787456
true	blk.48.attn_output.weight	4	1280	426	2780928
true	blk.48.attn_output.weight	5	1706	427	2787456
true	blk.48.attn_output.weight	7	2133	427	2787456
true	blk.48.attn_q.weight	0	0	2048	5570560
true	blk.48.attn_q.weight	1	2048	2048	5570560
true	blk.48.attn_q.weight	3	4096	2048	5570560
true	blk.48.attn_q.weight	4	6144	2048	5570560
true	blk.48.attn_q.weight	5	8192	2048	5570560
true	blk.48.attn_q.weight	7	10240	2048	5570560
true	blk.48.attn_v.weight	0	0	85	231200
true	blk.48.attn_v.weight	1	85	85	231200
true	blk.48.attn_v.weight	3	170	86	233920
true	blk.48.attn_v.weight	4	256	85	231200
true	blk.48.attn_v.weight	5	341	85	231200
true	blk.48.attn_v.weight	7	426	86	233920
true	blk.48.ffn_down_shexp.weight	0	0	426	289680
true	blk.48.ffn_down_shexp.weight	1	426	427	290360
true	blk.48.ffn_down_shexp.weight	3	853	427	290360
true	blk.48.ffn_down_shexp.weight	4	1280	426	289680
true	blk.48.ffn_down_shexp.weight	5	1706	427	290360
true	blk.48.ffn_down_shexp.weight	7	2133	427	290360
true	blk.48.ffn_gate_inp.weight	0	0	85	870400
true	blk.48.ffn_gate_inp.weight	1	85	85	870400
true	blk.48.ffn_gate_inp.weight	3	170	86	880640
true	blk.48.ffn_gate_inp.weight	4	256	85	870400
true	blk.48.ffn_gate_inp.weight	5	341	85	870400
true	blk.48.ffn_gate_inp.weight	7	426	86	880640
true	blk.48.ffn_gate_shexp.weight	0	0	106	288320
true	blk.48.ffn_gate_shexp.weight	1	106	107	291040
true	blk.48.ffn_gate_shexp.weight	3	213	107	291040
true	blk.48.ffn_gate_shexp.weight	4	320	106	288320
true	blk.48.ffn_gate_shexp.weight	5	426	107	291040
true	blk.48.ffn_gate_shexp.weight	7	533	107	291040
true	blk.48.ffn_up_shexp.weight	0	0	106	288320
true	blk.48.ffn_up_shexp.weight	1	106	107	291040
true	blk.48.ffn_up_shexp.weight	3	213	107	291040
true	blk.48.ffn_up_shexp.weight	4	320	106	288320
true	blk.48.ffn_up_shexp.weight	5	426	107	291040
true	blk.48.ffn_up_shexp.weight	7	533	107	291040
true	blk.48.hc_attn_down.weight	0	0	53	576640
true	blk.48.hc_attn_down.weight	1	53	53	576640
true	blk.48.hc_attn_down.weight	3	106	54	587520
true	blk.48.hc_attn_down.weight	4	160	53	576640
true	blk.48.hc_attn_down.weight	5	213	53	576640
true	blk.48.hc_attn_down.weight	7	266	54	587520
true	blk.48.hc_attn_inject.weight	1	0	1	10880
true	blk.48.hc_attn_inject.weight	3	1	1	10880
true	blk.48.hc_attn_inject.weight	5	2	1	10880
true	blk.48.hc_attn_inject.weight	7	3	1	10880
true	blk.48.hc_attn_up.weight	0	0	1706	580040
true	blk.48.hc_attn_up.weight	1	1706	1707	580380
true	blk.48.hc_attn_up.weight	3	3413	1707	580380
true	blk.48.hc_attn_up.weight	4	5120	1706	580040
true	blk.48.hc_attn_up.weight	5	6826	1707	580380
true	blk.48.hc_attn_up.weight	7	8533	1707	580380
true	blk.48.hc_ffn_down.weight	0	0	53	576640
true	blk.48.hc_ffn_down.weight	1	53	53	576640
true	blk.48.hc_ffn_down.weight	3	106	54	587520
true	blk.48.hc_ffn_down.weight	4	160	53	576640
true	blk.48.hc_ffn_down.weight	5	213	53	576640
true	blk.48.hc_ffn_down.weight	7	266	54	587520
true	blk.48.hc_ffn_inject.weight	1	0	1	10880
true	blk.48.hc_ffn_inject.weight	3	1	1	10880
true	blk.48.hc_ffn_inject.weight	5	2	1	10880
true	blk.48.hc_ffn_inject.weight	7	3	1	10880
true	blk.48.hc_ffn_up.weight	0	0	1706	580040
true	blk.48.hc_ffn_up.weight	1	1706	1707	580380
true	blk.48.hc_ffn_up.weight	3	3413	1707	580380
true	blk.48.hc_ffn_up.weight	4	5120	1706	580040
true	blk.48.hc_ffn_up.weight	5	6826	1707	580380
true	blk.48.hc_ffn_up.weight	7	8533	1707	580380
true	blk.48.indexer.k_proj.weight	0	0	21	107520
true	blk.48.indexer.k_proj.weight	1	21	21	107520
true	blk.48.indexer.k_proj.weight	3	42	22	112640
true	blk.48.indexer.k_proj.weight	4	64	21	107520
true	blk.48.indexer.k_proj.weight	5	85	21	107520
true	blk.48.indexer.k_proj.weight	7	106	22	112640
true	blk.48.indexer.q_proj.weight	0	0	85	435200
true	blk.48.indexer.q_proj.weight	1	85	85	435200
true	blk.48.indexer.q_proj.weight	3	170	86	440320
true	blk.48.indexer.q_proj.weight	4	256	85	435200
true	blk.48.indexer.q_proj.weight	5	341	85	435200
true	blk.48.indexer.q_proj.weight	7	426	86	440320
true	blk.48.nextn.eh_proj.weight	0	0	426	2317440
true	blk.48.nextn.eh_proj.weight	1	426	427	2322880
true	blk.48.nextn.eh_proj.weight	3	853	427	2322880
true	blk.48.nextn.eh_proj.weight	4	1280	426	2317440
true	blk.48.nextn.eh_proj.weight	5	1706	427	2322880
true	blk.48.nextn.eh_proj.weight	7	2133	427	2322880
true	blk.48.nextn.hc_head_down.weight	0	0	53	576640
true	blk.48.nextn.hc_head_down.weight	1	53	53	576640
true	blk.48.nextn.hc_head_down.weight	3	106	54	587520
true	blk.48.nextn.hc_head_down.weight	4	160	53	576640
true	blk.48.nextn.hc_head_down.weight	5	213	53	576640
true	blk.48.nextn.hc_head_down.weight	7	266	54	587520
true	blk.48.nextn.hc_head_up.weight	0	0	1706	580040
true	blk.48.nextn.hc_head_up.weight	1	1706	1707	580380
true	blk.48.nextn.hc_head_up.weight	3	3413	1707	580380
true	blk.48.nextn.hc_head_up.weight	4	5120	1706	580040
true	blk.48.nextn.hc_head_up.weight	5	6826	1707	580380
true	blk.48.nextn.hc_head_up.weight	7	8533	1707	580380
